dataset	paf_file	cm	mc	decode_mode	size_cigar_bytes	size_tp_bytes	num_tracepoints	size_tpa_bytes	encode_runtime_sec	encode_memory_kb	compress_runtime_sec	compress_memory_kb	decompress_runtime_sec	decompress_memory_kb	decode_runtime_sec	decode_memory_kb	num_alignments	score_identical	score_improved	score_degraded
hprcv2-25k	GCA_000001405.15_GRCh38_no_alt_analysis_set.PanSN.merged	diagonal-distance	16	heuristic	21220598135	2232188171	161723100	717915879	39.62	91308	37.6	81128	17.86	10476	2213.38	59532580	8916633	8902170	14463	0
hprcv2-25k	GCA_000001405.15_GRCh38_no_alt_analysis_set.PanSN.merged	diagonal-distance	32	heuristic	21220598135	1841889360	106183202	577208031	40.03	93524	31.89	87260	12.78	10340	1786.66	58583732	8916633	8868742	47891	0
hprcv2-25k	GCA_000001405.15_GRCh38_no_alt_analysis_set.PanSN.merged	diagonal-distance	64	heuristic	21220598135	1617106229	74480143	495053902	40.85	94012	28.03	87256	10.18	10320	1628.59	56833944	8916633	8698049	218584	0
hprcv2-25k	GCA_000001405.15_GRCh38_no_alt_analysis_set.PanSN.merged	edit-distance	128	heuristic	21220598135	1857391391	91012770	560062985	39.75	94124	32.26	85080	13.09	10328	439.2	15090628	8916633	8547120	369513	0
hprcv2-25k	GCA_000001405.15_GRCh38_no_alt_analysis_set.PanSN.merged	edit-distance	16	heuristic	21220598135	4538312905	434179909	1397086791	46.61	99960	67.74	87288	46.39	10612	394.87	10063624	8916633	8911375	5258	0
hprcv2-25k	GCA_000001405.15_GRCh38_no_alt_analysis_set.PanSN.merged	edit-distance	256	heuristic	21220598135	1568355729	57714744	471020865	38.6	87480	27.97	80912	9.94	10212	649.51	15773676	8916633	8207190	709443	0
hprcv2-25k	GCA_000001405.15_GRCh38_no_alt_analysis_set.PanSN.merged	edit-distance	32	heuristic	21220598135	3190529929	250011063	954995586	41.17	97508	50.26	89296	29.03	10356	384.88	12216024	8916633	8903536	13097	0
hprcv2-25k	GCA_000001405.15_GRCh38_no_alt_analysis_set.PanSN.merged	edit-distance	64	heuristic	21220598135	2352772628	148140455	703419905	41.89	94768	38.91	89380	18.83	10460	402.42	14238080	8916633	8865671	50962	0
hprcv2-25k	HG00097_hap1_hprc_r2_v1.0.1.merged	diagonal-distance	16	heuristic	1965214481	209080097	14196196	64400718	3.46	89144	3.38	18188	1.6	4616	57.6	30177752	810363	808956	1407	0
hprcv2-25k	HG00097_hap1_hprc_r2_v1.0.1.merged	diagonal-distance	32	heuristic	1965214481	173331641	9293933	51622597	3.57	85784	2.92	18068	1.19	4628	77.83	38002112	810363	806239	4124	0
hprcv2-25k	HG00097_hap1_hprc_r2_v1.0.1.merged	diagonal-distance	64	heuristic	1965214481	152570855	6472318	44133354	3.44	85024	2.59	18204	0.91	4668	112.28	44022840	810363	794650	15713	0
hprcv2-25k	HG00097_hap1_hprc_r2_v1.0.1.merged	edit-distance	128	heuristic	1965214481	176303028	8103563	51104188	3.57	85780	2.95	18192	1.21	4484	37.68	15889592	810363	786348	24015	0
hprcv2-25k	HG00097_hap1_hprc_r2_v1.0.1.merged	edit-distance	16	heuristic	1965214481	426504256	37875779	128002285	3.8	92344	6.07	18156	4.18	4676	40.16	9514968	810363	809869	494	0
hprcv2-25k	HG00097_hap1_hprc_r2_v1.0.1.merged	edit-distance	256	heuristic	1965214481	151154944	5349217	43335701	3.63	85488	2.59	18180	0.93	4392	58.7	15057540	810363	771519	38844	0
hprcv2-25k	HG00097_hap1_hprc_r2_v1.0.1.merged	edit-distance	32	heuristic	1965214481	297642232	21763635	87176429	3.57	89220	4.55	20268	2.6	4700	28.01	11425100	810363	809193	1170	0
hprcv2-25k	HG00097_hap1_hprc_r2_v1.0.1.merged	edit-distance	64	heuristic	1965214481	220377622	12916861	63975446	3.61	85936	3.48	18264	1.7	4688	31.6	15360844	810363	805447	4916	0
hprcv2-25k	HG00097_hap2_hprc_r2_v1.0.1.merged	diagonal-distance	16	heuristic	2062151849	210075041	15115761	65547104	3.28	88712	3.44	17748	1.7	4624	128.66	55615528	764473	762948	1525	0
hprcv2-25k	HG00097_hap2_hprc_r2_v1.0.1.merged	diagonal-distance	32	heuristic	2062151849	172812093	9967703	52195943	3.42	86468	2.91	19684	1.19	4516	120.93	53160996	764473	759769	4704	0
hprcv2-25k	HG00097_hap2_hprc_r2_v1.0.1.merged	diagonal-distance	64	heuristic	2062151849	150937747	6970356	44278982	3.57	85768	2.53	17836	0.93	4484	124	52321984	764473	746758	17715	0
hprcv2-25k	HG00097_hap2_hprc_r2_v1.0.1.merged	edit-distance	128	heuristic	2062151849	175543480	8644740	51316276	3.4	86684	2.91	17756	1.24	4720	37.97	17289948	764473	738037	26436	0
hprcv2-25k	HG00097_hap2_hprc_r2_v1.0.1.merged	edit-distance	16	heuristic	2062151849	438436939	40290411	132178456	3.83	92900	6.23	17972	4.37	4636	39.91	10148428	764473	763978	495	0
hprcv2-25k	HG00097_hap2_hprc_r2_v1.0.1.merged	edit-distance	256	heuristic	2062151849	148593905	5668185	43003442	3.61	85616	2.55	17816	0.94	4484	60.66	14788060	764473	721688	42785	0
hprcv2-25k	HG00097_hap2_hprc_r2_v1.0.1.merged	edit-distance	32	heuristic	2062151849	303277729	23192844	89283845	3.45	90096	4.53	17840	2.7	4584	28.83	11978484	764473	763189	1284	0
hprcv2-25k	HG00097_hap2_hprc_r2_v1.0.1.merged	edit-distance	64	heuristic	2062151849	222230089	13807499	64945847	3.29	87924	3.56	17704	1.79	4752	32.08	14634772	764473	759090	5383	0
hprcv2-25k	HG00099_hap1_hprc_r2_v1.0.1.merged	diagonal-distance	16	heuristic	1517209648	159457442	11099347	49033161	2.52	89016	2.59	16104	1.24	4492	49.6	28090480	593427	592253	1174	0
hprcv2-25k	HG00099_hap1_hprc_r2_v1.0.1.merged	diagonal-distance	32	heuristic	1517209648	131453857	7246774	39017443	2.68	85948	2.16	16188	0.89	4412	55.79	30024984	593427	590034	3393	0
hprcv2-25k	HG00099_hap1_hprc_r2_v1.0.1.merged	diagonal-distance	64	heuristic	1517209648	115243542	5038705	33165347	2.59	84936	1.94	16060	0.69	4336	88.98	37274224	593427	580609	12818	0
hprcv2-25k	HG00099_hap1_hprc_r2_v1.0.1.merged	edit-distance	128	heuristic	1517209648	133385812	6256941	38397352	2.64	84952	2.21	16112	0.92	4488	28.37	17372588	593427	573991	19436	0
hprcv2-25k	HG00099_hap1_hprc_r2_v1.0.1.merged	edit-distance	16	heuristic	1517209648	327522865	29463331	98218526	3.08	91480	4.72	16164	3.25	4596	27.89	10871624	593427	593019	408	0
hprcv2-25k	HG00099_hap1_hprc_r2_v1.0.1.merged	edit-distance	256	heuristic	1517209648	113686762	4098374	32316322	2.73	84696	1.94	16148	0.71	4204	47.27	16377732	593427	561882	31545	0
hprcv2-25k	HG00099_hap1_hprc_r2_v1.0.1.merged	edit-distance	32	heuristic	1517209648	227783576	16927804	66498091	2.82	88608	3.44	15960	2.03	4572	22.11	12771008	593427	592449	978	0
hprcv2-25k	HG00099_hap1_hprc_r2_v1.0.1.merged	edit-distance	64	heuristic	1517209648	167850833	10043021	48485419	2.54	86456	2.66	16104	1.31	4420	23.99	13817404	593427	589445	3982	0
hprcv2-25k	HG00099_hap2_hprc_r2_v1.0.1.merged	diagonal-distance	16	heuristic	1798819268	187202393	12858191	57574959	3.12	87652	3.01	17300	1.44	4696	62.64	32313820	711009	709768	1241	0
hprcv2-25k	HG00099_hap2_hprc_r2_v1.0.1.merged	diagonal-distance	32	heuristic	1798819268	154492177	8370914	45879324	3.03	86764	2.54	17332	1.05	4608	64.36	31673164	711009	707334	3675	0
hprcv2-25k	HG00099_hap2_hprc_r2_v1.0.1.merged	diagonal-distance	64	heuristic	1798819268	135522875	5796758	39039702	3.13	85676	2.25	17112	0.81	4520	88.7	37343892	711009	696556	14453	0
hprcv2-25k	HG00099_hap2_hprc_r2_v1.0.1.merged	edit-distance	128	heuristic	1798819268	157522665	7321157	45437784	3.34	86612	2.6	17336	1.09	4536	33.26	15705108	711009	689219	21790	0
hprcv2-25k	HG00099_hap2_hprc_r2_v1.0.1.merged	edit-distance	16	heuristic	1798819268	387161040	34646454	115919537	3.5	93280	5.58	17436	3.8	4740	30.2	10098236	711009	710578	431	0
hprcv2-25k	HG00099_hap2_hprc_r2_v1.0.1.merged	edit-distance	256	heuristic	1798819268	134339821	4785601	38298291	3.19	85668	2.31	17300	0.84	4504	55.18	16604644	711009	675824	35185	0
hprcv2-25k	HG00099_hap2_hprc_r2_v1.0.1.merged	edit-distance	32	heuristic	1798819268	268743770	19835874	78448172	3.19	89444	4.08	17408	2.36	4696	25.49	11802628	711009	709951	1058	0
hprcv2-25k	HG00099_hap2_hprc_r2_v1.0.1.merged	edit-distance	64	heuristic	1798819268	198001155	11735526	57225355	3.23	87580	3.16	17232	1.54	4552	27.71	14582400	711009	706482	4527	0
hprcv2-25k	HG00126_hap1_hprc_r2_v1.0.1.merged	diagonal-distance	16	heuristic	1782314697	195900428	13425810	60212724	3.35	88476	3.14	17488	1.51	4476	49.52	28898456	746956	745521	1435	0
hprcv2-25k	HG00126_hap1_hprc_r2_v1.0.1.merged	diagonal-distance	32	heuristic	1782314697	161897401	8733946	48047011	3.02	86988	2.67	17464	1.1	4504	71.28	35504164	746956	742670	4286	0
hprcv2-25k	HG00126_hap1_hprc_r2_v1.0.1.merged	diagonal-distance	64	heuristic	1782314697	142350187	6065199	40993918	3.24	85568	2.37	17364	0.86	4528	123.33	49750980	746956	730907	16049	0
hprcv2-25k	HG00126_hap1_hprc_r2_v1.0.1.merged	edit-distance	128	heuristic	1782314697	163468221	7467638	47146286	3.14	86436	2.72	17600	1.13	4576	32.76	14602412	746956	722330	24626	0
hprcv2-25k	HG00126_hap1_hprc_r2_v1.0.1.merged	edit-distance	16	heuristic	1782314697	392453032	34777210	117897031	3.58	92088	5.64	17588	3.83	4748	32.78	10728616	746956	746482	474	0
hprcv2-25k	HG00126_hap1_hprc_r2_v1.0.1.merged	edit-distance	256	heuristic	1782314697	140239530	4917355	39956571	3.05	85708	2.4	17560	0.86	4532	53.27	15541816	746956	706620	40336	0
hprcv2-25k	HG00126_hap1_hprc_r2_v1.0.1.merged	edit-distance	32	heuristic	1782314697	274908920	20026078	80350237	3.29	89696	4.17	17600	2.44	4696	25.41	12519848	746956	745746	1210	0
hprcv2-25k	HG00126_hap1_hprc_r2_v1.0.1.merged	edit-distance	64	heuristic	1782314697	204187490	11916445	59032835	3.02	88132	3.26	17516	1.59	4600	27.42	14779368	746956	741941	5015	0
hprcv2-25k	HG00126_hap2_hprc_r2_v1.0.1.merged	diagonal-distance	16	heuristic	2419819478	251761820	17285929	77621184	4.41	90168	4.06	21504	1.97	4604	68.85	26765700	961557	959940	1617	0
hprcv2-25k	HG00126_hap2_hprc_r2_v1.0.1.merged	diagonal-distance	32	heuristic	2419819478	208881431	11390236	62297803	4.15	88536	3.47	19408	1.42	4764	79.74	27777644	961557	957048	4509	0
hprcv2-25k	HG00126_hap2_hprc_r2_v1.0.1.merged	diagonal-distance	64	heuristic	2419819478	184192981	8035554	53406538	3.84	88596	3.12	19372	1.1	4752	114.38	35935992	961557	944460	17097	0
hprcv2-25k	HG00126_hap2_hprc_r2_v1.0.1.merged	edit-distance	128	heuristic	2419819478	212640983	9992575	61695127	4.18	89220	3.53	19376	1.5	4656	44.52	15307720	961557	935292	26265	0
hprcv2-25k	HG00126_hap2_hprc_r2_v1.0.1.merged	edit-distance	16	heuristic	2419819478	517733682	46619585	155421032	4.95	96068	7.45	19484	5.13	4992	42.37	10295700	961557	961002	555	0
hprcv2-25k	HG00126_hap2_hprc_r2_v1.0.1.merged	edit-distance	256	heuristic	2419819478	181919131	6608441	52214092	4.24	88176	3.14	19432	1.14	4600	74.31	15549264	961557	918407	43150	0
hprcv2-25k	HG00126_hap2_hprc_r2_v1.0.1.merged	edit-distance	32	heuristic	2419819478	360597052	26791448	105665476	4.46	92488	5.44	19516	3.18	4756	33.53	12658568	961557	960243	1314	0
hprcv2-25k	HG00126_hap2_hprc_r2_v1.0.1.merged	edit-distance	64	heuristic	2419819478	266504731	15925188	77419892	4.21	90828	4.24	19340	2.09	4736	36.97	14474860	961557	956130	5427	0
hprcv2-25k	HG00128_hap1_hprc_r2_v1.0.1.merged	diagonal-distance	16	heuristic	1764783809	189006827	12840071	57978209	3.17	86712	3.06	17396	1.45	4772	59.84	33677852	725934	724656	1278	0
hprcv2-25k	HG00128_hap1_hprc_r2_v1.0.1.merged	diagonal-distance	32	heuristic	1764783809	156500184	8381444	46359096	3.27	85088	2.6	17372	1.06	4496	91.58	40730264	725934	722044	3890	0
hprcv2-25k	HG00128_hap1_hprc_r2_v1.0.1.merged	diagonal-distance	64	heuristic	1764783809	137843035	5849479	39636119	3.18	84692	2.29	17264	0.82	4516	116.96	45370024	725934	710956	14978	0
hprcv2-25k	HG00128_hap1_hprc_r2_v1.0.1.merged	edit-distance	128	heuristic	1764783809	159100710	7303673	45923681	3.14	85164	2.65	17424	1.11	4472	33.31	16578468	725934	703541	22393	0
hprcv2-25k	HG00128_hap1_hprc_r2_v1.0.1.merged	edit-distance	16	heuristic	1764783809	384187112	34120296	115266746	3.4	92100	5.55	17372	3.68	4700	33.92	10125872	725934	725523	411	0
hprcv2-25k	HG00128_hap1_hprc_r2_v1.0.1.merged	edit-distance	256	heuristic	1764783809	136635638	4855242	39008241	3.21	84664	2.38	17448	0.86	4572	51.89	15926232	725934	689537	36397	0
hprcv2-25k	HG00128_hap1_hprc_r2_v1.0.1.merged	edit-distance	32	heuristic	1764783809	268236660	19605948	78447624	3.11	87764	4.03	17464	2.36	4668	25.69	12664288	725934	724864	1070	0
hprcv2-25k	HG00128_hap1_hprc_r2_v1.0.1.merged	edit-distance	64	heuristic	1764783809	198709480	11635348	57518260	3.15	85840	3.16	17432	1.56	4612	27.77	15535436	725934	721383	4551	0
hprcv2-25k	HG00128_hap2_hprc_r2_v1.0.1.merged	diagonal-distance	16	heuristic	1828184921	195380426	13524801	60315374	3.18	87564	3.17	17548	1.52	4756	49.01	28172248	743174	741699	1475	0
hprcv2-25k	HG00128_hap2_hprc_r2_v1.0.1.merged	diagonal-distance	32	heuristic	1828184921	162042469	8917733	48375615	3.28	86904	2.68	17560	1.11	4500	83.69	42240804	743174	739048	4126	0
hprcv2-25k	HG00128_hap2_hprc_r2_v1.0.1.merged	diagonal-distance	64	heuristic	1828184921	142507045	6236867	41300919	3.32	85828	2.37	17644	0.88	4608	123.3	54453260	743174	727902	15272	0
hprcv2-25k	HG00128_hap2_hprc_r2_v1.0.1.merged	edit-distance	128	heuristic	1828184921	163941485	7679766	47521205	3.19	86028	2.75	17628	1.12	4468	33.82	15927052	743174	720554	22620	0
hprcv2-25k	HG00128_hap2_hprc_r2_v1.0.1.merged	edit-distance	16	heuristic	1828184921	396833852	35725508	119246365	3.52	91620	5.74	17708	3.87	4752	31.26	9443600	743174	742695	479	0
hprcv2-25k	HG00128_hap2_hprc_r2_v1.0.1.merged	edit-distance	256	heuristic	1828184921	140209438	5047116	40161778	3.34	83552	2.44	17472	0.87	4540	52.57	14707556	743174	706693	36481	0
hprcv2-25k	HG00128_hap2_hprc_r2_v1.0.1.merged	edit-distance	32	heuristic	1828184921	277252916	20595803	81262544	3.34	89016	4.16	19624	2.45	4592	25.87	13114100	743174	741960	1214	0
hprcv2-25k	HG00128_hap2_hprc_r2_v1.0.1.merged	edit-distance	64	heuristic	1828184921	205333123	12263517	59631874	3.15	87240	3.25	17536	1.61	4684	28.24	13760660	743174	738404	4770	0
hprcv2-25k	HG00133_hap1_hprc_r2_v1.0.1.merged	diagonal-distance	16	heuristic	1754519617	184583534	13009624	57206593	3.16	87588	2.98	17020	1.44	4468	78.74	35485576	689133	687817	1316	0
hprcv2-25k	HG00133_hap1_hprc_r2_v1.0.1.merged	diagonal-distance	32	heuristic	1754519617	152427725	8560450	45681566	2.94	86348	2.52	16720	1.05	4416	76.75	36077748	689133	685381	3752	0
hprcv2-25k	HG00133_hap1_hprc_r2_v1.0.1.merged	diagonal-distance	64	heuristic	1754519617	133576832	5972526	38854668	3.03	86312	2.22	14936	0.83	4288	96.9	39086696	689133	674818	14315	0
hprcv2-25k	HG00133_hap1_hprc_r2_v1.0.1.merged	edit-distance	128	heuristic	1754519617	154410217	7381078	44840859	3.01	80512	2.56	10728	1.07	4496	32.24	15413228	689133	668096	21037	0
hprcv2-25k	HG00133_hap1_hprc_r2_v1.0.1.merged	edit-distance	16	heuristic	1754519617	378291060	34344874	113863650	3.42	92588	5.4	15068	3.84	4788	30.5	9183392	689133	688741	392	0
hprcv2-25k	HG00133_hap1_hprc_r2_v1.0.1.merged	edit-distance	256	heuristic	1754519617	131521316	4850639	37765260	3.01	85912	2.25	16940	0.81	4432	51.22	15877432	689133	654991	34142	0
hprcv2-25k	HG00133_hap1_hprc_r2_v1.0.1.merged	edit-distance	32	heuristic	1754519617	263420055	19794053	77281676	3.08	83288	3.97	10892	2.35	4500	24.71	10045660	689133	688073	1060	0
hprcv2-25k	HG00133_hap1_hprc_r2_v1.0.1.merged	edit-distance	64	heuristic	1754519617	194180570	11787627	56486145	3.17	82020	3.09	10776	1.55	4560	27.15	14159956	689133	684583	4550	0
hprcv2-25k	HG00133_hap2_hprc_r2_v1.0.1.merged	diagonal-distance	16	heuristic	2149792047	228042480	15512852	70090330	3.6	90940	3.68	12540	1.76	4512	59.85	29805048	879267	877736	1531	0
hprcv2-25k	HG00133_hap2_hprc_r2_v1.0.1.merged	diagonal-distance	32	heuristic	2149792047	189418418	10196904	56273552	3.81	89224	3.16	18704	1.27	4484	74.46	34131388	879267	874888	4379	0
hprcv2-25k	HG00133_hap2_hprc_r2_v1.0.1.merged	diagonal-distance	64	heuristic	2149792047	166593491	7081851	48031461	3.73	88400	2.79	16500	1	4536	118.51	41954624	879267	862228	17039	0
hprcv2-25k	HG00133_hap2_hprc_r2_v1.0.1.merged	edit-distance	128	heuristic	2149792047	192343600	8868495	55557360	3.66	89872	3.24	18656	1.32	4484	38.77	17726104	879267	853140	26127	0
hprcv2-25k	HG00133_hap2_hprc_r2_v1.0.1.merged	edit-distance	16	heuristic	2149792047	464946656	41550905	139315907	3.82	95540	6.66	18900	4.55	4668	36.31	10421156	879267	878715	552	0
hprcv2-25k	HG00133_hap2_hprc_r2_v1.0.1.merged	edit-distance	256	heuristic	2149792047	164803139	5829812	47041940	3.94	89100	2.84	18740	1.02	4460	61.62	17239760	879267	836863	42404	0
hprcv2-25k	HG00133_hap2_hprc_r2_v1.0.1.merged	edit-distance	32	heuristic	2149792047	324790835	23873392	94876955	3.89	91732	4.91	18736	2.87	4708	29.75	12639356	879267	877942	1325	0
hprcv2-25k	HG00133_hap2_hprc_r2_v1.0.1.merged	edit-distance	64	heuristic	2149792047	240549047	14166999	69623666	3.68	90848	3.81	18620	1.87	4688	32.61	14438232	879267	874036	5231	0
hprcv2-25k	HG00140_hap1_hprc_r2_v1.0.1.merged	diagonal-distance	16	heuristic	1960294476	209860602	14490746	64704460	3.45	88020	3.42	18000	1.61	4672	61.09	32377932	797147	795733	1414	0
hprcv2-25k	HG00140_hap1_hprc_r2_v1.0.1.merged	diagonal-distance	32	heuristic	1960294476	173511796	9473521	51696452	3.37	86416	2.9	17972	1.17	4448	84.82	37382020	797147	792905	4242	0
hprcv2-25k	HG00140_hap1_hprc_r2_v1.0.1.merged	diagonal-distance	64	heuristic	1960294476	152581056	6610633	44131541	3.1	86172	2.58	19848	0.94	4380	119.34	42099792	797147	780934	16213	0
hprcv2-25k	HG00140_hap1_hprc_r2_v1.0.1.merged	edit-distance	128	heuristic	1960294476	175810608	8190803	50893520	3.45	86136	2.92	19900	1.21	4508	35.47	14554252	797147	772501	24646	0
hprcv2-25k	HG00140_hap1_hprc_r2_v1.0.1.merged	edit-distance	16	heuristic	1960294476	426213111	38270460	128146612	3.63	92244	6.09	17976	4.18	4676	34.5	10496620	797147	796696	451	0
hprcv2-25k	HG00140_hap1_hprc_r2_v1.0.1.merged	edit-distance	256	heuristic	1960294476	150519180	5401501	43080178	3.52	86936	2.57	17968	0.93	4380	55.36	14866988	797147	757003	40144	0
hprcv2-25k	HG00140_hap1_hprc_r2_v1.0.1.merged	edit-distance	32	heuristic	1960294476	297668941	22009532	87132973	3.57	83552	4.51	11936	2.66	4756	27.86	13285132	797147	795966	1181	0
hprcv2-25k	HG00140_hap1_hprc_r2_v1.0.1.merged	edit-distance	64	heuristic	1960294476	220234189	13084149	63860483	3.35	81540	3.52	17932	1.72	4600	29.61	14481256	797147	792076	5071	0
hprcv2-25k	HG00140_hap2_hprc_r2_v1.0.1.merged	diagonal-distance	16	heuristic	2368148844	251000271	17210204	77403381	4.23	91724	4.03	19444	1.93	4744	66.42	28799556	963629	961864	1765	0
hprcv2-25k	HG00140_hap2_hprc_r2_v1.0.1.merged	diagonal-distance	32	heuristic	2368148844	207383669	11210935	61809147	3.83	92992	3.47	19340	1.42	4804	116.73	42031428	963629	958265	5364	0
hprcv2-25k	HG00140_hap2_hprc_r2_v1.0.1.merged	diagonal-distance	64	heuristic	2368148844	182164711	7777278	52712351	4.4	91840	3.06	19488	1.1	4788	142.94	46711472	963629	943363	20266	0
hprcv2-25k	HG00140_hap2_hprc_r2_v1.0.1.merged	edit-distance	128	heuristic	2368148844	210705229	9748465	61091627	4.16	90436	3.53	13396	1.46	4536	42.34	14092272	963629	932820	30809	0
hprcv2-25k	HG00140_hap2_hprc_r2_v1.0.1.merged	edit-distance	16	heuristic	2368148844	512549042	45835488	153895928	4.55	96680	7.38	19620	5.04	5060	47.29	11520804	963629	963043	586	0
hprcv2-25k	HG00140_hap2_hprc_r2_v1.0.1.merged	edit-distance	256	heuristic	2368148844	180458819	6432044	51763800	4.19	83860	3.11	13292	1.12	4780	67.13	17104920	963629	913305	50324	0
hprcv2-25k	HG00140_hap2_hprc_r2_v1.0.1.merged	edit-distance	32	heuristic	2368148844	357459013	26315981	104642580	4.37	94232	5.43	19492	3.18	4628	33.16	12622244	963629	962127	1502	0
hprcv2-25k	HG00140_hap2_hprc_r2_v1.0.1.merged	edit-distance	64	heuristic	2368148844	264075724	15587925	76637447	4.26	90988	4.18	19416	2.04	4568	36.15	14738656	963629	957404	6225	0
hprcv2-25k	HG00146_hap1_hprc_r2_v1.0.1.merged	diagonal-distance	16	heuristic	2165231629	224372119	15585394	68824489	3.87	89924	3.6	18232	1.72	4740	171.11	59075168	835202	833744	1458	0
hprcv2-25k	HG00146_hap1_hprc_r2_v1.0.1.merged	diagonal-distance	32	heuristic	2165231629	185228722	10194773	54823996	3.73	86952	3.06	18348	1.25	4624	151.66	61488424	835202	830963	4239	0
hprcv2-25k	HG00146_hap1_hprc_r2_v1.0.1.merged	diagonal-distance	64	heuristic	2165231629	162524685	7097755	46630951	3.58	86368	2.7	18412	0.98	4504	149.45	59987068	835202	818598	16604	0
hprcv2-25k	HG00146_hap1_hprc_r2_v1.0.1.merged	edit-distance	128	heuristic	2165231629	188327238	8852357	54049637	3.84	86472	3.09	18356	1.29	4528	38.46	15350548	835202	809407	25795	0
hprcv2-25k	HG00146_hap1_hprc_r2_v1.0.1.merged	edit-distance	16	heuristic	2165231629	462653770	41848360	138492213	3.98	93148	6.57	18628	4.55	4796	39.04	10877112	835202	834757	445	0
hprcv2-25k	HG00146_hap1_hprc_r2_v1.0.1.merged	edit-distance	256	heuristic	2165231629	160485718	5795378	45474961	3.71	80216	2.72	12212	0.99	4600	63.23	15711564	835202	793022	42180	0
hprcv2-25k	HG00146_hap1_hprc_r2_v1.0.1.merged	edit-distance	32	heuristic	2165231629	321905638	24043149	93793742	3.56	89876	4.82	18364	2.85	4584	29.89	12203860	835202	834021	1181	0
hprcv2-25k	HG00146_hap1_hprc_r2_v1.0.1.merged	edit-distance	64	heuristic	2165231629	237200335	14246204	68333489	3.81	87248	3.75	18320	1.88	4616	32.42	13700836	835202	830056	5146	0
hprcv2-25k	HG00146_hap2_hprc_r2_v1.0.1.merged	diagonal-distance	16	heuristic	1930481900	209261849	13891188	63604966	3.5	88600	3.4	18128	1.59	4756	76.74	37485044	815443	813984	1459	0
hprcv2-25k	HG00146_hap2_hprc_r2_v1.0.1.merged	diagonal-distance	32	heuristic	1930481900	174123446	9073668	51053889	3.41	87448	2.86	18152	1.16	4488	87.34	43095700	815443	811236	4207	0
hprcv2-25k	HG00146_hap2_hprc_r2_v1.0.1.merged	diagonal-distance	64	heuristic	1930481900	153887561	6327472	43763741	3.39	86816	2.57	18144	0.91	4568	98.83	43506928	815443	799459	15984	0
hprcv2-25k	HG00146_hap2_hprc_r2_v1.0.1.merged	edit-distance	128	heuristic	1930481900	177132401	7929316	50615597	3.5	89792	2.96	20148	1.21	4556	35.54	15445392	815443	791276	24167	0
hprcv2-25k	HG00146_hap2_hprc_r2_v1.0.1.merged	edit-distance	16	heuristic	1930481900	422460978	37089989	125987320	3.79	94140	6.02	14100	4.12	4692	35.16	9129296	815443	814974	469	0
hprcv2-25k	HG00146_hap2_hprc_r2_v1.0.1.merged	edit-distance	256	heuristic	1930481900	152387077	5215700	42946019	3.49	86652	2.6	18176	0.92	4524	54.89	15971872	815443	776497	38946	0
hprcv2-25k	HG00146_hap2_hprc_r2_v1.0.1.merged	edit-distance	32	heuristic	1930481900	295942988	21276330	85888465	3.53	91376	4.46	18028	2.58	4628	27.69	12705120	815443	814229	1214	0
hprcv2-25k	HG00146_hap2_hprc_r2_v1.0.1.merged	edit-distance	64	heuristic	1930481900	220187990	12625486	63183398	3.67	87856	3.48	18104	1.68	4688	29.72	14251132	815443	810402	5041	0
hprcv2-25k	HG00232_hap1_hprc_r2_v1.0.1.merged	diagonal-distance	16	heuristic	1834461248	191808831	13044047	58886209	3.05	90424	3.09	17388	1.47	4696	78.66	41120848	732349	731037	1312	0
hprcv2-25k	HG00232_hap1_hprc_r2_v1.0.1.merged	diagonal-distance	32	heuristic	1834461248	158655081	8503924	47043069	3.2	83632	2.63	13408	1.07	4412	84.2	45125688	732349	728577	3772	0
hprcv2-25k	HG00232_hap1_hprc_r2_v1.0.1.merged	diagonal-distance	64	heuristic	1834461248	139601001	5923023	40181324	3.09	83392	2.32	13316	0.83	4488	95.59	46914356	732349	718183	14166	0
hprcv2-25k	HG00232_hap1_hprc_r2_v1.0.1.merged	edit-distance	128	heuristic	1834461248	162069299	7498779	46810263	3.18	87000	2.72	17492	1.12	4436	33.82	15975600	732349	710831	21518	0
hprcv2-25k	HG00232_hap1_hprc_r2_v1.0.1.merged	edit-distance	16	heuristic	1834461248	395225402	35225511	118391339	3.54	96076	5.63	17456	3.85	4708	38.81	10078428	732349	731943	406	0
hprcv2-25k	HG00232_hap1_hprc_r2_v1.0.1.merged	edit-distance	256	heuristic	1834461248	138787991	4957476	39641578	3.23	82860	2.39	17360	0.86	4572	53.74	16326436	732349	697685	34664	0
hprcv2-25k	HG00232_hap1_hprc_r2_v1.0.1.merged	edit-distance	32	heuristic	1834461248	275057950	20182705	80296165	3.16	90724	4.14	15436	2.4	4664	26.27	13281016	732349	731268	1081	0
hprcv2-25k	HG00232_hap1_hprc_r2_v1.0.1.merged	edit-distance	64	heuristic	1834461248	202982142	11953933	58726511	3.29	88588	3.18	17468	1.56	4548	28.47	13017092	732349	727734	4615	0
hprcv2-25k	HG00232_hap2_hprc_r2_v1.0.1.merged	diagonal-distance	16	heuristic	2491545619	258293370	18024948	79694710	4.32	90480	4.15	19528	2.01	4708	101.83	36135828	966544	964770	1774	0
hprcv2-25k	HG00232_hap2_hprc_r2_v1.0.1.merged	diagonal-distance	32	heuristic	2491545619	212911886	11770005	63448212	4.59	91140	3.55	19332	1.47	4672	94.37	36755224	966544	961345	5199	0
hprcv2-25k	HG00232_hap2_hprc_r2_v1.0.1.merged	diagonal-distance	64	heuristic	2491545619	186515653	8168810	53919078	4.3	84648	3.11	15304	1.12	4740	118.41	39982044	966544	946742	19802	0
hprcv2-25k	HG00232_hap2_hprc_r2_v1.0.1.merged	edit-distance	128	heuristic	2491545619	216741962	10253442	62632684	4.33	89140	3.58	19436	1.51	4756	44.93	14605376	966544	936775	29769	0
hprcv2-25k	HG00232_hap2_hprc_r2_v1.0.1.merged	edit-distance	16	heuristic	2491545619	534768799	48412377	160316021	4.54	92108	7.6	15516	5.32	4976	42.45	10345488	966544	965940	604	0
hprcv2-25k	HG00232_hap2_hprc_r2_v1.0.1.merged	edit-distance	256	heuristic	2491545619	184523322	6703787	52682207	4.35	88960	3.21	21448	1.17	4552	73.03	14675740	966544	918024	48520	0
hprcv2-25k	HG00232_hap2_hprc_r2_v1.0.1.merged	edit-distance	32	heuristic	2491545619	371191585	27782605	108518080	4.52	88620	5.56	17280	3.31	4708	34.06	12118252	966544	965014	1530	0
hprcv2-25k	HG00232_hap2_hprc_r2_v1.0.1.merged	edit-distance	64	heuristic	2491545619	272850191	16445747	79046695	4.56	89804	4.3	21504	2.13	4688	37.79	14553656	966544	960391	6153	0
hprcv2-25k	HG00235_hap1_hprc_r2_v1.0.1.merged	diagonal-distance	16	heuristic	2059336289	222044238	15100343	68224791	3.85	89468	3.64	20616	1.74	4796	48.62	25788328	863252	861752	1500	0
hprcv2-25k	HG00235_hap1_hprc_r2_v1.0.1.merged	diagonal-distance	32	heuristic	2059336289	184877322	9953449	54906826	3.72	87568	3.11	20456	1.25	4568	55.39	25976524	863252	858882	4370	0
hprcv2-25k	HG00235_hap1_hprc_r2_v1.0.1.merged	diagonal-distance	64	heuristic	2059336289	163140799	6967622	47034925	3.77	87144	2.73	18620	0.98	4488	95.56	34825676	863252	846325	16927	0
hprcv2-25k	HG00235_hap1_hprc_r2_v1.0.1.merged	edit-distance	128	heuristic	2059336289	187163375	8602518	54007446	3.65	83184	3.12	12464	1.3	4540	37.15	16141484	863252	837781	25471	0
hprcv2-25k	HG00235_hap1_hprc_r2_v1.0.1.merged	edit-distance	16	heuristic	2059336289	447772698	40169584	134231145	4.09	89480	6.49	14512	4.36	4748	35.09	11686984	863252	862742	510	0
hprcv2-25k	HG00235_hap1_hprc_r2_v1.0.1.merged	edit-distance	256	heuristic	2059336289	160413870	5620993	45699955	3.53	81388	2.77	18540	1	4440	60.03	17187468	863252	822029	41223	0
hprcv2-25k	HG00235_hap1_hprc_r2_v1.0.1.merged	edit-distance	32	heuristic	2059336289	313989447	23140707	91775705	3.71	86236	4.78	14540	2.75	4684	28.4	12542556	863252	861959	1293	0
hprcv2-25k	HG00235_hap1_hprc_r2_v1.0.1.merged	edit-distance	64	heuristic	2059336289	233436570	13765160	67579582	3.84	88600	3.78	20572	1.83	4740	30.68	14886204	863252	857956	5296	0
hprcv2-25k	HG00235_hap2_hprc_r2_v1.0.1.merged	diagonal-distance	16	heuristic	1504350990	157404176	10974030	48739178	2.72	86044	2.57	16120	1.22	4368	41.5	29467056	593274	592149	1125	0
hprcv2-25k	HG00235_hap2_hprc_r2_v1.0.1.merged	diagonal-distance	32	heuristic	1504350990	129930202	7196344	38909331	2.62	81968	2.17	11900	0.88	4296	44.74	29671680	593274	589992	3282	0
hprcv2-25k	HG00235_hap2_hprc_r2_v1.0.1.merged	diagonal-distance	64	heuristic	1504350990	113924883	5014578	33126494	2.69	81436	1.89	16200	0.7	4316	70.19	37621408	593274	580697	12577	0
hprcv2-25k	HG00235_hap2_hprc_r2_v1.0.1.merged	edit-distance	128	heuristic	1504350990	131986698	6239938	38373499	2.5	78416	2.21	11980	0.91	4312	28.23	16341936	593274	574336	18938	0
hprcv2-25k	HG00235_hap2_hprc_r2_v1.0.1.merged	edit-distance	16	heuristic	1504350990	324174792	29188038	97465036	3.07	88488	4.63	16200	3.2	4668	26.4	8773896	593274	592880	394	0
hprcv2-25k	HG00235_hap2_hprc_r2_v1.0.1.merged	edit-distance	256	heuristic	1504350990	112463168	4097922	32350301	2.62	77828	1.94	16220	0.71	4276	44.4	15762964	593274	562545	30729	0
hprcv2-25k	HG00235_hap2_hprc_r2_v1.0.1.merged	edit-distance	32	heuristic	1504350990	225328343	16779897	66098248	2.54	85268	3.42	16228	2.02	4576	21.45	11352980	593274	592313	961	0
hprcv2-25k	HG00235_hap2_hprc_r2_v1.0.1.merged	edit-distance	64	heuristic	1504350990	165995085	9971604	48310238	2.67	79280	2.66	12040	1.32	4304	23.57	14061800	593274	589360	3914	0
hprcv2-25k	HG00253_hap1_hprc_r2_v1.0.1.merged	diagonal-distance	16	heuristic	2233867211	233268616	16183625	71805952	4.05	83748	3.76	12628	1.81	4684	86.06	30676672	878013	876366	1647	0
hprcv2-25k	HG00253_hap1_hprc_r2_v1.0.1.merged	diagonal-distance	32	heuristic	2233867211	192290149	10530459	57137263	3.87	81628	3.2	12500	1.33	4740	100.25	33348700	878013	873319	4694	0
hprcv2-25k	HG00253_hap1_hprc_r2_v1.0.1.merged	diagonal-distance	64	heuristic	2233867211	168258435	7245416	48452136	3.76	81380	2.8	18732	1.01	4588	143.25	41081308	878013	859846	18167	0
hprcv2-25k	HG00253_hap1_hprc_r2_v1.0.1.merged	edit-distance	128	heuristic	2233867211	195371617	9108521	56262495	3.82	86412	3.24	18724	1.35	4700	40.14	16772036	878013	849977	28036	0
hprcv2-25k	HG00253_hap1_hprc_r2_v1.0.1.merged	edit-distance	16	heuristic	2233867211	480832294	43389222	144028915	4.36	90588	6.8	18812	4.71	4768	39.51	9277812	878013	877451	562	0
hprcv2-25k	HG00253_hap1_hprc_r2_v1.0.1.merged	edit-distance	256	heuristic	2233867211	166428529	5938116	47374581	3.9	81628	2.88	12548	1.03	4584	65.76	15693356	878013	832423	45590	0
hprcv2-25k	HG00253_hap1_hprc_r2_v1.0.1.merged	edit-distance	32	heuristic	2233867211	334405226	24884465	97534177	3.95	88692	5.04	18800	2.99	4656	30.75	11073400	878013	876643	1370	0
hprcv2-25k	HG00253_hap1_hprc_r2_v1.0.1.merged	edit-distance	64	heuristic	2233867211	246147549	14701264	71068493	4.07	82968	3.89	12656	1.92	4700	33.13	15170576	878013	872422	5591	0
hprcv2-25k	HG00253_hap2_hprc_r2_v1.0.1.merged	diagonal-distance	16	heuristic	1821285998	188774133	13329652	58123491	3.08	87052	3.01	19204	1.48	4660	56.17	29763044	687031	685650	1381	0
hprcv2-25k	HG00253_hap2_hprc_r2_v1.0.1.merged	diagonal-distance	32	heuristic	1821285998	155246296	8715780	46124717	3.17	81180	2.57	12988	1.07	4584	70.51	32902416	687031	683146	3885	0
hprcv2-25k	HG00253_hap2_hprc_r2_v1.0.1.merged	diagonal-distance	64	heuristic	1821285998	135754058	6060489	39091257	3.25	80260	2.25	13100	0.83	4476	108.72	39392012	687031	672073	14958	0
hprcv2-25k	HG00253_hap2_hprc_r2_v1.0.1.merged	edit-distance	128	heuristic	1821285998	157796356	7556882	45444332	3.1	79228	2.6	10804	1.11	4576	33.89	15187500	687031	664262	22769	0
hprcv2-25k	HG00253_hap2_hprc_r2_v1.0.1.merged	edit-distance	16	heuristic	1821285998	390986419	35426671	117220655	3.3	91560	5.55	17224	3.84	4624	32.91	9488620	687031	686573	458	0
hprcv2-25k	HG00253_hap2_hprc_r2_v1.0.1.merged	edit-distance	256	heuristic	1821285998	134031431	4956241	38138682	3.17	85152	2.28	13028	0.85	4544	53.37	15075056	687031	650495	36536	0
hprcv2-25k	HG00253_hap2_hprc_r2_v1.0.1.merged	edit-distance	32	heuristic	1821285998	271032694	20357669	79130321	3.2	89000	4.04	17128	2.45	4752	26.31	12736064	687031	685882	1149	0
hprcv2-25k	HG00253_hap2_hprc_r2_v1.0.1.merged	edit-distance	64	heuristic	1821285998	199157011	12092955	57519172	3.18	82812	3.13	13124	1.58	4688	28.82	15734736	687031	682234	4797	0
hprcv2-25k	HG00272_hap1_hprc_r2_v1.0.1.merged	diagonal-distance	16	heuristic	2714748754	293541802	19702076	90035254	5.03	90532	4.72	16972	2.27	4864	68.54	26724900	1152010	1150057	1953	0
hprcv2-25k	HG00272_hap1_hprc_r2_v1.0.1.merged	diagonal-distance	32	heuristic	2714748754	243843437	12858660	72249185	4.72	88448	4.07	16956	1.67	4716	83.81	31685144	1152010	1146225	5785	0
hprcv2-25k	HG00272_hap1_hprc_r2_v1.0.1.merged	diagonal-distance	64	heuristic	2714748754	214655420	8880160	61721316	4.54	88376	3.62	14792	1.28	4592	129.11	42080780	1152010	1130187	21823	0
hprcv2-25k	HG00272_hap1_hprc_r2_v1.0.1.merged	edit-distance	128	heuristic	2714748754	247116880	11095599	71255876	5.03	88740	4.1	16836	1.72	4800	49.92	15122308	1152010	1118595	33415	0
hprcv2-25k	HG00272_hap1_hprc_r2_v1.0.1.merged	edit-distance	16	heuristic	2714748754	592668650	52465001	177722152	5.25	99176	8.42	21112	5.78	4956	50.08	10384224	1152010	1151367	643	0
hprcv2-25k	HG00272_hap1_hprc_r2_v1.0.1.merged	edit-distance	256	heuristic	2714748754	212454077	7299939	60579909	4.59	86900	3.68	14828	1.32	4560	78.14	15425992	1152010	1097864	54146	0
hprcv2-25k	HG00272_hap1_hprc_r2_v1.0.1.merged	edit-distance	32	heuristic	2714748754	415096379	30112478	121276893	4.8	96692	6.24	21164	3.69	4948	38.33	12633968	1152010	1150386	1624	0
hprcv2-25k	HG00272_hap1_hprc_r2_v1.0.1.merged	edit-distance	64	heuristic	2714748754	308287451	17826888	89183217	4.9	89932	4.91	16944	2.38	5028	41.66	13394348	1152010	1145218	6792	0
hprcv2-25k	HG00272_hap2_hprc_r2_v1.0.1.merged	diagonal-distance	16	heuristic	1979394913	209236830	14573210	64743028	3.5	83732	3.43	18028	1.63	4604	54.4	29559024	785824	784283	1541	0
hprcv2-25k	HG00272_hap2_hprc_r2_v1.0.1.merged	diagonal-distance	32	heuristic	1979394913	172594843	9527256	51632257	3.42	85500	2.86	17968	1.18	4604	84.27	38562216	785824	781317	4507	0
hprcv2-25k	HG00272_hap2_hprc_r2_v1.0.1.merged	diagonal-distance	64	heuristic	1979394913	151360787	6631617	43966344	3.5	85428	2.53	18024	0.91	4516	100.44	40783868	785824	768505	17319	0
hprcv2-25k	HG00272_hap2_hprc_r2_v1.0.1.merged	edit-distance	128	heuristic	1979394913	175076682	8237571	50872579	3.3	82012	2.93	11892	1.22	4488	36.49	15107516	785824	759446	26378	0
hprcv2-25k	HG00272_hap2_hprc_r2_v1.0.1.merged	edit-distance	16	heuristic	1979394913	428395468	38509012	128880452	3.45	88092	6.11	15984	4.28	4728	37.92	10268092	785824	785303	521	0
hprcv2-25k	HG00272_hap2_hprc_r2_v1.0.1.merged	edit-distance	256	heuristic	1979394913	149333185	5405688	42906401	3.45	84300	2.58	11772	0.94	4456	57.68	15944516	785824	743675	42149	0
hprcv2-25k	HG00272_hap2_hprc_r2_v1.0.1.merged	edit-distance	32	heuristic	1979394913	298126279	22149418	87498075	3.56	85452	4.48	13948	2.65	4668	28.27	11530844	785824	784532	1292	0
hprcv2-25k	HG00272_hap2_hprc_r2_v1.0.1.merged	edit-distance	64	heuristic	1979394913	219887295	13151914	63965923	3.63	87128	3.53	17832	1.72	4668	30.91	13778576	785824	780428	5396	0
hprcv2-25k	HG00280_hap1_hprc_r2_v1.0.1.merged	diagonal-distance	16	heuristic	2180061214	242291328	15875749	73388828	4.11	85444	3.91	15336	1.8	4744	50.27	25323468	960857	959242	1615	0
hprcv2-25k	HG00280_hap1_hprc_r2_v1.0.1.merged	diagonal-distance	32	heuristic	2180061214	202399156	10381432	59125580	4.07	87924	3.37	19424	1.33	4684	63.33	30284612	960857	956186	4671	0
hprcv2-25k	HG00280_hap1_hprc_r2_v1.0.1.merged	diagonal-distance	64	heuristic	2180061214	179323526	7234121	50796733	3.71	88268	3.04	19440	1.06	4456	101.46	39985292	960857	942737	18120	0
hprcv2-25k	HG00280_hap1_hprc_r2_v1.0.1.merged	edit-distance	128	heuristic	2180061214	205009453	8987562	58394659	3.8	88556	3.41	19304	1.4	4596	39.62	16635252	960857	933384	27473	0
hprcv2-25k	HG00280_hap1_hprc_r2_v1.0.1.merged	edit-distance	16	heuristic	2180061214	481932161	42113364	143700876	4.57	94724	6.99	15440	4.66	5064	40.18	10319952	960857	960320	537	0
hprcv2-25k	HG00280_hap1_hprc_r2_v1.0.1.merged	edit-distance	256	heuristic	2180061214	177129151	5912997	49758029	3.76	87696	3.09	19448	1.1	4756	62.42	15771200	960857	915716	45141	0
hprcv2-25k	HG00280_hap1_hprc_r2_v1.0.1.merged	edit-distance	32	heuristic	2180061214	339558509	24178263	98341608	4.13	91292	5.1	19368	2.89	4668	30.44	10380300	960857	959529	1328	0
hprcv2-25k	HG00280_hap1_hprc_r2_v1.0.1.merged	edit-distance	64	heuristic	2180061214	253953803	14358829	72665907	3.98	88700	4.06	19360	1.94	4708	33.14	14309296	960857	955306	5551	0
hprcv2-25k	HG00280_hap2_hprc_r2_v1.0.1.merged	diagonal-distance	16	heuristic	1735139057	182723754	12574336	56203056	2.9	86584	2.96	17180	1.39	4420	58.43	32817624	693638	692363	1275	0
hprcv2-25k	HG00280_hap2_hprc_r2_v1.0.1.merged	diagonal-distance	32	heuristic	1735139057	151300597	8234880	44951709	3.1	84384	2.47	17084	1.03	4420	61.84	35034948	693638	689903	3735	0
hprcv2-25k	HG00280_hap2_hprc_r2_v1.0.1.merged	diagonal-distance	64	heuristic	1735139057	133024074	5734131	38343451	2.97	83048	2.23	12972	0.8	4536	77.87	37158324	693638	679066	14572	0
hprcv2-25k	HG00280_hap2_hprc_r2_v1.0.1.merged	edit-distance	128	heuristic	1735139057	153761626	7157555	44365539	3.01	84156	2.59	17204	1.07	4556	32.03	14836296	693638	671950	21688	0
hprcv2-25k	HG00280_hap2_hprc_r2_v1.0.1.merged	edit-distance	16	heuristic	1735139057	374382686	33717231	112309915	3.46	90720	5.41	17148	3.7	4624	30.27	11146552	693638	693204	434	0
hprcv2-25k	HG00280_hap2_hprc_r2_v1.0.1.merged	edit-distance	256	heuristic	1735139057	131325670	4679357	37438024	2.85	83756	2.31	17112	0.83	4596	51.13	15330008	693638	659138	34500	0
hprcv2-25k	HG00280_hap2_hprc_r2_v1.0.1.merged	edit-distance	32	heuristic	1735139057	261003732	19374862	76306958	2.88	87784	3.94	17112	2.3	4708	24.28	11913616	693638	692576	1062	0
hprcv2-25k	HG00280_hap2_hprc_r2_v1.0.1.merged	edit-distance	64	heuristic	1735139057	192881892	11492168	55831551	3.03	85192	3.08	10952	1.5	4312	27.06	14130704	693638	689209	4429	0
hprcv2-25k	HG00290_hap1_hprc_r2_v1.0.1.merged	diagonal-distance	16	heuristic	1568924211	172627562	11673624	52758732	2.84	85092	2.79	16804	1.32	4336	48.89	29964220	666527	665269	1258	0
hprcv2-25k	HG00290_hap1_hprc_r2_v1.0.1.merged	diagonal-distance	32	heuristic	1568924211	143194507	7617342	42229059	2.69	79232	2.38	12528	0.96	4508	59.07	35073720	666527	662876	3651	0
hprcv2-25k	HG00290_hap1_hprc_r2_v1.0.1.merged	diagonal-distance	64	heuristic	1568924211	126085743	5281401	36053285	2.63	83536	2.09	16716	0.74	4348	81.27	41519168	666527	653160	13367	0
hprcv2-25k	HG00290_hap1_hprc_r2_v1.0.1.merged	edit-distance	128	heuristic	1568924211	144662718	6522717	41497264	2.76	80252	2.38	12628	0.99	4356	29.27	13608260	666527	646382	20145	0
hprcv2-25k	HG00290_hap1_hprc_r2_v1.0.1.merged	edit-distance	16	heuristic	1568924211	345576588	30537364	103618395	3.02	89908	4.97	16796	3.35	4572	28.09	9546616	666527	666125	402	0
hprcv2-25k	HG00290_hap1_hprc_r2_v1.0.1.merged	edit-distance	256	heuristic	1568924211	124258608	4285575	35200360	2.91	83556	2.13	12580	0.76	4332	45.7	15684156	666527	633991	32536	0
hprcv2-25k	HG00290_hap1_hprc_r2_v1.0.1.merged	edit-distance	32	heuristic	1568924211	242414941	17566678	70664873	2.83	87040	3.69	16624	2.12	4476	22.76	11567328	666527	665473	1054	0
hprcv2-25k	HG00290_hap1_hprc_r2_v1.0.1.merged	edit-distance	64	heuristic	1568924211	180445700	10433244	51933615	2.76	84640	2.92	16740	1.39	4332	24.96	14134456	666527	662317	4210	0
hprcv2-25k	HG00290_hap2_hprc_r2_v1.0.1.merged	diagonal-distance	16	heuristic	1850298620	194932111	13537117	59808989	3.4	80920	3.12	11140	1.52	4768	52.08	32123504	725377	724061	1316	0
hprcv2-25k	HG00290_hap2_hprc_r2_v1.0.1.merged	diagonal-distance	32	heuristic	1850298620	160771841	8828049	47586558	3.43	79724	2.66	11364	1.09	4464	72.2	37540348	725377	721391	3986	0
hprcv2-25k	HG00290_hap2_hprc_r2_v1.0.1.merged	diagonal-distance	64	heuristic	1850298620	141138457	6146096	40497385	3.28	79088	2.35	11132	0.85	4572	92.09	39866356	725377	710082	15295	0
hprcv2-25k	HG00290_hap2_hprc_r2_v1.0.1.merged	edit-distance	128	heuristic	1850298620	163325434	7666753	46931541	3.35	85840	2.72	17404	1.15	4508	33.36	17096432	725377	702170	23207	0
hprcv2-25k	HG00290_hap2_hprc_r2_v1.0.1.merged	edit-distance	16	heuristic	1850298620	399608051	35996904	119598279	3.62	91908	5.81	17372	3.9	4764	31.41	9521584	725377	724969	408	0
hprcv2-25k	HG00290_hap2_hprc_r2_v1.0.1.merged	edit-distance	256	heuristic	1850298620	139468216	5037235	39560304	3.36	79144	2.37	11200	0.86	4584	53.95	16595184	725377	687629	37748	0
hprcv2-25k	HG00290_hap2_hprc_r2_v1.0.1.merged	edit-distance	32	heuristic	1850298620	278248293	20693503	81074283	3.41	83076	4.19	11316	2.48	4708	25.68	11075448	725377	724229	1148	0
hprcv2-25k	HG00290_hap2_hprc_r2_v1.0.1.merged	edit-distance	64	heuristic	1850298620	205192270	12268722	59135652	3.19	80944	3.29	11300	1.61	4768	28.46	14336088	725377	720518	4859	0
hprcv2-25k	HG00320_hap1_hprc_r2_v1.0.1.merged	diagonal-distance	16	heuristic	1970391148	203924961	14536708	63318264	3.42	90188	3.32	17544	1.62	4656	54.4	28740292	747119	745606	1513	0
hprcv2-25k	HG00320_hap1_hprc_r2_v1.0.1.merged	diagonal-distance	32	heuristic	1970391148	167786601	9548987	50380060	3.42	88612	2.78	17448	1.16	4436	70.39	36350108	747119	742707	4412	0
hprcv2-25k	HG00320_hap1_hprc_r2_v1.0.1.merged	diagonal-distance	64	heuristic	1970391148	146556618	6640075	42694985	3.18	87768	2.43	11504	0.89	4612	117.35	48837656	747119	730714	16405	0
hprcv2-25k	HG00320_hap1_hprc_r2_v1.0.1.merged	edit-distance	128	heuristic	1970391148	170217077	8238365	49430958	3.34	88056	2.83	17716	1.21	4456	36.2	15245480	747119	722291	24828	0
hprcv2-25k	HG00320_hap1_hprc_r2_v1.0.1.merged	edit-distance	16	heuristic	1970391148	422712989	38580039	127154606	3.7	95184	6.01	17684	4.26	4692	32.99	10070788	747119	746619	500	0
hprcv2-25k	HG00320_hap1_hprc_r2_v1.0.1.merged	edit-distance	256	heuristic	1970391148	144434723	5397382	41496163	3.42	87720	2.49	17496	0.91	4556	57.52	14746312	747119	707009	40110	0
hprcv2-25k	HG00320_hap1_hprc_r2_v1.0.1.merged	edit-distance	32	heuristic	1970391148	292820682	22196051	85945597	3.52	86092	4.41	11412	2.61	4608	27.92	12928848	747119	745850	1269	0
hprcv2-25k	HG00320_hap1_hprc_r2_v1.0.1.merged	edit-distance	64	heuristic	1970391148	215014224	13191129	62534631	3.42	82896	3.44	17640	1.7	4596	30.31	12112704	747119	741915	5204	0
hprcv2-25k	HG00320_hap2_hprc_r2_v1.0.1.merged	diagonal-distance	16	heuristic	2066240784	215777000	14896951	66828081	3.73	88380	3.49	18308	1.67	4672	64.86	30952820	821197	819711	1486	0
hprcv2-25k	HG00320_hap2_hprc_r2_v1.0.1.merged	diagonal-distance	32	heuristic	2066240784	177968793	9697410	53303778	3.71	86792	2.96	17972	1.21	4508	69.46	33347472	821197	817023	4174	0
hprcv2-25k	HG00320_hap2_hprc_r2_v1.0.1.merged	diagonal-distance	64	heuristic	2066240784	156055243	6714931	45397732	3.7	85812	2.65	18140	0.95	4572	97.04	40828560	821197	805567	15630	0
hprcv2-25k	HG00320_hap2_hprc_r2_v1.0.1.merged	edit-distance	128	heuristic	2066240784	181235349	8465800	52744892	3.48	86376	3.01	18172	1.25	4380	38.48	15566668	821197	797791	23406	0
hprcv2-25k	HG00320_hap2_hprc_r2_v1.0.1.merged	edit-distance	16	heuristic	2066240784	444890728	39970969	133815856	3.83	92452	6.4	18272	4.38	4736	39.03	9936664	821197	820711	486	0
hprcv2-25k	HG00320_hap2_hprc_r2_v1.0.1.merged	edit-distance	256	heuristic	2066240784	154731720	5559821	44577260	3.68	79968	2.65	12056	0.98	4488	60.04	16360356	821197	783085	38112	0
hprcv2-25k	HG00320_hap2_hprc_r2_v1.0.1.merged	edit-distance	32	heuristic	2066240784	309349799	22925171	90760003	3.7	89300	4.65	18276	2.75	4684	29.81	11728036	821197	819989	1208	0
hprcv2-25k	HG00320_hap2_hprc_r2_v1.0.1.merged	edit-distance	64	heuristic	2066240784	227730519	13559386	66303092	3.8	80940	3.61	18096	1.78	4748	31.41	14155892	821197	816274	4923	0
hprcv2-25k	HG00321_hap1_hprc_r2_v1.0.1.merged	diagonal-distance	16	heuristic	1756652789	191757202	12805855	58795393	3.15	88740	3.13	17620	1.47	4380	41.43	25997116	758983	757579	1404	0
hprcv2-25k	HG00321_hap1_hprc_r2_v1.0.1.merged	diagonal-distance	32	heuristic	1756652789	159513929	8364627	47260841	3.03	87088	2.63	13604	1.07	4544	48.63	29081628	758983	754971	4012	0
hprcv2-25k	HG00321_hap1_hprc_r2_v1.0.1.merged	diagonal-distance	64	heuristic	1756652789	141007353	5843325	40588183	3.21	79848	2.36	11528	0.83	4444	79.4	38497040	758983	743640	15343	0
hprcv2-25k	HG00321_hap1_hprc_r2_v1.0.1.merged	edit-distance	128	heuristic	1756652789	161770306	7260700	46722041	3.11	82436	2.73	13616	1.12	4668	32.32	16400876	758983	735828	23155	0
hprcv2-25k	HG00321_hap1_hprc_r2_v1.0.1.merged	edit-distance	16	heuristic	1756652789	385411364	34079744	115813599	3.67	93484	5.63	21792	3.74	4788	30.46	9885928	758983	758549	434	0
hprcv2-25k	HG00321_hap1_hprc_r2_v1.0.1.merged	edit-distance	256	heuristic	1756652789	139444381	4813661	39838725	3.16	86768	2.42	17660	0.85	4400	50.15	15672484	758983	721343	37640	0
hprcv2-25k	HG00321_hap1_hprc_r2_v1.0.1.merged	edit-distance	32	heuristic	1756652789	270434541	19555937	79083300	3.15	90348	4.16	17732	2.36	4588	24.93	11731056	758983	757841	1142	0
hprcv2-25k	HG00321_hap1_hprc_r2_v1.0.1.merged	edit-distance	64	heuristic	1756652789	201271022	11603496	58276934	3.22	82008	3.22	11528	1.55	4392	27.55	14142168	758983	754233	4750	0
hprcv2-25k	HG00321_hap2_hprc_r2_v1.0.1.merged	diagonal-distance	16	heuristic	1974260626	210197807	14609323	64972872	3.53	84796	3.35	13884	1.62	4792	130.79	55151360	792542	791064	1478	0
hprcv2-25k	HG00321_hap2_hprc_r2_v1.0.1.merged	diagonal-distance	32	heuristic	1974260626	172899493	9474677	51624756	3.31	83288	2.81	13812	1.17	4432	128.4	57829060	792542	788196	4346	0
hprcv2-25k	HG00321_hap2_hprc_r2_v1.0.1.merged	diagonal-distance	64	heuristic	1974260626	151637091	6580239	43951526	3.43	82912	2.57	13756	0.92	4496	135.73	56348380	792542	776393	16149	0
hprcv2-25k	HG00321_hap2_hprc_r2_v1.0.1.merged	edit-distance	128	heuristic	1974260626	175473865	8205490	50902853	3.49	87836	2.91	17992	1.22	4612	36.4	15306036	792542	768206	24336	0
hprcv2-25k	HG00321_hap2_hprc_r2_v1.0.1.merged	edit-distance	16	heuristic	1974260626	428457762	38397395	128851704	4.01	90000	6.14	14044	4.21	4764	37.25	10522336	792542	792043	499	0
hprcv2-25k	HG00321_hap2_hprc_r2_v1.0.1.merged	edit-distance	256	heuristic	1974260626	149990574	5420383	43061078	3.48	81108	2.59	11796	0.94	4480	55.96	15442264	792542	753390	39152	0
hprcv2-25k	HG00321_hap2_hprc_r2_v1.0.1.merged	edit-distance	32	heuristic	1974260626	298459061	22070574	87460656	3.44	90340	4.53	20024	2.64	4624	28.27	11313068	792542	791308	1234	0
hprcv2-25k	HG00321_hap2_hprc_r2_v1.0.1.merged	edit-distance	64	heuristic	1974260626	220247294	13091313	63933150	3.64	88636	3.48	17900	1.73	4584	30.51	13854288	792542	787418	5124	0
hprcv2-25k	HG00323_hap1_hprc_r2_v1.0.1.merged	diagonal-distance	16	heuristic	1866718001	199370464	13643180	61321013	3.47	87736	3.18	17804	1.53	4596	49.09	27438436	761217	759656	1561	0
hprcv2-25k	HG00323_hap1_hprc_r2_v1.0.1.merged	diagonal-distance	32	heuristic	1866718001	165073722	8923758	49047198	3.42	86380	2.77	17724	1.12	4524	54.89	28390628	761217	756786	4431	0
hprcv2-25k	HG00323_hap1_hprc_r2_v1.0.1.merged	diagonal-distance	64	heuristic	1866718001	145254679	6227962	41899311	3.22	86144	2.45	17520	0.88	4448	81.33	35869380	761217	744365	16852	0
hprcv2-25k	HG00323_hap1_hprc_r2_v1.0.1.merged	edit-distance	128	heuristic	1866718001	167523679	7731521	48420223	3.38	79956	2.79	11472	1.15	4520	34.49	15101692	761217	735493	25724	0
hprcv2-25k	HG00323_hap1_hprc_r2_v1.0.1.merged	edit-distance	16	heuristic	1866718001	405611923	36142184	121812345	3.71	88720	5.81	11724	4	4848	35.71	10189668	761217	760701	516	0
hprcv2-25k	HG00323_hap1_hprc_r2_v1.0.1.merged	edit-distance	256	heuristic	1866718001	143367264	5091397	40979341	3.23	79972	2.46	11604	0.9	4604	54.27	14656232	761217	720201	41016	0
hprcv2-25k	HG00323_hap1_hprc_r2_v1.0.1.merged	edit-distance	32	heuristic	1866718001	283107306	20778623	82862260	2.98	83384	4.28	11580	2.49	4688	26.81	11496852	761217	759926	1291	0
hprcv2-25k	HG00323_hap1_hprc_r2_v1.0.1.merged	edit-distance	64	heuristic	1866718001	209675365	12351535	60771679	3.22	81264	3.33	11608	1.65	4680	29.02	12903428	761217	755832	5385	0
hprcv2-25k	HG00323_hap2_hprc_r2_v1.0.1.merged	diagonal-distance	16	heuristic	2357263393	246812714	17131769	76213016	3.86	83792	3.99	13088	1.91	4676	65.64	28197924	933794	932108	1686	0
hprcv2-25k	HG00323_hap2_hprc_r2_v1.0.1.merged	diagonal-distance	32	heuristic	2357263393	204135350	11253615	60947980	4.31	88848	3.36	19104	1.39	4728	74.36	30796564	933794	928811	4983	0
hprcv2-25k	HG00323_hap2_hprc_r2_v1.0.1.merged	diagonal-distance	64	heuristic	2357263393	179193928	7850575	51940573	4.22	88972	3.03	19180	1.08	4632	106.24	37338356	933794	914857	18937	0
hprcv2-25k	HG00323_hap2_hprc_r2_v1.0.1.merged	edit-distance	128	heuristic	2357263393	207240395	9754675	60059477	4.12	89640	3.43	19164	1.44	4524	42.7	14566520	933794	904645	29149	0
hprcv2-25k	HG00323_hap2_hprc_r2_v1.0.1.merged	edit-distance	16	heuristic	2357263393	507034525	45714351	152272684	4.48	89028	7.31	13240	4.97	4852	44.15	11499580	933794	933220	574	0
hprcv2-25k	HG00323_hap2_hprc_r2_v1.0.1.merged	edit-distance	256	heuristic	2357263393	176717126	6391500	50627245	4.33	90580	3.1	19236	1.11	4748	65.95	15665600	933794	886592	47202	0
hprcv2-25k	HG00323_hap2_hprc_r2_v1.0.1.merged	edit-distance	32	heuristic	2357263393	352928776	26297766	103421221	3.89	88796	5.35	15152	3.12	4476	33.28	11672600	933794	932339	1455	0
hprcv2-25k	HG00323_hap2_hprc_r2_v1.0.1.merged	edit-distance	64	heuristic	2357263393	260387743	15627333	75642568	4.17	90184	4.15	19220	2.05	4804	36.05	13862620	933794	927753	6041	0
hprcv2-25k	HG00329_hap1_hprc_r2_v1.0.1.merged	diagonal-distance	16	heuristic	2049145952	221884741	15050982	68157605	3.88	89212	3.62	18452	1.75	4776	161.53	61186016	854262	852732	1530	0
hprcv2-25k	HG00329_hap1_hprc_r2_v1.0.1.merged	diagonal-distance	32	heuristic	2049145952	184610420	9913051	54830071	3.75	87964	2.99	18356	1.22	4440	134.76	60457224	854262	849608	4654	0
hprcv2-25k	HG00329_hap1_hprc_r2_v1.0.1.merged	diagonal-distance	64	heuristic	2049145952	163004152	6962191	47032989	3.79	87604	2.72	20540	0.97	4580	139.04	59582408	854262	836617	17645	0
hprcv2-25k	HG00329_hap1_hprc_r2_v1.0.1.merged	edit-distance	128	heuristic	2049145952	186946788	8577517	54051181	3.91	82096	3.15	12344	1.28	4544	36.89	17161112	854262	827034	27228	0
hprcv2-25k	HG00329_hap1_hprc_r2_v1.0.1.merged	edit-distance	16	heuristic	2049145952	447351462	39841682	134385819	3.97	94472	6.45	18584	4.38	4708	35.25	8654040	854262	853754	508	0
hprcv2-25k	HG00329_hap1_hprc_r2_v1.0.1.merged	edit-distance	256	heuristic	2049145952	160576327	5669598	45881465	3.81	87600	2.77	18432	0.99	4668	56.68	16567076	854262	810564	43698	0
hprcv2-25k	HG00329_hap1_hprc_r2_v1.0.1.merged	edit-distance	32	heuristic	2049145952	313437591	22929953	91725768	3.7	93376	4.78	20664	2.77	4680	28.52	11380088	854262	852955	1307	0
hprcv2-25k	HG00329_hap1_hprc_r2_v1.0.1.merged	edit-distance	64	heuristic	2049145952	233173302	13673522	67581461	3.81	83232	3.72	12432	1.8	4640	30.93	14085264	854262	848714	5548	0
hprcv2-25k	HG00329_hap2_hprc_r2_v1.0.1.merged	diagonal-distance	16	heuristic	1982299046	209924935	14716649	64559054	3.28	84400	3.37	13812	1.63	4616	55.94	29933540	777354	775824	1530	0
hprcv2-25k	HG00329_hap2_hprc_r2_v1.0.1.merged	diagonal-distance	32	heuristic	1982299046	172884615	9599796	51295009	3.68	86864	2.87	17920	1.16	4468	82.68	36935744	777354	772879	4475	0
hprcv2-25k	HG00329_hap2_hprc_r2_v1.0.1.merged	diagonal-distance	64	heuristic	1982299046	151237860	6635773	43473852	3.32	82304	2.53	17952	0.91	4572	104.05	39254900	777354	760475	16879	0
hprcv2-25k	HG00329_hap2_hprc_r2_v1.0.1.merged	edit-distance	128	heuristic	1982299046	175065775	8267714	50403999	3.59	82468	2.92	13816	1.22	4448	36.6	15385568	777354	751801	25553	0
hprcv2-25k	HG00329_hap2_hprc_r2_v1.0.1.merged	edit-distance	16	heuristic	1982299046	429416731	38878056	128813521	3.82	93208	6.17	17936	4.53	4772	36.49	9885780	777354	776880	474	0
hprcv2-25k	HG00329_hap2_hprc_r2_v1.0.1.merged	edit-distance	256	heuristic	1982299046	149332825	5426433	42454206	3.54	89108	2.58	17864	0.93	4512	57.09	15886932	777354	736162	41192	0
hprcv2-25k	HG00329_hap2_hprc_r2_v1.0.1.merged	edit-distance	32	heuristic	1982299046	298944961	22373226	87317185	3.56	90388	4.49	17856	2.67	4672	28.17	12107960	777354	776087	1267	0
hprcv2-25k	HG00329_hap2_hprc_r2_v1.0.1.merged	edit-distance	64	heuristic	1982299046	220191851	13254737	63604985	3.57	87268	3.52	17980	1.73	4664	30.4	14602808	777354	771958	5396	0
hprcv2-25k	HG00344_hap1_hprc_r2_v1.0.1.merged	diagonal-distance	16	heuristic	2054407484	214812140	14879221	65987239	3.6	88084	3.47	13868	1.65	4612	166.83	60688588	806744	805141	1603	0
hprcv2-25k	HG00344_hap1_hprc_r2_v1.0.1.merged	diagonal-distance	32	heuristic	2054407484	177045851	9666264	52456945	3.52	86820	2.92	18056	1.21	4448	137.05	58836676	806744	802027	4717	0
hprcv2-25k	HG00344_hap1_hprc_r2_v1.0.1.merged	diagonal-distance	64	heuristic	2054407484	155087318	6667775	44526412	3.39	86440	2.59	19944	0.94	4556	140.98	59419888	806744	788658	18086	0
hprcv2-25k	HG00344_hap1_hprc_r2_v1.0.1.merged	edit-distance	128	heuristic	2054407484	180285536	8424986	51831235	3.5	86564	2.99	18116	1.27	4512	37.1	15777568	806744	779104	27640	0
hprcv2-25k	HG00344_hap1_hprc_r2_v1.0.1.merged	edit-distance	16	heuristic	2054407484	442954511	39968021	132604724	4.15	95580	6.26	18116	4.39	4700	37.25	8674488	806744	806181	563	0
hprcv2-25k	HG00344_hap1_hprc_r2_v1.0.1.merged	edit-distance	256	heuristic	2054407484	153728362	5513411	43678396	3.58	86200	2.64	18020	0.96	4464	57.91	14684004	806744	761928	44816	0
hprcv2-25k	HG00344_hap1_hprc_r2_v1.0.1.merged	edit-distance	32	heuristic	2054407484	307785255	22900752	89732850	3.51	90572	4.61	18012	2.75	4704	28.5	10020412	806744	805418	1326	0
hprcv2-25k	HG00344_hap1_hprc_r2_v1.0.1.merged	edit-distance	64	heuristic	2054407484	226739030	13534275	65372963	3.41	88056	3.6	18004	1.76	4700	31.09	13868316	806744	801077	5667	0
hprcv2-25k	HG00344_hap2_hprc_r2_v1.0.1.merged	diagonal-distance	16	heuristic	2082660036	222920954	15095610	68171621	3.73	88376	3.61	18480	1.71	4736	51.77	27673240	860137	858570	1567	0
hprcv2-25k	HG00344_hap2_hprc_r2_v1.0.1.merged	diagonal-distance	32	heuristic	2082660036	185194939	9896532	54679932	3.5	84664	3.1	18604	1.22	4520	59.79	28193168	860137	855609	4528	0
hprcv2-25k	HG00344_hap2_hprc_r2_v1.0.1.merged	diagonal-distance	64	heuristic	2082660036	163107428	6879883	46717312	3.71	87012	2.72	20456	1.06	4448	92.04	35722056	860137	842848	17289	0
hprcv2-25k	HG00344_hap2_hprc_r2_v1.0.1.merged	edit-distance	128	heuristic	2082660036	187871989	8589200	53999873	3.64	89320	3.13	18452	1.3	4580	37.88	17235028	860137	834094	26043	0
hprcv2-25k	HG00344_hap2_hprc_r2_v1.0.1.merged	edit-distance	16	heuristic	2082660036	452130279	40343509	135226006	3.99	92960	6.52	18464	4.43	4772	38.64	9741508	860137	859592	545	0
hprcv2-25k	HG00344_hap2_hprc_r2_v1.0.1.merged	edit-distance	256	heuristic	2082660036	161200772	5642089	45749868	3.72	87048	2.77	18576	1	4576	58.32	15526660	860137	817626	42511	0
hprcv2-25k	HG00344_hap2_hprc_r2_v1.0.1.merged	edit-distance	32	heuristic	2082660036	316242641	23194175	92201603	3.8	90356	4.79	18612	2.74	4660	28.8	11773924	860137	858819	1318	0
hprcv2-25k	HG00344_hap2_hprc_r2_v1.0.1.merged	edit-distance	64	heuristic	2082660036	234724747	13758617	67682645	3.64	87404	3.76	18488	1.82	4660	31.64	15466872	860137	854673	5464	0
hprcv2-25k	HG00350_hap1_hprc_r2_v1.0.1.merged	diagonal-distance	16	heuristic	1926464120	207569282	14021272	63466367	3.42	87148	3.39	18144	1.61	4664	51.78	29683276	802753	801345	1408	0
hprcv2-25k	HG00350_hap1_hprc_r2_v1.0.1.merged	diagonal-distance	32	heuristic	1926464120	172148034	9141164	50790148	3.48	85064	2.88	17944	1.15	4456	73.66	36991304	802753	798686	4067	0
hprcv2-25k	HG00350_hap1_hprc_r2_v1.0.1.merged	diagonal-distance	64	heuristic	1926464120	151805141	6367501	43448026	3.12	85084	2.55	18204	0.9	4504	94.44	39276264	802753	787343	15410	0
hprcv2-25k	HG00350_hap1_hprc_r2_v1.0.1.merged	edit-distance	128	heuristic	1926464120	174871787	7958123	50216039	3.46	81796	2.96	14020	1.21	4588	35.84	15991084	802753	779675	23078	0
hprcv2-25k	HG00350_hap1_hprc_r2_v1.0.1.merged	edit-distance	16	heuristic	1926464120	419802948	37333188	125639954	3.93	90880	6.04	18212	4.13	4688	35.84	10534964	802753	802281	472	0
hprcv2-25k	HG00350_hap1_hprc_r2_v1.0.1.merged	edit-distance	256	heuristic	1926464120	150219502	5249440	42615797	3.4	81252	2.58	14040	0.92	4384	53.93	14847060	802753	765720	37033	0
hprcv2-25k	HG00350_hap1_hprc_r2_v1.0.1.merged	edit-distance	32	heuristic	1926464120	293958929	21460011	85645706	3.27	88640	4.42	18148	2.58	4780	27.15	12665168	802753	801614	1139	0
hprcv2-25k	HG00350_hap1_hprc_r2_v1.0.1.merged	edit-distance	64	heuristic	1926464120	218151661	12716819	62859861	3.42	86252	3.47	13984	1.7	4680	29.78	14151328	802753	797900	4853	0
hprcv2-25k	HG00350_hap2_hprc_r2_v1.0.1.merged	diagonal-distance	16	heuristic	2252048744	237069658	16229175	72546058	3.8	88716	3.83	18688	1.81	4664	165.42	56829420	897446	895827	1619	0
hprcv2-25k	HG00350_hap2_hprc_r2_v1.0.1.merged	diagonal-distance	32	heuristic	2252048744	195854865	10558159	57801056	4.06	87956	3.24	18860	1.32	4508	149.88	56212692	897446	892650	4796	0
hprcv2-25k	HG00350_hap2_hprc_r2_v1.0.1.merged	diagonal-distance	64	heuristic	2252048744	171987687	7306785	49189187	3.76	88900	2.88	18888	1.03	4452	176.28	60068356	897446	878862	18584	0
hprcv2-25k	HG00350_hap2_hprc_r2_v1.0.1.merged	edit-distance	128	heuristic	2252048744	199271184	9192039	57132037	4.11	90044	3.32	18880	1.37	4444	40.9	16200028	897446	868982	28464	0
hprcv2-25k	HG00350_hap2_hprc_r2_v1.0.1.merged	edit-distance	16	heuristic	2252048744	486409787	43565992	145412729	4.54	94248	7.02	18916	4.77	4580	42.47	10054920	897446	896927	519	0
hprcv2-25k	HG00350_hap2_hprc_r2_v1.0.1.merged	edit-distance	256	heuristic	2252048744	170388966	6025627	48237547	3.94	87212	2.89	20748	1.05	4580	62.37	15542004	897446	851568	45878	0
hprcv2-25k	HG00350_hap2_hprc_r2_v1.0.1.merged	edit-distance	32	heuristic	2252048744	338651354	24977845	98580385	3.88	90604	5.07	18720	2.98	4544	31.86	12306180	897446	896154	1292	0
hprcv2-25k	HG00350_hap2_hprc_r2_v1.0.1.merged	edit-distance	64	heuristic	2252048744	250064179	14764339	71937817	4.03	88476	3.97	16748	1.95	4740	34.47	14115812	897446	891643	5803	0
hprcv2-25k	HG00408_mat_hprc_r2_v1.0.1.merged	diagonal-distance	16	heuristic	1644545621	173826103	12059859	53533240	3.08	85812	2.82	16536	1.33	4300	88.53	48043680	656455	655212	1243	0
hprcv2-25k	HG00408_mat_hprc_r2_v1.0.1.merged	diagonal-distance	32	heuristic	1644545621	143571166	7879048	42695378	2.92	83668	2.35	16648	0.97	4544	84.75	47966052	656455	652782	3673	0
hprcv2-25k	HG00408_mat_hprc_r2_v1.0.1.merged	diagonal-distance	64	heuristic	1644545621	125865979	5455278	36297907	2.82	81848	2.08	16676	0.77	4356	90.55	48027188	656455	642315	14140	0
hprcv2-25k	HG00408_mat_hprc_r2_v1.0.1.merged	edit-distance	128	heuristic	1644545621	145630260	6805267	42011210	2.94	80136	2.39	12524	1	4404	30.01	15964844	656455	635167	21288	0
hprcv2-25k	HG00408_mat_hprc_r2_v1.0.1.merged	edit-distance	16	heuristic	1644545621	355833734	32087689	106664216	3.23	90140	5.1	12712	3.49	4640	27.87	9184088	656455	656036	419	0
hprcv2-25k	HG00408_mat_hprc_r2_v1.0.1.merged	edit-distance	256	heuristic	1644545621	124338690	4456344	35434605	2.83	79960	2.13	12612	0.78	4324	47.66	16610480	656455	621895	34560	0
hprcv2-25k	HG00408_mat_hprc_r2_v1.0.1.merged	edit-distance	32	heuristic	1644545621	247757443	18436777	72414196	3.04	83776	3.73	12676	2.19	4360	23.19	11103308	656455	655385	1070	0
hprcv2-25k	HG00408_mat_hprc_r2_v1.0.1.merged	edit-distance	64	heuristic	1644545621	182840243	10924529	52902280	2.92	81336	2.89	12388	1.43	4324	25.44	13918316	656455	652121	4334	0
hprcv2-25k	HG00408_pat_hprc_r2_v1.0.1.merged	diagonal-distance	16	heuristic	2043929909	210798064	14882634	65154568	3.57	86968	3.4	17752	1.67	4596	56.68	30064212	774894	773376	1518	0
hprcv2-25k	HG00408_pat_hprc_r2_v1.0.1.merged	diagonal-distance	32	heuristic	2043929909	172955391	9674069	51612882	3.52	85584	2.88	17860	1.18	4624	64.63	32656752	774894	770498	4396	0
hprcv2-25k	HG00408_pat_hprc_r2_v1.0.1.merged	diagonal-distance	64	heuristic	2043929909	151029530	6688993	43706109	3.39	86876	2.54	17936	0.93	4448	96.34	41055940	774894	758605	16289	0
hprcv2-25k	HG00408_pat_hprc_r2_v1.0.1.merged	edit-distance	128	heuristic	2043929909	176005976	8405196	50914824	3.42	81676	2.89	11664	1.23	4516	37.99	17340764	774894	750622	24272	0
hprcv2-25k	HG00408_pat_hprc_r2_v1.0.1.merged	edit-distance	16	heuristic	2043929909	438276247	39803887	131652281	3.84	92236	6.22	17968	4.39	4708	40.26	9624728	774894	774358	536	0
hprcv2-25k	HG00408_pat_hprc_r2_v1.0.1.merged	edit-distance	256	heuristic	2043929909	149605319	5526688	42827969	3.28	85288	2.56	17876	0.95	4576	59.31	16808576	774894	735665	39229	0
hprcv2-25k	HG00408_pat_hprc_r2_v1.0.1.merged	edit-distance	32	heuristic	2043929909	303465556	22822509	88806136	3.55	89396	4.56	17844	2.73	4520	29.15	9963084	774894	773602	1292	0
hprcv2-25k	HG00408_pat_hprc_r2_v1.0.1.merged	edit-distance	64	heuristic	2043929909	222406035	13499504	64463579	3.46	88960	3.51	17732	1.75	4596	32.05	15196648	774894	769697	5197	0
hprcv2-25k	HG00423_mat_hprc_r2_v1.0.1.merged	diagonal-distance	16	heuristic	1888126076	199243443	13888798	61615886	3.41	86576	3.19	17676	1.58	4732	55.61	29292760	744421	742983	1438	0
hprcv2-25k	HG00423_mat_hprc_r2_v1.0.1.merged	diagonal-distance	32	heuristic	1888126076	163960451	9034744	48990604	3.33	84660	2.69	13652	1.12	4576	66.33	29602852	744421	740376	4045	0
hprcv2-25k	HG00423_mat_hprc_r2_v1.0.1.merged	diagonal-distance	64	heuristic	1888126076	143496457	6246978	41604644	3.3	84448	2.4	17572	0.86	4520	114.59	38867504	744421	729064	15357	0
hprcv2-25k	HG00423_mat_hprc_r2_v1.0.1.merged	edit-distance	128	heuristic	1888126076	166289030	7782406	48203654	3.39	84916	2.76	17656	1.17	4512	35.54	17617812	744421	721477	22944	0
hprcv2-25k	HG00423_mat_hprc_r2_v1.0.1.merged	edit-distance	16	heuristic	1888126076	408410490	36695365	122933422	3.63	91204	5.91	19696	4.03	4764	34.01	9176976	744421	743957	464	0
hprcv2-25k	HG00423_mat_hprc_r2_v1.0.1.merged	edit-distance	256	heuristic	1888126076	141690544	5094127	40623152	3.33	84604	2.46	17656	0.88	4520	54.92	17681276	744421	707566	36855	0
hprcv2-25k	HG00423_mat_hprc_r2_v1.0.1.merged	edit-distance	32	heuristic	1888126076	284181623	21076981	83289732	3.43	90488	4.26	17700	2.53	4604	27.12	10712988	744421	743231	1190	0
hprcv2-25k	HG00423_mat_hprc_r2_v1.0.1.merged	edit-distance	64	heuristic	1888126076	209341672	12494963	60775250	3.25	86176	3.37	17720	1.65	4760	30.03	14382324	744421	739618	4803	0
hprcv2-25k	HG00423_pat_hprc_r2_v1.0.1.merged	diagonal-distance	16	heuristic	2067918166	216146017	15041858	66762330	3.78	89764	3.51	18160	1.69	4648	57.25	29923252	812489	811028	1461	0
hprcv2-25k	HG00423_pat_hprc_r2_v1.0.1.merged	diagonal-distance	32	heuristic	2067918166	178238687	9825100	53200885	3.84	90688	2.97	18164	1.2	4588	68.27	33142916	812489	808248	4241	0
hprcv2-25k	HG00423_pat_hprc_r2_v1.0.1.merged	diagonal-distance	64	heuristic	2067918166	156301050	6836960	45288050	3.6	88080	2.62	20260	0.94	4508	93.68	38417464	812489	796027	16462	0
hprcv2-25k	HG00423_pat_hprc_r2_v1.0.1.merged	edit-distance	128	heuristic	2067918166	181238395	8541200	52520953	3.48	84556	3.06	14028	1.26	4488	37.96	16725680	812489	787473	25016	0
hprcv2-25k	HG00423_pat_hprc_r2_v1.0.1.merged	edit-distance	16	heuristic	2067918166	445154238	40140895	133735862	4.09	94636	6.5	18220	4.38	4744	38.56	9655520	812489	812047	442	0
hprcv2-25k	HG00423_pat_hprc_r2_v1.0.1.merged	edit-distance	256	heuristic	2067918166	154457670	5605069	44267629	3.58	88084	2.65	18156	0.97	4588	58.52	15510848	812489	771631	40858	0
hprcv2-25k	HG00423_pat_hprc_r2_v1.0.1.merged	edit-distance	32	heuristic	2067918166	309478704	23047486	90622879	3.53	92360	4.72	18148	2.76	4760	29.75	11698464	812489	811297	1192	0
hprcv2-25k	HG00423_pat_hprc_r2_v1.0.1.merged	edit-distance	64	heuristic	2067918166	227977300	13679188	66180711	3.73	85640	3.63	13964	1.84	4696	32.14	15227316	812489	807413	5076	0
hprcv2-25k	HG00438_mat_hprc_r2_v1.0.1.merged	diagonal-distance	16	heuristic	1922382695	204548235	14614806	63516508	3.32	84272	3.25	13580	1.62	4688	51.93	29350492	755243	753614	1629	0
hprcv2-25k	HG00438_mat_hprc_r2_v1.0.1.merged	diagonal-distance	32	heuristic	1922382695	168148066	9555554	50463331	3.35	87568	2.78	17520	1.18	4524	62.7	31802276	755243	750488	4755	0
hprcv2-25k	HG00438_mat_hprc_r2_v1.0.1.merged	diagonal-distance	64	heuristic	1922382695	146745227	6604217	42707807	3.54	86308	2.49	17552	0.9	4536	88.74	39049568	755243	737013	18230	0
hprcv2-25k	HG00438_mat_hprc_r2_v1.0.1.merged	edit-distance	128	heuristic	1922382695	169650302	8137621	49274966	3.37	87348	2.81	17668	1.2	4412	35.53	17215916	755243	728645	26598	0
hprcv2-25k	HG00438_mat_hprc_r2_v1.0.1.merged	edit-distance	16	heuristic	1922382695	417642460	38143395	125854605	3.61	93924	6.16	13656	4.11	4596	33.26	8288008	755243	754712	531	0
hprcv2-25k	HG00438_mat_hprc_r2_v1.0.1.merged	edit-distance	256	heuristic	1922382695	144076603	5299461	41355136	3.32	83284	2.49	15552	0.91	4496	55.69	16890808	755243	712459	42784	0
hprcv2-25k	HG00438_mat_hprc_r2_v1.0.1.merged	edit-distance	32	heuristic	1922382695	290705915	21984357	85334162	3.37	90080	4.39	17696	2.59	4704	26.87	9791208	755243	753923	1320	0
hprcv2-25k	HG00438_mat_hprc_r2_v1.0.1.merged	edit-distance	64	heuristic	1922382695	213964747	13073894	62258606	3.35	86116	3.4	13532	1.7	4676	29.36	15418976	755243	749663	5580	0
hprcv2-25k	HG00438_pat_hprc_r2_v1.0.1.merged	diagonal-distance	16	heuristic	2229594824	242935128	16448361	74780743	3.93	88608	3.94	19168	1.87	4656	152.33	53011728	950677	948950	1727	0
hprcv2-25k	HG00438_pat_hprc_r2_v1.0.1.merged	diagonal-distance	32	heuristic	2229594824	201755796	10773188	60044894	4.12	87584	3.36	19244	1.34	4668	123.29	50488084	950677	945623	5054	0
hprcv2-25k	HG00438_pat_hprc_r2_v1.0.1.merged	diagonal-distance	64	heuristic	2229594824	177467875	7456136	51279178	3.9	87176	2.98	19348	1.06	4328	129.74	50070380	950677	931367	19310	0
hprcv2-25k	HG00438_pat_hprc_r2_v1.0.1.merged	edit-distance	128	heuristic	2229594824	203779656	9220030	59004840	4.12	87772	3.4	15256	1.4	4812	40.82	17660992	950677	921165	29512	0
hprcv2-25k	HG00438_pat_hprc_r2_v1.0.1.merged	edit-distance	16	heuristic	2229594824	488368397	43342964	146774841	4.57	93892	7.02	19480	4.77	4600	38.03	9645692	950677	950111	566	0
hprcv2-25k	HG00438_pat_hprc_r2_v1.0.1.merged	edit-distance	256	heuristic	2229594824	174949921	6053187	50094106	4.16	86932	3.04	19300	1.09	4524	62.98	15807056	950677	902737	47940	0
hprcv2-25k	HG00438_pat_hprc_r2_v1.0.1.merged	edit-distance	32	heuristic	2229594824	342350411	24934912	100292475	4.09	86656	5.19	13140	2.99	4724	31.47	10319124	950677	949201	1476	0
hprcv2-25k	HG00438_pat_hprc_r2_v1.0.1.merged	edit-distance	64	heuristic	2229594824	254349977	14788946	73796741	4.09	88460	4.05	19252	1.98	4720	34.46	14810648	950677	944683	5994	0
hprcv2-25k	HG00544_mat_hprc_r2_v1.0.1.merged	diagonal-distance	16	heuristic	1804359934	191206147	13070466	58783782	3.17	86220	3.09	17432	1.47	4704	43.41	27875244	733220	731856	1364	0
hprcv2-25k	HG00544_mat_hprc_r2_v1.0.1.merged	diagonal-distance	32	heuristic	1804359934	158207120	8528457	46974407	3.16	84332	2.64	17452	1.08	4512	49.62	28652144	733220	729250	3970	0
hprcv2-25k	HG00544_mat_hprc_r2_v1.0.1.merged	diagonal-distance	64	heuristic	1804359934	139106541	5928253	40086173	3.3	84672	2.35	17360	0.83	4532	78.35	37673620	733220	718069	15151	0
hprcv2-25k	HG00544_mat_hprc_r2_v1.0.1.merged	edit-distance	128	heuristic	1804359934	160712062	7402312	46401312	3.3	84988	2.67	17472	1.11	4504	33.53	17467792	733220	709839	23381	0
hprcv2-25k	HG00544_mat_hprc_r2_v1.0.1.merged	edit-distance	16	heuristic	1804359934	390610368	34938653	117126742	3.42	90564	5.61	17572	3.82	4712	31.74	8855864	733220	732810	410	0
hprcv2-25k	HG00544_mat_hprc_r2_v1.0.1.merged	edit-distance	256	heuristic	1804359934	137551195	4869798	39277507	3.13	84476	2.36	19556	0.84	4504	51.82	16675820	733220	695122	38098	0
hprcv2-25k	HG00544_mat_hprc_r2_v1.0.1.merged	edit-distance	32	heuristic	1804359934	272406558	20052191	79623253	3.08	88420	4.11	17488	2.39	4748	25.33	10004788	733220	732098	1122	0
hprcv2-25k	HG00544_mat_hprc_r2_v1.0.1.merged	edit-distance	64	heuristic	1804359934	201362766	11881922	58319710	3.28	86044	3.19	17476	1.56	4580	28	14147204	733220	728508	4712	0
hprcv2-25k	HG00544_pat_hprc_r2_v1.0.1.merged	diagonal-distance	16	heuristic	2125389644	228863949	15541527	70266130	3.61	87868	3.77	18688	1.78	4668	69.94	33508668	886179	884624	1555	0
hprcv2-25k	HG00544_pat_hprc_r2_v1.0.1.merged	diagonal-distance	32	heuristic	2125389644	189729153	10145568	56265608	3.99	85692	3.17	20828	1.26	4524	88.18	38404344	886179	881563	4616	0
hprcv2-25k	HG00544_pat_hprc_r2_v1.0.1.merged	diagonal-distance	64	heuristic	2125389644	167135914	7062753	48114976	3.91	86832	2.83	18728	1	4508	114.91	44236984	886179	868155	18024	0
hprcv2-25k	HG00544_pat_hprc_r2_v1.0.1.merged	edit-distance	128	heuristic	2125389644	192449684	8793634	55542256	4.04	86452	3.24	18752	1.33	4512	38.87	16838232	886179	858674	27505	0
hprcv2-25k	HG00544_pat_hprc_r2_v1.0.1.merged	edit-distance	16	heuristic	2125389644	462719068	41262363	138853692	4.2	95296	6.76	18892	4.53	4556	37.08	9034256	886179	885697	482	0
hprcv2-25k	HG00544_pat_hprc_r2_v1.0.1.merged	edit-distance	256	heuristic	2125389644	165143996	5794271	47124443	3.67	84048	2.84	18744	1.02	4532	60.32	16409408	886179	840421	45758	0
hprcv2-25k	HG00544_pat_hprc_r2_v1.0.1.merged	edit-distance	32	heuristic	2125389644	323985673	23736425	94728253	3.69	89828	4.95	18804	2.82	4700	29.75	10019028	886179	884865	1314	0
hprcv2-25k	HG00544_pat_hprc_r2_v1.0.1.merged	edit-distance	64	heuristic	2125389644	240418659	14078484	69570034	4	87584	3.82	18768	1.87	4748	32.71	15112636	886179	880757	5422	0
hprcv2-25k	HG00558_mat_hprc_r2_v1.0.1.merged	diagonal-distance	16	heuristic	1925468077	206141538	13994985	63340790	3.52	84732	3.34	13848	1.59	4604	97.9	44941612	799248	797753	1495	0
hprcv2-25k	HG00558_mat_hprc_r2_v1.0.1.merged	diagonal-distance	32	heuristic	1925468077	170626116	9107559	50638696	3.41	83672	2.86	14060	1.17	4600	101.09	46862332	799248	795010	4238	0
hprcv2-25k	HG00558_mat_hprc_r2_v1.0.1.merged	diagonal-distance	64	heuristic	1925468077	150115723	6316600	43245634	3.48	83776	2.52	13980	0.89	4540	105.45	46004096	799248	783522	15726	0
hprcv2-25k	HG00558_mat_hprc_r2_v1.0.1.merged	edit-distance	128	heuristic	1925468077	173246712	7902124	50063593	3.44	81628	2.88	11944	1.19	4552	36.07	16304212	799248	775754	23494	0
hprcv2-25k	HG00558_mat_hprc_r2_v1.0.1.merged	edit-distance	16	heuristic	1925468077	418574262	37276930	125776786	3.96	94344	6.01	18200	4.08	4620	36.91	9901772	799248	798785	463	0
hprcv2-25k	HG00558_mat_hprc_r2_v1.0.1.merged	edit-distance	256	heuristic	1925468077	148589610	5206197	42475355	3.41	81672	2.57	11908	0.92	4508	54.96	16075060	799248	761343	37905	0
hprcv2-25k	HG00558_mat_hprc_r2_v1.0.1.merged	edit-distance	32	heuristic	1925468077	292623378	21406642	85637867	3.2	87592	4.44	12000	2.57	4592	27.84	11673160	799248	798026	1222	0
hprcv2-25k	HG00558_mat_hprc_r2_v1.0.1.merged	edit-distance	64	heuristic	1925468077	216777600	12668784	62770739	3.77	85072	3.48	13952	1.69	4684	30.47	15859760	799248	794213	5035	0
hprcv2-25k	HG00558_pat_hprc_r2_v1.0.1.merged	diagonal-distance	16	heuristic	2159126994	220577173	15683492	68552630	3.67	90196	3.58	20284	1.75	4692	63.94	31080308	809211	807677	1534	0
hprcv2-25k	HG00558_pat_hprc_r2_v1.0.1.merged	diagonal-distance	32	heuristic	2159126994	180470542	10174685	54211113	3.68	90616	3.01	18208	1.24	4576	69.68	32183860	809211	804859	4352	0
hprcv2-25k	HG00558_pat_hprc_r2_v1.0.1.merged	diagonal-distance	64	heuristic	2159126994	157131115	6998693	45794828	3.73	87760	2.65	18120	0.96	4416	96.29	36605060	809211	792896	16315	0
hprcv2-25k	HG00558_pat_hprc_r2_v1.0.1.merged	edit-distance	128	heuristic	2159126994	183568384	8798863	53341268	3.7	89024	3.05	18068	1.28	4508	40.17	17658100	809211	784597	24614	0
hprcv2-25k	HG00558_pat_hprc_r2_v1.0.1.merged	edit-distance	16	heuristic	2159126994	461101130	41924978	138762274	4.08	90892	6.54	18196	4.53	4788	41.2	9558648	809211	808724	487	0
hprcv2-25k	HG00558_pat_hprc_r2_v1.0.1.merged	edit-distance	256	heuristic	2159126994	155419486	5719766	44683973	3.67	88400	2.68	18176	0.98	4596	61.38	16819784	809211	769469	39742	0
hprcv2-25k	HG00558_pat_hprc_r2_v1.0.1.merged	edit-distance	32	heuristic	2159126994	318609244	24031592	93467164	3.73	92188	5.05	14164	2.84	4548	30.99	12184868	809211	807911	1300	0
hprcv2-25k	HG00558_pat_hprc_r2_v1.0.1.merged	edit-distance	64	heuristic	2159126994	232887455	14194296	67714551	3.88	89804	3.7	12064	1.84	4724	34.04	14856124	809211	804040	5171	0
hprcv2-25k	HG00597_mat_hprc_r2_v1.0.1.merged	diagonal-distance	16	heuristic	2320377389	241600295	16464989	74327972	4.16	82948	3.93	12968	1.85	4748	67.35	30724776	927053	925430	1623	0
hprcv2-25k	HG00597_mat_hprc_r2_v1.0.1.merged	diagonal-distance	32	heuristic	2320377389	200052295	10766476	59483125	4	81860	3.34	12796	1.34	4620	88.24	36600512	927053	922555	4498	0
hprcv2-25k	HG00597_mat_hprc_r2_v1.0.1.merged	diagonal-distance	64	heuristic	2320377389	176161542	7523376	50878469	4.06	88016	2.96	19060	1.06	4512	127.58	46222612	927053	909492	17561	0
hprcv2-25k	HG00597_mat_hprc_r2_v1.0.1.merged	edit-distance	128	heuristic	2320377389	204141408	9467615	59092039	3.68	88252	3.43	19104	1.41	4792	43.57	19081560	927053	900184	26869	0
hprcv2-25k	HG00597_mat_hprc_r2_v1.0.1.merged	edit-distance	16	heuristic	2320377389	497917767	44532434	149406196	4.51	94540	7.13	19184	4.9	4712	43.23	10348016	927053	926515	538	0
hprcv2-25k	HG00597_mat_hprc_r2_v1.0.1.merged	edit-distance	256	heuristic	2320377389	174727346	6234723	49992959	4.1	88772	2.99	18984	1.1	4564	65.85	16082500	927053	882910	44143	0
hprcv2-25k	HG00597_mat_hprc_r2_v1.0.1.merged	edit-distance	32	heuristic	2320377389	346758238	25545368	101434071	3.94	90892	5.26	19104	3.03	4736	33.27	12683792	927053	925711	1342	0
hprcv2-25k	HG00597_mat_hprc_r2_v1.0.1.merged	edit-distance	64	heuristic	2320377389	255880401	15135428	74209683	4.14	89372	4.08	19160	2.02	4740	36.59	16060544	927053	921610	5443	0
hprcv2-25k	HG00597_pat_hprc_r2_v1.0.1.merged	diagonal-distance	16	heuristic	1786714181	188240817	13214569	58256443	3.18	86700	3.04	17208	1.47	4732	47.32	29955556	703088	701794	1294	0
hprcv2-25k	HG00597_pat_hprc_r2_v1.0.1.merged	diagonal-distance	32	heuristic	1786714181	155333586	8665695	46462350	3.21	85024	2.56	15160	1.08	4432	59.51	32304208	703088	699366	3722	0
hprcv2-25k	HG00597_pat_hprc_r2_v1.0.1.merged	diagonal-distance	64	heuristic	1786714181	136110750	6034013	39514397	2.96	86784	2.3	17104	0.83	4380	82.49	38324076	703088	688502	14586	0
hprcv2-25k	HG00597_pat_hprc_r2_v1.0.1.merged	edit-distance	128	heuristic	1786714181	157348952	7474013	45664116	3.23	85424	2.63	13228	1.1	4560	33.15	17442604	703088	681242	21846	0
hprcv2-25k	HG00597_pat_hprc_r2_v1.0.1.merged	edit-distance	16	heuristic	1786714181	385264357	34889879	115948004	3.53	91624	5.51	17340	3.81	4660	32.94	9699156	703088	702674	414	0
hprcv2-25k	HG00597_pat_hprc_r2_v1.0.1.merged	edit-distance	256	heuristic	1786714181	134105102	4904311	38464984	3.09	84936	2.3	17328	0.85	4568	51.03	16554788	703088	667767	35321	0
hprcv2-25k	HG00597_pat_hprc_r2_v1.0.1.merged	edit-distance	32	heuristic	1786714181	268220827	20088892	78690918	3.15	90644	4.01	17248	2.39	4752	25.82	10325112	703088	702005	1083	0
hprcv2-25k	HG00597_pat_hprc_r2_v1.0.1.merged	edit-distance	64	heuristic	1786714181	197778297	11945758	57497523	3.08	86408	3.12	17088	1.56	4548	28.33	14350516	703088	698542	4546	0
hprcv2-25k	HG005_mat_hprc_r2_v1.0.1.merged	diagonal-distance	16	heuristic	2004776944	207294970	14620692	64354856	3.62	86876	3.37	17916	1.62	4680	99.72	46750204	775259	773716	1543	0
hprcv2-25k	HG005_mat_hprc_r2_v1.0.1.merged	diagonal-distance	32	heuristic	2004776944	170720030	9572591	51259158	3.53	85468	2.89	17948	1.18	4440	102.28	49943620	775259	770868	4391	0
hprcv2-25k	HG005_mat_hprc_r2_v1.0.1.merged	diagonal-distance	64	heuristic	2004776944	149432528	6661997	43561823	3.56	84788	2.52	17748	0.92	4524	119.89	52033312	775259	758815	16444	0
hprcv2-25k	HG005_mat_hprc_r2_v1.0.1.merged	edit-distance	128	heuristic	2004776944	173469699	8304085	50469401	3.64	83568	2.89	13656	1.22	4580	36.3	17163248	775259	750949	24310	0
hprcv2-25k	HG005_mat_hprc_r2_v1.0.1.merged	edit-distance	16	heuristic	2004776944	429138937	39029225	129109167	3.88	92024	6.16	18040	4.2	4680	32.55	8755416	775259	774744	515	0
hprcv2-25k	HG005_mat_hprc_r2_v1.0.1.merged	edit-distance	256	heuristic	2004776944	147501392	5448021	42479154	3.63	85148	2.56	17824	0.93	4536	57.28	16044476	775259	736086	39173	0
hprcv2-25k	HG005_mat_hprc_r2_v1.0.1.merged	edit-distance	32	heuristic	2004776944	297807233	22431332	87400427	3.41	89468	4.47	17896	2.64	4848	28.09	11355200	775259	773973	1286	0
hprcv2-25k	HG005_mat_hprc_r2_v1.0.1.merged	edit-distance	64	heuristic	2004776944	218897641	13310069	63706237	3.42	86288	3.52	17908	1.74	4700	30.09	12704484	775259	770077	5182	0
hprcv2-25k	HG005_pat_hprc_r2_v1.0.1.merged	diagonal-distance	16	heuristic	2000127409	215831666	14771621	66698400	3.57	90360	3.52	18252	1.64	4768	57.47	31628340	834488	832835	1653	0
hprcv2-25k	HG005_pat_hprc_r2_v1.0.1.merged	diagonal-distance	32	heuristic	2000127409	179547727	9761395	53723218	3.57	89644	3	14208	1.22	4628	86.61	41119192	834488	829725	4763	0
hprcv2-25k	HG005_pat_hprc_r2_v1.0.1.merged	diagonal-distance	64	heuristic	2000127409	158198890	6838144	46012990	3.67	89656	2.67	18376	0.95	4508	131.29	53299524	834488	816251	18237	0
hprcv2-25k	HG005_pat_hprc_r2_v1.0.1.merged	edit-distance	128	heuristic	2000127409	181564925	8424715	52881719	3.72	89116	3.04	18332	1.26	4652	36.96	16556396	834488	806912	27576	0
hprcv2-25k	HG005_pat_hprc_r2_v1.0.1.merged	edit-distance	16	heuristic	2000127409	435935891	39126005	131483814	3.86	95024	6.34	18400	4.32	4760	37.91	9796896	834488	833967	521	0
hprcv2-25k	HG005_pat_hprc_r2_v1.0.1.merged	edit-distance	256	heuristic	2000127409	155786125	5566753	44895690	3.67	88936	2.71	18372	0.97	4612	56.53	16113588	834488	789773	44715	0
hprcv2-25k	HG005_pat_hprc_r2_v1.0.1.merged	edit-distance	32	heuristic	2000127409	305432541	22542513	89797161	3.79	92964	4.65	18360	2.68	4632	28.04	12234856	834488	833149	1339	0
hprcv2-25k	HG005_pat_hprc_r2_v1.0.1.merged	edit-distance	64	heuristic	2000127409	226833455	13440611	66131511	3.7	89444	3.7	16268	1.76	4596	30.54	13543684	834488	828959	5529	0
hprcv2-25k	HG00609_mat_hprc_r2_v1.0.1.merged	diagonal-distance	16	heuristic	2449110940	256243663	18092202	79474840	4.45	90772	4.15	19344	2.03	4768	76.28	32082532	952388	950554	1834	0
hprcv2-25k	HG00609_mat_hprc_r2_v1.0.1.merged	diagonal-distance	32	heuristic	2449110940	210629300	11808202	63164386	4.43	89036	3.46	19332	1.46	4680	88.14	34761116	952388	947087	5301	0
hprcv2-25k	HG00609_mat_hprc_r2_v1.0.1.merged	diagonal-distance	64	heuristic	2449110940	184028511	8171096	53553516	4.35	88304	3.06	19368	1.14	4760	127.42	41284192	952388	932029	20359	0
hprcv2-25k	HG00609_mat_hprc_r2_v1.0.1.merged	edit-distance	128	heuristic	2449110940	213237343	10121324	61952407	4.36	88532	3.54	19332	1.51	4624	44.69	17325396	952388	922116	30272	0
hprcv2-25k	HG00609_mat_hprc_r2_v1.0.1.merged	edit-distance	16	heuristic	2449110940	527132606	47767661	158767120	4.62	96204	7.52	19436	5.15	4960	44.39	9290952	952388	951802	586	0
hprcv2-25k	HG00609_mat_hprc_r2_v1.0.1.merged	edit-distance	256	heuristic	2449110940	181150489	6601766	52070889	4.23	88072	3.11	19344	1.15	4644	68.99	16380968	952388	903024	49364	0
hprcv2-25k	HG00609_mat_hprc_r2_v1.0.1.merged	edit-distance	32	heuristic	2449110940	366150486	27463981	107487059	4.22	92728	5.47	19248	3.3	4724	34.57	10967068	952388	950904	1484	0
hprcv2-25k	HG00609_mat_hprc_r2_v1.0.1.merged	edit-distance	64	heuristic	2449110940	269196184	16284928	78316212	4.04	89388	4.26	19404	2.11	4724	37.88	13329864	952388	946068	6320	0
hprcv2-25k	HG00609_pat_hprc_r2_v1.0.1.merged	diagonal-distance	16	heuristic	2087017259	229088697	15789471	70349587	3.78	89076	3.69	18716	1.78	4544	56.87	30364592	867944	866254	1690	0
hprcv2-25k	HG00609_pat_hprc_r2_v1.0.1.merged	diagonal-distance	32	heuristic	2087017259	189923351	10370748	56325448	3.95	87920	3.14	18636	1.28	4636	65.09	31900472	867944	863168	4776	0
hprcv2-25k	HG00609_pat_hprc_r2_v1.0.1.merged	diagonal-distance	64	heuristic	2087017259	166927866	7215073	48010103	3.85	86984	2.79	14504	1.01	4572	94.78	37595120	867944	849528	18416	0
hprcv2-25k	HG00609_pat_hprc_r2_v1.0.1.merged	edit-distance	128	heuristic	2087017259	191291668	8821634	55084808	3.92	87672	3.18	18580	1.3	4688	38.31	17072968	867944	839862	28082	0
hprcv2-25k	HG00609_pat_hprc_r2_v1.0.1.merged	edit-distance	16	heuristic	2087017259	458285634	40876026	137617159	4.14	94472	6.64	20892	4.48	4728	38.91	9254916	867944	867423	521	0
hprcv2-25k	HG00609_pat_hprc_r2_v1.0.1.merged	edit-distance	256	heuristic	2087017259	163854838	5787134	46577191	3.86	87440	2.77	14540	1.02	4604	58.08	14823848	867944	821591	46353	0
hprcv2-25k	HG00609_pat_hprc_r2_v1.0.1.merged	edit-distance	32	heuristic	2087017259	321427967	23599770	93906187	3.85	91120	4.85	18756	2.84	4692	29.4	9997344	867944	866563	1381	0
hprcv2-25k	HG00609_pat_hprc_r2_v1.0.1.merged	edit-distance	64	heuristic	2087017259	239026181	14081893	69036624	3.94	88628	3.8	20724	1.85	4676	31.86	13665876	867944	862366	5578	0
hprcv2-25k	HG00621_mat_hprc_r2_v1.0.1.merged	diagonal-distance	16	heuristic	1636480473	174841765	11721987	53626923	3.05	87620	2.8	16868	1.35	4516	45.56	31155192	681670	680477	1193	0
hprcv2-25k	HG00621_mat_hprc_r2_v1.0.1.merged	diagonal-distance	32	heuristic	1636480473	145154577	7645708	43017107	2.86	85980	2.4	16868	0.98	4376	66.2	38523700	681670	678221	3449	0
hprcv2-25k	HG00621_mat_hprc_r2_v1.0.1.merged	diagonal-distance	64	heuristic	1636480473	128040740	5321911	36849434	2.89	86388	2.12	16900	0.76	4528	115.52	56132108	681670	668432	13238	0
hprcv2-25k	HG00621_mat_hprc_r2_v1.0.1.merged	edit-distance	128	heuristic	1636480473	147746528	6680582	42664251	2.92	85504	2.44	16848	1.03	4520	30.76	17643764	681670	661558	20112	0
hprcv2-25k	HG00621_mat_hprc_r2_v1.0.1.merged	edit-distance	16	heuristic	1636480473	355534450	31503619	106680881	3.33	92084	5.05	16956	3.45	4692	33.41	9308800	681670	681297	373	0
hprcv2-25k	HG00621_mat_hprc_r2_v1.0.1.merged	edit-distance	256	heuristic	1636480473	126839227	4388566	36211235	2.8	85804	2.18	16932	0.78	4328	47.36	17236980	681670	649090	32580	0
hprcv2-25k	HG00621_mat_hprc_r2_v1.0.1.merged	edit-distance	32	heuristic	1636480473	248654329	18076083	72707408	2.95	89208	3.77	18936	2.18	4576	24.24	11494144	681670	680661	1009	0
hprcv2-25k	HG00621_mat_hprc_r2_v1.0.1.merged	edit-distance	64	heuristic	1636480473	184460021	10704861	53405432	2.97	91540	2.92	16976	1.41	4400	26.08	14956616	681670	677497	4173	0
hprcv2-25k	HG00621_pat_hprc_r2_v1.0.1.merged	diagonal-distance	16	heuristic	1761536156	189839284	13064744	58602352	3.15	86428	3.06	17344	1.47	4384	134.49	58758176	725204	723858	1346	0
hprcv2-25k	HG00621_pat_hprc_r2_v1.0.1.merged	diagonal-distance	32	heuristic	1761536156	157140392	8558476	46904266	3.05	85636	2.6	17288	1.06	4436	129.39	59488204	725204	721313	3891	0
hprcv2-25k	HG00621_pat_hprc_r2_v1.0.1.merged	diagonal-distance	64	heuristic	1761536156	138311927	5991919	40107534	3.07	85288	2.31	17092	0.84	4348	138	60332112	725204	710232	14972	0
hprcv2-25k	HG00621_pat_hprc_r2_v1.0.1.merged	edit-distance	128	heuristic	1761536156	159107823	7383365	46179631	2.97	85992	2.7	17096	1.1	4480	32.44	17253456	725204	702330	22874	0
hprcv2-25k	HG00621_pat_hprc_r2_v1.0.1.merged	edit-distance	16	heuristic	1761536156	383392586	34180437	115402477	3.44	92516	5.52	17388	3.75	4740	33.87	9038684	725204	724757	447	0
hprcv2-25k	HG00621_pat_hprc_r2_v1.0.1.merged	edit-distance	256	heuristic	1761536156	136243603	4875387	39113012	2.91	85032	2.35	17068	0.85	4480	50.86	17370444	725204	687728	37476	0
hprcv2-25k	HG00621_pat_hprc_r2_v1.0.1.merged	edit-distance	32	heuristic	1761536156	268209939	19695049	78655648	3.24	88720	4.02	17332	2.4	4576	24.74	10777832	725204	724079	1125	0
hprcv2-25k	HG00621_pat_hprc_r2_v1.0.1.merged	edit-distance	64	heuristic	1761536156	199046968	11747497	57818413	3.19	86492	3.17	17160	1.55	4364	27.08	14452612	725204	720562	4642	0
hprcv2-25k	HG00639_mat_hprc_r2_v1.0.1.merged	diagonal-distance	16	heuristic	2453406647	253745198	17305166	77878431	4.18	89512	4.09	19376	1.94	4736	85.48	34702552	971246	969535	1711	0
hprcv2-25k	HG00639_mat_hprc_r2_v1.0.1.merged	diagonal-distance	32	heuristic	2453406647	210051785	11302136	62246967	4.42	87580	3.43	19352	1.43	4636	87.38	35537132	971246	966349	4897	0
hprcv2-25k	HG00639_mat_hprc_r2_v1.0.1.merged	diagonal-distance	64	heuristic	2453406647	184499454	7823415	53020689	4.18	88080	3.08	19316	1.12	4704	111.44	38941456	971246	952160	19086	0
hprcv2-25k	HG00639_mat_hprc_r2_v1.0.1.merged	edit-distance	128	heuristic	2453406647	214455086	9918226	61667245	4.41	85900	3.58	19452	1.48	4708	43.3	17999816	971246	942546	28700	0
hprcv2-25k	HG00639_mat_hprc_r2_v1.0.1.merged	edit-distance	16	heuristic	2453406647	526378031	47204578	157216726	4.82	94684	7.53	19552	5.16	4792	43.58	10473984	971246	970672	574	0
hprcv2-25k	HG00639_mat_hprc_r2_v1.0.1.merged	edit-distance	256	heuristic	2453406647	183013877	6465342	51988239	4.3	88232	3.14	19384	1.13	4672	67.4	14537132	971246	924899	46347	0
hprcv2-25k	HG00639_mat_hprc_r2_v1.0.1.merged	edit-distance	32	heuristic	2453406647	365580863	27006623	106454593	4.39	91176	5.51	19400	3.23	4772	33.91	12782004	971246	969872	1374	0
hprcv2-25k	HG00639_mat_hprc_r2_v1.0.1.merged	edit-distance	64	heuristic	2453406647	269399889	15954699	77693098	4.43	89000	4.24	19468	2.11	4772	36.63	14676184	971246	965377	5869	0
hprcv2-25k	HG00639_pat_hprc_r2_v1.0.1.merged	diagonal-distance	16	heuristic	2240458611	240417764	15993692	73587301	3.91	89344	3.94	19352	1.84	4808	49.05	27470236	949144	947521	1623	0
hprcv2-25k	HG00639_pat_hprc_r2_v1.0.1.merged	diagonal-distance	32	heuristic	2240458611	200365150	10489588	59260263	4.31	87304	3.35	19304	1.32	4712	57.49	27441760	949144	944600	4544	0
hprcv2-25k	HG00639_pat_hprc_r2_v1.0.1.merged	diagonal-distance	64	heuristic	2240458611	177251770	7349730	50925170	3.89	86536	2.97	19268	1.05	4488	94.74	36522732	949144	931425	17719	0
hprcv2-25k	HG00639_pat_hprc_r2_v1.0.1.merged	edit-distance	128	heuristic	2240458611	203733171	9160534	58719993	3.96	86944	3.43	19340	1.39	4732	40.03	16193404	949144	922141	27003	0
hprcv2-25k	HG00639_pat_hprc_r2_v1.0.1.merged	edit-distance	16	heuristic	2240458611	486681874	43010393	145661161	4.81	95700	7.09	19440	4.74	4996	38.58	10040444	949144	948604	540	0
hprcv2-25k	HG00639_pat_hprc_r2_v1.0.1.merged	edit-distance	256	heuristic	2240458611	175224076	6034866	49920086	4.08	86644	3.01	17252	1.09	4404	61.78	14836448	949144	905337	43807	0
hprcv2-25k	HG00639_pat_hprc_r2_v1.0.1.merged	edit-distance	32	heuristic	2240458611	341023807	24677548	99493176	4.1	88188	5.17	19408	2.94	4680	30.96	12731476	949144	947814	1330	0
hprcv2-25k	HG00639_pat_hprc_r2_v1.0.1.merged	edit-distance	64	heuristic	2240458611	253614574	14643286	73318546	4.19	88440	4.06	19260	1.98	4704	33.72	14376040	949144	943593	5551	0
hprcv2-25k	HG00642_mat_hprc_r2_v1.0.1.merged	diagonal-distance	16	heuristic	1878653437	198970667	13875435	61525437	3.26	87188	3.2	17520	1.56	4704	43.14	25210832	747621	746196	1425	0
hprcv2-25k	HG00642_mat_hprc_r2_v1.0.1.merged	diagonal-distance	32	heuristic	1878653437	164513966	9119588	49192234	3.27	85256	2.72	17532	1.12	4512	51.71	27146992	747621	743611	4010	0
hprcv2-25k	HG00642_mat_hprc_r2_v1.0.1.merged	diagonal-distance	64	heuristic	1878653437	144231793	6341862	41858022	3.16	85232	2.42	17404	0.87	4436	83.86	35649044	747621	732397	15224	0
hprcv2-25k	HG00642_mat_hprc_r2_v1.0.1.merged	edit-distance	128	heuristic	1878653437	166501332	7854794	48296497	3.41	85996	2.77	17548	1.18	4520	34.22	15766156	747621	725139	22482	0
hprcv2-25k	HG00642_mat_hprc_r2_v1.0.1.merged	edit-distance	16	heuristic	1878653437	406218455	36669674	122112311	3.72	92004	5.81	17604	3.97	4764	37.1	8959172	747621	747150	471	0
hprcv2-25k	HG00642_mat_hprc_r2_v1.0.1.merged	edit-distance	256	heuristic	1878653437	142194671	5172315	40796651	3.01	85504	2.45	19644	0.9	4516	55.24	15408680	747621	711200	36421	0
hprcv2-25k	HG00642_mat_hprc_r2_v1.0.1.merged	edit-distance	32	heuristic	1878653437	283058410	21112443	82986578	3.35	90976	4.27	17668	2.67	4684	26.53	11807412	747621	746467	1154	0
hprcv2-25k	HG00642_mat_hprc_r2_v1.0.1.merged	edit-distance	64	heuristic	1878653437	209050012	12542836	60697610	3.48	86072	3.32	17644	1.65	4788	28.83	13369620	747621	742910	4711	0
hprcv2-25k	HG00642_pat_hprc_r2_v1.0.1.merged	diagonal-distance	16	heuristic	2144915549	244626860	17063645	75209488	3.71	89264	3.92	18968	1.91	4712	62.93	30978688	913840	912017	1823	0
hprcv2-25k	HG00642_pat_hprc_r2_v1.0.1.merged	diagonal-distance	32	heuristic	2144915549	203007969	11262962	60270838	3.66	87544	3.33	21048	1.37	4680	72.84	34317556	913840	908423	5417	0
hprcv2-25k	HG00642_pat_hprc_r2_v1.0.1.merged	diagonal-distance	64	heuristic	2144915549	178563736	7877563	51396609	4.01	86600	2.96	19008	1.07	4428	104.9	42044256	913840	892780	21060	0
hprcv2-25k	HG00642_pat_hprc_r2_v1.0.1.merged	edit-distance	128	heuristic	2144915549	202804879	9420139	58424385	4.01	87820	3.35	18984	1.38	4632	39.63	15049652	913840	882379	31461	0
hprcv2-25k	HG00642_pat_hprc_r2_v1.0.1.merged	edit-distance	16	heuristic	2144915549	479406556	42844938	144106576	4.11	94428	6.88	21172	4.72	4988	40.07	10808328	913840	913239	601	0
hprcv2-25k	HG00642_pat_hprc_r2_v1.0.1.merged	edit-distance	256	heuristic	2144915549	174243348	6223643	49487613	3.99	87188	3.08	18896	1.09	4596	61.63	16027028	913840	862468	51372	0
hprcv2-25k	HG00642_pat_hprc_r2_v1.0.1.merged	edit-distance	32	heuristic	2144915549	337847009	24877168	98813251	3.73	89680	5.1	19060	2.94	4688	30.29	11961844	913840	912329	1511	0
hprcv2-25k	HG00642_pat_hprc_r2_v1.0.1.merged	edit-distance	64	heuristic	2144915549	252420847	14943993	72988786	3.87	88932	4.01	18968	1.99	4640	33.33	12865972	913840	907302	6538	0
hprcv2-25k	HG00658_mat_hprc_r2_v1.0.1.merged	diagonal-distance	16	heuristic	2054781407	220559375	15029421	67837817	3.67	88800	3.62	18456	1.69	4744	53.56	27944536	850255	848895	1360	0
hprcv2-25k	HG00658_mat_hprc_r2_v1.0.1.merged	diagonal-distance	32	heuristic	2054781407	182731545	9814707	54287691	3.75	87516	3.07	16296	1.23	4508	63.74	32764608	850255	846195	4060	0
hprcv2-25k	HG00658_mat_hprc_r2_v1.0.1.merged	diagonal-distance	64	heuristic	2054781407	160871735	6834227	46397838	3.59	86820	2.65	16256	0.96	4512	98.83	41883720	850255	834942	15313	0
hprcv2-25k	HG00658_mat_hprc_r2_v1.0.1.merged	edit-distance	128	heuristic	2054781407	185270051	8491229	53522381	3.64	87024	3.1	18536	1.28	4600	38.35	16883788	850255	827033	23222	0
hprcv2-25k	HG00658_mat_hprc_r2_v1.0.1.merged	edit-distance	16	heuristic	2054781407	446812384	39861937	134168530	4	93748	6.55	18636	4.41	4612	39.03	10161728	850255	849802	453	0
hprcv2-25k	HG00658_mat_hprc_r2_v1.0.1.merged	edit-distance	256	heuristic	2054781407	158832338	5589801	45372978	3.65	87356	2.74	18428	1	4508	58.62	15200464	850255	812373	37882	0
hprcv2-25k	HG00658_mat_hprc_r2_v1.0.1.merged	edit-distance	32	heuristic	2054781407	312434794	22911803	91406504	3.81	88812	4.8	18380	2.74	4584	29.56	12119660	850255	849110	1145	0
hprcv2-25k	HG00658_mat_hprc_r2_v1.0.1.merged	edit-distance	64	heuristic	2054781407	231543582	13587806	67064251	3.7	87956	3.68	20504	1.82	4756	31.82	15403964	850255	845549	4706	0
hprcv2-25k	HG00658_pat_hprc_r2_v1.0.1.merged	diagonal-distance	16	heuristic	2126191959	235018840	15563944	71721171	4.03	91888	3.82	18952	1.77	4608	49.3	26172380	929969	928389	1580	0
hprcv2-25k	HG00658_pat_hprc_r2_v1.0.1.merged	diagonal-distance	32	heuristic	2126191959	196330195	10230813	57882497	3.81	88836	3.26	18996	1.3	4756	59.05	29318040	929969	925358	4611	0
hprcv2-25k	HG00658_pat_hprc_r2_v1.0.1.merged	diagonal-distance	64	heuristic	2126191959	173842615	7161491	49762727	4.05	89092	2.93	20912	1.04	4612	95.26	38615908	929969	912457	17512	0
hprcv2-25k	HG00658_pat_hprc_r2_v1.0.1.merged	edit-distance	128	heuristic	2126191959	198784350	8866654	57139019	4.01	88960	3.35	19172	1.35	4656	38.61	17262660	929969	903210	26759	0
hprcv2-25k	HG00658_pat_hprc_r2_v1.0.1.merged	edit-distance	16	heuristic	2126191959	468286344	41135951	140217172	4.36	95044	6.76	19204	4.54	4620	38.36	8679492	929969	929452	517	0
hprcv2-25k	HG00658_pat_hprc_r2_v1.0.1.merged	edit-distance	256	heuristic	2126191959	171835456	5887454	48766961	3.98	88568	2.94	19144	1.06	4328	59.78	16478880	929969	885999	43970	0
hprcv2-25k	HG00658_pat_hprc_r2_v1.0.1.merged	edit-distance	32	heuristic	2126191959	329717377	23662616	96053991	4.08	91816	5.02	15148	2.88	4704	29.67	10799596	929969	928654	1315	0
hprcv2-25k	HG00658_pat_hprc_r2_v1.0.1.merged	edit-distance	64	heuristic	2126191959	246455732	14094338	71030932	4.06	89008	3.97	19244	1.89	4740	32.33	14006660	929969	924647	5322	0
hprcv2-25k	HG00673_mat_hprc_r2_v1.0.1.merged	diagonal-distance	16	heuristic	1920825998	199917055	14178421	61932065	3.24	83204	3.15	13252	1.56	4584	55.47	30116968	730005	728676	1329	0
hprcv2-25k	HG00673_mat_hprc_r2_v1.0.1.merged	diagonal-distance	32	heuristic	1920825998	163920196	9216398	49044062	3.21	81780	2.66	13364	1.15	4488	61.07	32416368	730005	726174	3831	0
hprcv2-25k	HG00673_mat_hprc_r2_v1.0.1.merged	diagonal-distance	64	heuristic	1920825998	143220991	6398476	41596197	3.24	80820	2.38	13400	0.87	4560	86.8	39245408	730005	715646	14359	0
hprcv2-25k	HG00673_mat_hprc_r2_v1.0.1.merged	edit-distance	128	heuristic	1920825998	166368545	7982943	48288011	3.35	81068	2.74	13336	1.17	4520	35.53	17736220	730005	708142	21863	0
hprcv2-25k	HG00673_mat_hprc_r2_v1.0.1.merged	edit-distance	16	heuristic	1920825998	413104403	37636553	124471808	3.71	91344	5.87	17588	4.15	4512	34.77	9117564	730005	729561	444	0
hprcv2-25k	HG00673_mat_hprc_r2_v1.0.1.merged	edit-distance	256	heuristic	1920825998	141409769	5247028	40626008	3.41	80676	2.41	13316	0.89	4544	55.44	17336680	730005	694776	35229	0
hprcv2-25k	HG00673_mat_hprc_r2_v1.0.1.merged	edit-distance	32	heuristic	1920825998	286067536	21561314	83903126	3.33	88988	4.25	17448	2.55	4604	27.7	11069812	730005	728919	1086	0
hprcv2-25k	HG00673_mat_hprc_r2_v1.0.1.merged	edit-distance	64	heuristic	1920825998	210052091	12777976	61017433	3.17	86196	3.34	17536	1.66	4636	29.86	14481908	730005	725473	4532	0
hprcv2-25k	HG00673_pat_hprc_r2_v1.0.1.merged	diagonal-distance	16	heuristic	1909734300	204515678	14053211	62672116	3.34	83620	3.31	13804	1.59	4792	50.11	29231100	771522	770082	1440	0
hprcv2-25k	HG00673_pat_hprc_r2_v1.0.1.merged	diagonal-distance	32	heuristic	1909734300	169566442	9220708	50157058	3.39	86744	2.79	17860	1.15	4452	57.01	30558368	771522	767404	4118	0
hprcv2-25k	HG00673_pat_hprc_r2_v1.0.1.merged	diagonal-distance	64	heuristic	1909734300	149370929	6454812	42858486	3.36	86828	2.51	17700	0.89	4524	86.84	39036752	771522	755737	15785	0
hprcv2-25k	HG00673_pat_hprc_r2_v1.0.1.merged	edit-distance	128	heuristic	1909734300	171846244	7975814	49333289	3.41	87276	2.84	17860	1.18	4448	34.82	16699632	771522	747386	24136	0
hprcv2-25k	HG00673_pat_hprc_r2_v1.0.1.merged	edit-distance	16	heuristic	1909734300	415243108	37301291	124375890	3.19	89788	5.95	13916	4.11	4740	35.26	9311908	771522	771055	467	0
hprcv2-25k	HG00673_pat_hprc_r2_v1.0.1.merged	edit-distance	256	heuristic	1909734300	147050746	5227835	41658875	3.41	86556	2.49	17852	0.92	4440	54.16	15681048	771522	732442	39080	0
hprcv2-25k	HG00673_pat_hprc_r2_v1.0.1.merged	edit-distance	32	heuristic	1909734300	290143895	21443533	84516185	3.23	86568	4.38	13720	2.57	4696	26.67	10115484	771522	770328	1194	0
hprcv2-25k	HG00673_pat_hprc_r2_v1.0.1.merged	edit-distance	64	heuristic	1909734300	215060900	12760827	61956896	3.3	88244	3.44	15780	1.68	4608	29.37	15433292	771522	766557	4965	0
hprcv2-25k	HG00706_mat_hprc_r2_v1.0.1.merged	diagonal-distance	16	heuristic	1772804556	186491902	12996090	57623675	3.16	83888	3.01	13056	1.45	4648	48.52	29698548	701219	699894	1325	0
hprcv2-25k	HG00706_mat_hprc_r2_v1.0.1.merged	diagonal-distance	32	heuristic	1772804556	153259713	8417825	45730993	2.92	86424	2.55	17240	1.04	4484	63.32	35767416	701219	697411	3808	0
hprcv2-25k	HG00706_mat_hprc_r2_v1.0.1.merged	diagonal-distance	64	heuristic	1772804556	134239323	5827823	38876170	3.08	88136	2.23	17180	0.81	4588	102.02	48641216	701219	686974	14245	0
hprcv2-25k	HG00706_mat_hprc_r2_v1.0.1.merged	edit-distance	128	heuristic	1772804556	155826153	7314613	45152519	3.21	83044	2.59	13092	1.09	4584	33.63	16843632	701219	679555	21664	0
hprcv2-25k	HG00706_mat_hprc_r2_v1.0.1.merged	edit-distance	16	heuristic	1772804556	383071968	34543989	115263593	3.4	94172	5.45	17388	3.75	4792	34.6	9592068	701219	700783	436	0
hprcv2-25k	HG00706_mat_hprc_r2_v1.0.1.merged	edit-distance	256	heuristic	1772804556	132874586	4797400	38085381	3.07	82200	2.29	13092	0.84	4464	52.79	16786364	701219	666110	35109	0
hprcv2-25k	HG00706_mat_hprc_r2_v1.0.1.merged	edit-distance	32	heuristic	1772804556	266326903	19822950	78062515	2.92	86280	4.03	13068	2.36	4656	25.85	11439056	701219	700110	1109	0
hprcv2-25k	HG00706_mat_hprc_r2_v1.0.1.merged	edit-distance	64	heuristic	1772804556	196035627	11723018	56884013	3.12	82060	3.1	11116	1.56	4640	28.21	14395944	701219	696765	4454	0
hprcv2-25k	HG00706_pat_hprc_r2_v1.0.1.merged	diagonal-distance	16	heuristic	1824761415	204119831	14610409	63471407	3.4	81512	3.31	11624	1.6	4640	112.83	54199828	755916	754377	1539	0
hprcv2-25k	HG00706_pat_hprc_r2_v1.0.1.merged	diagonal-distance	32	heuristic	1824761415	168862823	9679849	50807924	3.2	82476	2.78	13440	1.18	4560	109.37	54604244	755916	751356	4560	0
hprcv2-25k	HG00706_pat_hprc_r2_v1.0.1.merged	diagonal-distance	64	heuristic	1824761415	147958826	6770782	43195052	3.07	86008	2.46	17624	0.91	4576	114.17	53596908	755916	738873	17043	0
hprcv2-25k	HG00706_pat_hprc_r2_v1.0.1.merged	edit-distance	128	heuristic	1824761415	168498232	8071129	49047320	3.28	79856	2.8	11500	1.19	4592	33.99	17036544	755916	731160	24756	0
hprcv2-25k	HG00706_pat_hprc_r2_v1.0.1.merged	edit-distance	16	heuristic	1824761415	403952166	36714453	122173156	3.47	88992	5.82	13572	3.98	4672	32.41	8423796	755916	755404	512	0
hprcv2-25k	HG00706_pat_hprc_r2_v1.0.1.merged	edit-distance	256	heuristic	1824761415	143930312	5306086	41359152	3.38	80560	2.46	11304	0.89	4364	51.58	16672408	755916	716109	39807	0
hprcv2-25k	HG00706_pat_hprc_r2_v1.0.1.merged	edit-distance	32	heuristic	1824761415	283653691	21332309	83528760	3.3	83872	4.3	11640	2.54	4744	25.93	9925068	755916	754661	1255	0
hprcv2-25k	HG00706_pat_hprc_r2_v1.0.1.merged	edit-distance	64	heuristic	1824761415	210934164	12826866	61497415	3.38	81908	3.35	11332	1.66	4664	28.53	16218288	755916	750593	5323	0
hprcv2-25k	HG00733_mat_hprc_r2_v1.0.1.merged	diagonal-distance	16	heuristic	2612886141	271874481	18741358	83550059	4.41	84348	4.38	13776	2.11	4524	111.03	38432900	1028032	1026230	1802	0
hprcv2-25k	HG00733_mat_hprc_r2_v1.0.1.merged	diagonal-distance	32	heuristic	2612886141	224250199	12192639	66504720	4.57	85256	3.68	13772	1.52	4692	107.68	40577616	1028032	1022540	5492	0
hprcv2-25k	HG00733_mat_hprc_r2_v1.0.1.merged	diagonal-distance	64	heuristic	2612886141	196613564	8438874	56547715	4.45	84920	3.28	15904	1.19	4688	123.88	41643868	1028032	1006741	21291	0
hprcv2-25k	HG00733_mat_hprc_r2_v1.0.1.merged	edit-distance	128	heuristic	2612886141	228573981	10659965	65863400	4.64	85352	3.77	13648	1.6	4740	47.1	16494160	1028032	995272	32760	0
hprcv2-25k	HG00733_mat_hprc_r2_v1.0.1.merged	edit-distance	16	heuristic	2612886141	561755478	50427204	168287058	4.66	93560	8	15932	5.5	4984	45.63	9852176	1028032	1027423	609	0
hprcv2-25k	HG00733_mat_hprc_r2_v1.0.1.merged	edit-distance	256	heuristic	2612886141	195071991	7002520	55575009	4.19	85500	3.35	15716	1.23	4624	74.3	16280028	1028032	974601	53431	0
hprcv2-25k	HG00733_mat_hprc_r2_v1.0.1.merged	edit-distance	32	heuristic	2612886141	390365664	28901574	113886021	4.41	92760	5.85	13892	3.46	4700	37.06	12838976	1028032	1026469	1563	0
hprcv2-25k	HG00733_mat_hprc_r2_v1.0.1.merged	edit-distance	64	heuristic	2612886141	287408631	17089850	82997147	4.48	85644	4.53	15940	2.28	4676	39.64	14906784	1028032	1021619	6413	0
hprcv2-25k	HG00733_pat_hprc_r2_v1.0.1.merged	diagonal-distance	16	heuristic	2339437119	248633721	16618660	75875324	4.16	85388	4.03	13308	1.9	4784	59.8	30872900	971156	969456	1700	0
hprcv2-25k	HG00733_pat_hprc_r2_v1.0.1.merged	diagonal-distance	32	heuristic	2339437119	207016055	10896437	60983910	4.03	83924	3.39	13216	1.41	4620	73.35	33473240	971156	966081	5075	0
hprcv2-25k	HG00733_pat_hprc_r2_v1.0.1.merged	diagonal-distance	64	heuristic	2339437119	182881448	7608745	52271633	4.32	83432	3.04	13364	1.08	4692	112.66	42186388	971156	952471	18685	0
hprcv2-25k	HG00733_pat_hprc_r2_v1.0.1.merged	edit-distance	128	heuristic	2339437119	211052023	9570542	60515146	4.46	83844	3.51	13392	1.45	4740	42.35	14723696	971156	942827	28329	0
hprcv2-25k	HG00733_pat_hprc_r2_v1.0.1.merged	edit-distance	16	heuristic	2339437119	507520669	45050873	151466205	4.5	90904	7.38	13388	4.93	4944	39.96	10307952	971156	970574	582	0
hprcv2-25k	HG00733_pat_hprc_r2_v1.0.1.merged	edit-distance	256	heuristic	2339437119	181229835	6295835	51328943	4.23	83720	3.08	13292	1.11	4752	65.45	16784204	971156	925144	46012	0
hprcv2-25k	HG00733_pat_hprc_r2_v1.0.1.merged	edit-distance	32	heuristic	2339437119	354545988	25816956	103111202	4.24	87676	5.36	13384	3.11	4700	32.56	11392752	971156	969750	1406	0
hprcv2-25k	HG00733_pat_hprc_r2_v1.0.1.merged	edit-distance	64	heuristic	2339437119	263149482	15301218	75736371	4.15	85632	4.2	13300	2.02	4676	35.52	14586264	971156	965253	5903	0
hprcv2-25k	HG00735_mat_hprc_r2_v1.0.1.merged	diagonal-distance	16	heuristic	1873545653	198886202	13720055	61232436	3.3	79940	3.2	11392	1.55	4712	46.81	26900156	749293	747887	1406	0
hprcv2-25k	HG00735_mat_hprc_r2_v1.0.1.merged	diagonal-distance	32	heuristic	1873545653	164008912	8925728	48760721	3.43	81508	2.71	13448	1.11	4536	51.77	28000784	749293	745167	4126	0
hprcv2-25k	HG00735_mat_hprc_r2_v1.0.1.merged	diagonal-distance	64	heuristic	1873545653	143915212	6192717	41517207	3.44	80172	2.4	11500	0.87	4576	80.87	36794940	749293	733439	15854	0
hprcv2-25k	HG00735_mat_hprc_r2_v1.0.1.merged	edit-distance	128	heuristic	1873545653	166515599	7729887	48124572	3.38	80824	2.75	13448	1.15	4392	34.71	14683032	749293	725046	24247	0
hprcv2-25k	HG00735_mat_hprc_r2_v1.0.1.merged	edit-distance	16	heuristic	1873545653	406239788	36308053	121954653	3.69	85668	5.81	11620	4.19	4696	36.62	9306344	749293	748834	459	0
hprcv2-25k	HG00735_mat_hprc_r2_v1.0.1.merged	edit-distance	256	heuristic	1873545653	142389691	5100640	40706220	3.34	80960	2.44	13568	0.88	4448	52.91	14878964	749293	710113	39180	0
hprcv2-25k	HG00735_mat_hprc_r2_v1.0.1.merged	edit-distance	32	heuristic	1873545653	283039440	20851891	82759106	3.45	82800	4.29	11440	2.54	4704	26.94	12464108	749293	748107	1186	0
hprcv2-25k	HG00735_mat_hprc_r2_v1.0.1.merged	edit-distance	64	heuristic	1873545653	208962735	12366996	60514563	3.35	81876	3.31	13336	1.63	4728	29.07	14288424	749293	744356	4937	0
hprcv2-25k	HG00735_pat_hprc_r2_v1.0.1.merged	diagonal-distance	16	heuristic	1876964112	207433086	13343765	62645668	3.42	83792	3.4	12120	1.54	4608	45.61	28202764	834729	833280	1449	0
hprcv2-25k	HG00735_pat_hprc_r2_v1.0.1.merged	diagonal-distance	32	heuristic	1876964112	173847614	8725242	50637416	3.56	83732	2.92	12068	1.14	4564	56.71	32832452	834729	830628	4101	0
hprcv2-25k	HG00735_pat_hprc_r2_v1.0.1.merged	diagonal-distance	64	heuristic	1876964112	154390044	6077566	43622097	3.5	87732	2.6	18320	0.89	4468	87.03	40339048	834729	819145	15584	0
hprcv2-25k	HG00735_pat_hprc_r2_v1.0.1.merged	edit-distance	128	heuristic	1876964112	176625907	7612690	50218095	3.3	82820	2.96	12240	1.2	4572	33.96	16568156	834729	810572	24157	0
hprcv2-25k	HG00735_pat_hprc_r2_v1.0.1.merged	edit-distance	16	heuristic	1876964112	413393057	35927716	122997280	3.92	87768	6.04	12168	3.97	4812	35.35	8806288	834729	834265	464	0
hprcv2-25k	HG00735_pat_hprc_r2_v1.0.1.merged	edit-distance	256	heuristic	1876964112	152976982	5017753	42905187	3.33	81920	2.62	14244	0.93	4500	52.68	16052888	834729	795400	39329	0
hprcv2-25k	HG00735_pat_hprc_r2_v1.0.1.merged	edit-distance	32	heuristic	1876964112	291513650	20588831	84366555	3.37	85516	4.45	12336	2.48	4744	26.17	10959164	834729	833546	1183	0
hprcv2-25k	HG00735_pat_hprc_r2_v1.0.1.merged	edit-distance	64	heuristic	1876964112	218355565	12189540	62405580	3.4	83060	3.45	12140	1.66	4704	28.44	13826048	834729	829927	4802	0
hprcv2-25k	HG00738_mat_hprc_r2_v1.0.1.merged	diagonal-distance	16	heuristic	2031453056	216186126	14882214	66429835	3.68	84984	3.48	14204	1.66	4696	49.27	26577420	819271	817671	1600	0
hprcv2-25k	HG00738_mat_hprc_r2_v1.0.1.merged	diagonal-distance	32	heuristic	2031453056	178644568	9705592	52991449	3.77	89944	2.96	18276	1.22	4532	55.9	29140948	819271	814651	4620	0
hprcv2-25k	HG00738_mat_hprc_r2_v1.0.1.merged	diagonal-distance	64	heuristic	2031453056	156871667	6731132	45128895	3.69	87684	2.65	18156	0.95	4528	88.17	38629052	819271	801884	17387	0
hprcv2-25k	HG00738_mat_hprc_r2_v1.0.1.merged	edit-distance	128	heuristic	2031453056	181395665	8422828	52289146	3.72	83912	3.04	18244	1.26	4600	37.02	16148896	819271	792995	26276	0
hprcv2-25k	HG00738_mat_hprc_r2_v1.0.1.merged	edit-distance	16	heuristic	2031453056	441567786	39683937	132418553	3.67	89716	6.38	14304	4.35	4764	37.39	9193808	819271	818737	534	0
hprcv2-25k	HG00738_mat_hprc_r2_v1.0.1.merged	edit-distance	256	heuristic	2031453056	155085535	5523585	44161428	3.62	83940	2.7	13980	0.97	4508	57.46	16320312	819271	776823	42448	0
hprcv2-25k	HG00738_mat_hprc_r2_v1.0.1.merged	edit-distance	32	heuristic	2031453056	307818685	22777169	89902800	3.56	91264	4.63	18264	2.7	4756	28.45	11766844	819271	817893	1378	0
hprcv2-25k	HG00738_mat_hprc_r2_v1.0.1.merged	edit-distance	64	heuristic	2031453056	227430358	13493975	65741692	3.62	89112	3.66	18300	1.79	4692	30.6	13169404	819271	813753	5518	0
hprcv2-25k	HG00738_pat_hprc_r2_v1.0.1.merged	diagonal-distance	16	heuristic	2174048415	237587156	16352687	73312458	3.98	89804	3.89	18856	1.8	4804	61.46	29014440	907022	905224	1798	0
hprcv2-25k	HG00738_pat_hprc_r2_v1.0.1.merged	diagonal-distance	32	heuristic	2174048415	196773040	10715732	58704530	3.69	88640	3.31	14872	1.33	4680	68.1	31929324	907022	901883	5139	0
hprcv2-25k	HG00738_pat_hprc_r2_v1.0.1.merged	diagonal-distance	64	heuristic	2174048415	173016158	7464461	50115648	3.98	88160	2.99	18796	1.04	4524	99.71	40192524	907022	887328	19694	0
hprcv2-25k	HG00738_pat_hprc_r2_v1.0.1.merged	edit-distance	128	heuristic	2174048415	198356909	9129056	57507679	3.98	83964	3.37	14888	1.36	4596	39.67	16357856	907022	876508	30514	0
hprcv2-25k	HG00738_pat_hprc_r2_v1.0.1.merged	edit-distance	16	heuristic	2174048415	476277347	42435273	143493473	4.45	93152	6.85	14872	4.65	4720	41.03	10330536	907022	906351	671	0
hprcv2-25k	HG00738_pat_hprc_r2_v1.0.1.merged	edit-distance	256	heuristic	2174048415	169998426	6010072	48722000	4.09	88184	2.93	18884	1.07	4512	62.1	16203304	907022	856711	50311	0
hprcv2-25k	HG00738_pat_hprc_r2_v1.0.1.merged	edit-distance	32	heuristic	2174048415	334085055	24487396	97961337	3.94	92072	5.12	14956	2.94	4612	30.92	13792132	907022	905428	1594	0
hprcv2-25k	HG00738_pat_hprc_r2_v1.0.1.merged	edit-distance	64	heuristic	2174048415	248152520	14604989	72074842	3.95	89688	3.98	18884	1.96	4660	33.63	14482416	907022	901082	5940	0
hprcv2-25k	HG00741_mat_hprc_r2_v1.0.1.merged	diagonal-distance	16	heuristic	1977775914	204643495	14334800	63192324	3.31	83480	3.29	13468	1.61	4652	51.38	29620376	757734	756394	1340	0
hprcv2-25k	HG00741_mat_hprc_r2_v1.0.1.merged	diagonal-distance	32	heuristic	1977775914	168552210	9370431	50278221	3.55	82136	2.76	13536	1.17	4528	62	31920008	757734	753754	3980	0
hprcv2-25k	HG00741_mat_hprc_r2_v1.0.1.merged	diagonal-distance	64	heuristic	1977775914	147658569	6526626	42737433	3.26	81128	2.44	13636	0.89	4528	93.39	40964444	757734	742653	15081	0
hprcv2-25k	HG00741_mat_hprc_r2_v1.0.1.merged	edit-distance	128	heuristic	1977775914	171416159	8133034	49552166	3.49	82068	2.85	13480	1.21	4576	35.8	15293448	757734	734947	22787	0
hprcv2-25k	HG00741_mat_hprc_r2_v1.0.1.merged	edit-distance	16	heuristic	1977775914	423862350	38259621	127103992	3.72	93448	5.94	17640	4.17	4588	36.35	10394664	757734	757298	436	0
hprcv2-25k	HG00741_mat_hprc_r2_v1.0.1.merged	edit-distance	256	heuristic	1977775914	145785175	5326300	41658596	3.6	82016	2.5	13392	0.92	4384	55.74	14336512	757734	720853	36881	0
hprcv2-25k	HG00741_mat_hprc_r2_v1.0.1.merged	edit-distance	32	heuristic	1977775914	293944145	21964233	85939697	3.67	86492	4.36	11588	2.63	4592	27.88	12774552	757734	756613	1121	0
hprcv2-25k	HG00741_mat_hprc_r2_v1.0.1.merged	edit-distance	64	heuristic	1977775914	216102017	13036458	62602726	3.51	82992	3.4	13656	1.69	4548	30.48	16293780	757734	753070	4664	0
hprcv2-25k	HG00741_pat_hprc_r2_v1.0.1.merged	diagonal-distance	16	heuristic	1638562523	171004262	11737449	52548728	2.96	82364	2.75	12456	1.3	4428	43.9	29174240	646996	645891	1105	0
hprcv2-25k	HG00741_pat_hprc_r2_v1.0.1.merged	diagonal-distance	32	heuristic	1638562523	141361836	7673997	41962408	2.62	79284	2.32	10456	0.97	4324	55.19	32409464	646996	643646	3350	0
hprcv2-25k	HG00741_pat_hprc_r2_v1.0.1.merged	diagonal-distance	64	heuristic	1638562523	124261087	5355549	35806591	2.8	81356	2.04	12548	0.74	4280	83.07	41932480	646996	634295	12701	0
hprcv2-25k	HG00741_pat_hprc_r2_v1.0.1.merged	edit-distance	128	heuristic	1638562523	143992259	6716246	41580444	2.69	81408	2.39	12588	1.01	4312	29.79	14865324	646996	627527	19469	0
hprcv2-25k	HG00741_pat_hprc_r2_v1.0.1.merged	edit-distance	16	heuristic	1638562523	352224718	31525328	105517899	2.85	87144	5.06	12752	3.44	4680	30.41	10165120	646996	646635	361	0
hprcv2-25k	HG00741_pat_hprc_r2_v1.0.1.merged	edit-distance	256	heuristic	1638562523	122957272	4407601	35078241	2.81	78748	2.1	10356	0.78	4508	47.72	14537672	646996	615088	31908	0
hprcv2-25k	HG00741_pat_hprc_r2_v1.0.1.merged	edit-distance	32	heuristic	1638562523	245000517	18091713	71559812	2.69	84896	3.71	12688	2.17	4452	23.27	12116788	646996	646068	928	0
hprcv2-25k	HG00741_pat_hprc_r2_v1.0.1.merged	edit-distance	64	heuristic	1638562523	180709452	10726108	52281345	2.85	82128	2.84	12584	1.41	4348	25.39	14787836	646996	643012	3984	0
hprcv2-25k	HG01071_mat_hprc_r2_v1.0.1.merged	diagonal-distance	16	heuristic	1790179211	189327170	13039724	58494511	3.12	79632	3.03	11084	1.46	4468	46.12	27953908	721778	720461	1317	0
hprcv2-25k	HG01071_mat_hprc_r2_v1.0.1.merged	diagonal-distance	32	heuristic	1790179211	156756594	8555651	46839163	3.14	78088	2.56	11044	1.06	4480	51.96	30642260	721778	718021	3757	0
hprcv2-25k	HG01071_mat_hprc_r2_v1.0.1.merged	diagonal-distance	64	heuristic	1790179211	137927593	5988853	40036906	3.1	77568	2.3	10928	0.83	4400	80.74	39186032	721778	707625	14153	0
hprcv2-25k	HG01071_mat_hprc_r2_v1.0.1.merged	edit-distance	128	heuristic	1790179211	159330073	7449891	46246560	3.12	78680	2.64	11116	1.11	4384	32.54	14264880	721778	700565	21213	0
hprcv2-25k	HG01071_mat_hprc_r2_v1.0.1.merged	edit-distance	16	heuristic	1790179211	387070401	34723944	116216948	3.5	84316	5.6	11088	3.83	4664	32.86	9010928	721778	721349	429	0
hprcv2-25k	HG01071_mat_hprc_r2_v1.0.1.merged	edit-distance	256	heuristic	1790179211	136266288	4907837	39114233	3.13	77868	2.36	10980	0.85	4480	50.8	14734696	721778	686732	35046	0
hprcv2-25k	HG01071_mat_hprc_r2_v1.0.1.merged	edit-distance	32	heuristic	1790179211	269851867	19974252	79094806	3.02	81632	4.09	11112	2.39	4400	25.02	10232596	721778	720683	1095	0
hprcv2-25k	HG01071_mat_hprc_r2_v1.0.1.merged	edit-distance	64	heuristic	1790179211	199482323	11875509	58003637	3.16	79156	3.16	11152	1.56	4320	27.66	14429792	721778	717363	4415	0
hprcv2-25k	HG01071_pat_hprc_r2_v1.0.1.merged	diagonal-distance	16	heuristic	1908791563	201271764	13530387	61666093	3.39	81424	3.29	11884	1.53	4688	50.31	29022908	783555	782209	1346	0
hprcv2-25k	HG01071_pat_hprc_r2_v1.0.1.merged	diagonal-distance	32	heuristic	1908791563	167172290	8850656	49476837	3.34	79608	2.78	11844	1.12	4448	55.78	29671172	783555	779559	3996	0
hprcv2-25k	HG01071_pat_hprc_r2_v1.0.1.merged	diagonal-distance	64	heuristic	1908791563	147591918	6194241	42422972	3.45	79756	2.48	11748	0.88	4380	84.96	38808300	783555	768718	14837	0
hprcv2-25k	HG01071_pat_hprc_r2_v1.0.1.merged	edit-distance	128	heuristic	1908791563	170627286	7798525	49189476	3.35	79520	2.88	11908	1.18	4412	34.6	16265904	783555	761065	22490	0
hprcv2-25k	HG01071_pat_hprc_r2_v1.0.1.merged	edit-distance	16	heuristic	1908791563	412596653	36716370	123453950	3.48	85816	5.92	11756	4.02	4680	35.83	9644508	783555	783129	426	0
hprcv2-25k	HG01071_pat_hprc_r2_v1.0.1.merged	edit-distance	256	heuristic	1908791563	146440060	5151459	41737436	3.42	79716	2.54	13716	0.9	4468	54.9	16652568	783555	747177	36378	0
hprcv2-25k	HG01071_pat_hprc_r2_v1.0.1.merged	edit-distance	32	heuristic	1908791563	287748667	21035319	83983242	3.52	82884	4.36	11780	2.53	4800	26.58	12244248	783555	782448	1107	0
hprcv2-25k	HG01071_pat_hprc_r2_v1.0.1.merged	edit-distance	64	heuristic	1908791563	213083545	12460871	61612057	3.47	80516	3.41	11672	1.65	4608	29.21	14732676	783555	778751	4804	0
hprcv2-25k	HG01074_mat_hprc_r2_v1.0.1.merged	diagonal-distance	16	heuristic	2286005193	244469876	16677175	74995795	4.22	82680	3.94	13120	1.87	4604	55.56	26836836	932147	930462	1685	0
hprcv2-25k	HG01074_mat_hprc_r2_v1.0.1.merged	diagonal-distance	32	heuristic	2286005193	202230949	10881520	59902123	3.71	81076	3.39	13080	1.35	4696	66.34	30075868	932147	927240	4907	0
hprcv2-25k	HG01074_mat_hprc_r2_v1.0.1.merged	diagonal-distance	64	heuristic	2286005193	178022420	7596206	51178302	4.1	80128	2.97	12868	1.08	4560	99.38	37612092	932147	913487	18660	0
hprcv2-25k	HG01074_mat_hprc_r2_v1.0.1.merged	edit-distance	128	heuristic	2286005193	205431483	9456564	59223593	3.85	81336	3.42	13028	1.43	4744	42.35	16840212	932147	903922	28225	0
hprcv2-25k	HG01074_mat_hprc_r2_v1.0.1.merged	edit-distance	16	heuristic	2286005193	497349626	44211883	149211274	4.7	87744	7.13	13104	4.82	5048	46.3	10725616	932147	931579	568	0
hprcv2-25k	HG01074_mat_hprc_r2_v1.0.1.merged	edit-distance	256	heuristic	2286005193	175990139	6243112	50146518	3.89	80832	3.03	13068	1.1	4748	65.37	14251664	932147	886593	45554	0
hprcv2-25k	HG01074_mat_hprc_r2_v1.0.1.merged	edit-distance	32	heuristic	2286005193	347000208	25396806	101406563	4.27	84932	5.23	13112	3.06	4716	32.89	14083356	932147	930719	1428	0
hprcv2-25k	HG01074_mat_hprc_r2_v1.0.1.merged	edit-distance	64	heuristic	2286005193	256954558	15078134	74283110	4.02	82576	4.06	13052	2.01	4664	36.09	15410744	932147	926264	5883	0
hprcv2-25k	HG01074_pat_hprc_r2_v1.0.1.merged	diagonal-distance	16	heuristic	1819046792	195667560	13620144	60209338	3.19	86624	3.15	17432	1.52	4676	51.66	31173140	731671	730276	1395	0
hprcv2-25k	HG01074_pat_hprc_r2_v1.0.1.merged	diagonal-distance	32	heuristic	1819046792	161504964	8900027	47973197	3.11	80904	2.67	13244	1.11	4532	56.12	31358708	731671	727614	4057	0
hprcv2-25k	HG01074_pat_hprc_r2_v1.0.1.merged	diagonal-distance	64	heuristic	1819046792	141531050	6166566	40757433	2.95	80648	2.34	13364	0.85	4624	80.33	36041628	731671	716050	15621	0
hprcv2-25k	HG01074_pat_hprc_r2_v1.0.1.merged	edit-distance	128	heuristic	1819046792	163138501	7613627	46991642	3.2	80964	2.69	15436	1.14	4492	33.56	16490132	731671	708609	23062	0
hprcv2-25k	HG01074_pat_hprc_r2_v1.0.1.merged	edit-distance	16	heuristic	1819046792	396437195	35599174	119072683	3.65	87348	5.67	13368	3.94	4660	33.39	10421140	731671	731231	440	0
hprcv2-25k	HG01074_pat_hprc_r2_v1.0.1.merged	edit-distance	256	heuristic	1819046792	139579337	5033626	39755621	3.19	83272	2.41	13160	0.87	4468	52.82	17368088	731671	694931	36740	0
hprcv2-25k	HG01074_pat_hprc_r2_v1.0.1.merged	edit-distance	32	heuristic	1819046792	276776163	20496142	80855589	3.09	82384	4.16	11444	2.48	4656	25.97	13726924	731671	730542	1129	0
hprcv2-25k	HG01074_pat_hprc_r2_v1.0.1.merged	edit-distance	64	heuristic	1819046792	204705568	12171906	59103583	3.07	79676	3.22	11320	1.6	4644	28.4	14571036	731671	726856	4815	0
hprcv2-25k	HG01081_mat_hprc_r2_v1.0.1.merged	diagonal-distance	16	heuristic	1747053393	186413519	12650041	57402791	3.06	80944	3.04	13340	1.42	4532	47.57	30310728	723597	722394	1203	0
hprcv2-25k	HG01081_mat_hprc_r2_v1.0.1.merged	diagonal-distance	32	heuristic	1747053393	154346645	8243942	45932442	3.23	78772	2.56	13136	1.05	4532	55.04	30143088	723597	720008	3589	0
hprcv2-25k	HG01081_mat_hprc_r2_v1.0.1.merged	diagonal-distance	64	heuristic	1747053393	135878119	5737133	39278548	3.13	78956	2.28	11056	0.82	4480	80.48	37163768	723597	709814	13783	0
hprcv2-25k	HG01081_mat_hprc_r2_v1.0.1.merged	edit-distance	128	heuristic	1747053393	156884975	7181920	45413971	3.08	79360	2.59	13352	1.09	4364	32.15	15230248	723597	702967	20630	0
hprcv2-25k	HG01081_mat_hprc_r2_v1.0.1.merged	edit-distance	16	heuristic	1747053393	379328285	33693431	113760203	3.58	84800	5.44	13244	3.74	4740	31.57	8657552	723597	723153	444	0
hprcv2-25k	HG01081_mat_hprc_r2_v1.0.1.merged	edit-distance	256	heuristic	1747053393	134471057	4724344	38487295	2.93	78452	2.32	13148	0.83	4592	49.88	15424976	723597	690059	33538	0
hprcv2-25k	HG01081_mat_hprc_r2_v1.0.1.merged	edit-distance	32	heuristic	1747053393	264825225	19330898	77431271	3.03	82540	3.99	13356	2.36	4676	24.64	10648588	723597	722490	1107	0
hprcv2-25k	HG01081_mat_hprc_r2_v1.0.1.merged	edit-distance	64	heuristic	1747053393	196135904	11463050	56832985	3.1	80416	3.17	13180	1.51	4592	26.91	12327032	723597	719305	4292	0
hprcv2-25k	HG01081_pat_hprc_r2_v1.0.1.merged	diagonal-distance	16	heuristic	1994393026	212988600	14297889	65071318	3.52	83172	3.46	12100	1.63	4664	55.41	30935864	827854	826436	1418	0
hprcv2-25k	HG01081_pat_hprc_r2_v1.0.1.merged	diagonal-distance	32	heuristic	1994393026	176495949	9288146	52023649	3.67	84008	2.92	14084	1.19	4532	64.18	34088564	827854	823861	3993	0
hprcv2-25k	HG01081_pat_hprc_r2_v1.0.1.merged	diagonal-distance	64	heuristic	1994393026	155318653	6409857	44383195	3.6	81476	2.62	12136	0.92	4484	90.84	39127552	827854	812810	15044	0
hprcv2-25k	HG01081_pat_hprc_r2_v1.0.1.merged	edit-distance	128	heuristic	1994393026	179476207	8069458	51423750	3.67	81800	2.99	12020	1.23	4424	37.08	14773088	827854	805153	22701	0
hprcv2-25k	HG01081_pat_hprc_r2_v1.0.1.merged	edit-distance	16	heuristic	1994393026	433664003	38340454	129519492	4.13	90344	6.23	14248	4.24	4688	36.25	10601832	827854	827393	461	0
hprcv2-25k	HG01081_pat_hprc_r2_v1.0.1.merged	edit-distance	256	heuristic	1994393026	153994240	5290479	43593047	3.65	83548	2.64	14280	0.94	4432	55.74	15016268	827854	791337	36517	0
hprcv2-25k	HG01081_pat_hprc_r2_v1.0.1.merged	edit-distance	32	heuristic	1994393026	303039048	21963201	88050145	3.5	87248	4.54	16364	2.69	4760	28.28	12746472	827854	826717	1137	0
hprcv2-25k	HG01081_pat_hprc_r2_v1.0.1.merged	edit-distance	64	heuristic	1994393026	224412904	12976997	64518487	3.44	82980	3.59	12168	1.73	4608	30.63	13348584	827854	823097	4757	0
hprcv2-25k	HG01099_mat_hprc_r2_v1.0.1.merged	diagonal-distance	16	heuristic	2225065441	239888487	16288569	73368774	4.19	90756	3.85	19076	1.84	4684	59.86	30056736	918808	917146	1662	0
hprcv2-25k	HG01099_mat_hprc_r2_v1.0.1.merged	diagonal-distance	32	heuristic	2225065441	198928441	10638600	58712256	3.94	82824	3.29	12840	1.33	4548	67.38	31269000	918808	913999	4809	0
hprcv2-25k	HG01099_mat_hprc_r2_v1.0.1.merged	diagonal-distance	64	heuristic	2225065441	175120690	7383099	50105914	4.11	84972	2.93	15012	1.05	4480	99.45	37660592	918808	900545	18263	0
hprcv2-25k	HG01099_mat_hprc_r2_v1.0.1.merged	edit-distance	128	heuristic	2225065441	201590978	9185997	57818265	3.93	89436	3.37	19076	1.37	4776	40.09	16460448	918808	891304	27504	0
hprcv2-25k	HG01099_mat_hprc_r2_v1.0.1.merged	edit-distance	16	heuristic	2225065441	485204904	43166043	145020768	4.48	91172	6.94	12932	4.73	4736	41.73	9839744	918808	918263	545	0
hprcv2-25k	HG01099_mat_hprc_r2_v1.0.1.merged	edit-distance	256	heuristic	2225065441	172950072	6023303	48939371	3.86	91428	2.93	19008	1.07	4492	62.47	15447432	918808	874156	44652	0
hprcv2-25k	HG01099_mat_hprc_r2_v1.0.1.merged	edit-distance	32	heuristic	2225065441	339549528	24810589	98781993	4.1	91664	5.1	19052	2.95	4672	31.03	12664948	918808	917417	1391	0
hprcv2-25k	HG01099_mat_hprc_r2_v1.0.1.merged	edit-distance	64	heuristic	2225065441	251842809	14711537	72463879	3.69	90644	3.99	18960	1.95	4776	33.8	14913568	918808	912992	5816	0
hprcv2-25k	HG01099_pat_hprc_r2_v1.0.1.merged	diagonal-distance	16	heuristic	2402975278	268302637	17482425	81727639	4.47	93076	4.31	20436	2.01	4600	58.64	28000548	1083639	1081948	1691	0
hprcv2-25k	HG01099_pat_hprc_r2_v1.0.1.merged	diagonal-distance	32	heuristic	2402975278	224309551	11423129	66001561	4.47	87240	3.72	16156	1.47	4704	71.18	32397072	1083639	1078383	5256	0
hprcv2-25k	HG01099_pat_hprc_r2_v1.0.1.merged	diagonal-distance	64	heuristic	2402975278	198946146	7961057	56842813	4.55	91772	3.31	20400	1.17	4668	113.75	42554000	1083639	1063263	20376	0
hprcv2-25k	HG01099_pat_hprc_r2_v1.0.1.merged	edit-distance	128	heuristic	2402975278	227196024	9895267	65229170	4.39	89520	4.05	16336	1.52	4648	43.13	15478380	1083639	1052174	31465	0
hprcv2-25k	HG01099_pat_hprc_r2_v1.0.1.merged	edit-distance	16	heuristic	2402975278	532379347	46479752	159335289	5.14	93492	7.66	18492	5.12	4848	42.85	9470416	1083639	1083091	548	0
hprcv2-25k	HG01099_pat_hprc_r2_v1.0.1.merged	edit-distance	256	heuristic	2402975278	196651629	6527643	55768103	4.56	91596	3.39	20388	1.19	4620	65.94	15682732	1083639	1032323	51316	0
hprcv2-25k	HG01099_pat_hprc_r2_v1.0.1.merged	edit-distance	32	heuristic	2402975278	375652390	26672191	109312478	4.76	91164	5.69	18268	3.24	4652	33.21	12203012	1083639	1082182	1457	0
hprcv2-25k	HG01099_pat_hprc_r2_v1.0.1.merged	edit-distance	64	heuristic	2402975278	281225634	15819642	80962312	4.67	87588	4.5	20316	2.14	4620	36.41	14851244	1083639	1077476	6163	0
hprcv2-25k	HG01106_mat_hprc_r2_v1.0.1.merged	diagonal-distance	16	heuristic	2037564038	217720873	14558957	66512927	3.73	83912	3.53	12236	1.68	4684	50.4	27727572	848442	846964	1478	0
hprcv2-25k	HG01106_mat_hprc_r2_v1.0.1.merged	diagonal-distance	32	heuristic	2037564038	180348164	9438254	53162125	3.84	82204	3	12388	1.2	4384	58.15	30491092	848442	844118	4324	0
hprcv2-25k	HG01106_mat_hprc_r2_v1.0.1.merged	diagonal-distance	64	heuristic	2037564038	158784447	6516446	45397898	3.62	81672	2.65	12176	0.94	4452	89.99	39728784	848442	831712	16730	0
hprcv2-25k	HG01106_mat_hprc_r2_v1.0.1.merged	edit-distance	128	heuristic	2037564038	183597010	8230656	52688542	3.46	84676	3.07	12424	1.25	4452	37.39	15862828	848442	823238	25204	0
hprcv2-25k	HG01106_mat_hprc_r2_v1.0.1.merged	edit-distance	16	heuristic	2037564038	443452519	39104546	132521937	4.12	90992	6.34	18688	4.29	4756	38.07	8912272	848442	847955	487	0
hprcv2-25k	HG01106_mat_hprc_r2_v1.0.1.merged	edit-distance	256	heuristic	2037564038	157654119	5407994	44711049	3.63	82452	2.72	12284	0.97	4592	56.8	15508928	848442	807557	40885	0
hprcv2-25k	HG01106_mat_hprc_r2_v1.0.1.merged	edit-distance	32	heuristic	2037564038	309714400	22379591	90098406	3.78	85252	4.65	12424	2.71	4592	28.98	12452596	848442	847209	1233	0
hprcv2-25k	HG01106_mat_hprc_r2_v1.0.1.merged	edit-distance	64	heuristic	2037564038	229394665	13214730	66038001	3.71	84172	3.75	12380	1.78	4648	31.21	14541980	848442	843160	5282	0
hprcv2-25k	HG01106_pat_hprc_r2_v1.0.1.merged	diagonal-distance	16	heuristic	1900660982	210390139	13960959	64207794	3.61	86644	3.39	14004	1.59	4612	43.65	26519900	832997	831613	1384	0
hprcv2-25k	HG01106_pat_hprc_r2_v1.0.1.merged	diagonal-distance	32	heuristic	1900660982	175424218	9146197	51706932	3.63	85216	2.89	16068	1.18	4548	53.92	30755304	832997	828914	4083	0
hprcv2-25k	HG01106_pat_hprc_r2_v1.0.1.merged	diagonal-distance	64	heuristic	1900660982	155302429	6401859	44445437	3.48	84832	2.55	14208	0.91	4496	83.96	38523928	832997	817152	15845	0
hprcv2-25k	HG01106_pat_hprc_r2_v1.0.1.merged	edit-distance	128	heuristic	1900660982	177433935	7897015	50998121	3.51	85256	2.98	14032	1.22	4580	34.22	16882852	832997	808911	24086	0
hprcv2-25k	HG01106_pat_hprc_r2_v1.0.1.merged	edit-distance	16	heuristic	1900660982	418762799	36762774	125347672	3.98	89672	6.05	12100	4.06	4752	32.35	9521984	832997	832516	481	0
hprcv2-25k	HG01106_pat_hprc_r2_v1.0.1.merged	edit-distance	256	heuristic	1900660982	153222877	5230560	43500051	3.41	83256	2.67	12208	0.94	4580	52.71	15877560	832997	793663	39334	0
hprcv2-25k	HG01106_pat_hprc_r2_v1.0.1.merged	edit-distance	32	heuristic	1900660982	294857173	21143631	85837016	3.64	86432	4.43	14244	2.59	4708	26.25	12459020	832997	831803	1194	0
hprcv2-25k	HG01106_pat_hprc_r2_v1.0.1.merged	edit-distance	64	heuristic	1900660982	220169638	12574045	63431749	3.44	86152	3.51	14236	1.65	4760	28.89	14087032	832997	828075	4922	0
hprcv2-25k	HG01109_mat_hprc_r2_v1.0.1.merged	diagonal-distance	16	heuristic	2021344272	208134867	15014277	64752858	3.16	84504	3.34	13560	1.65	4760	70.65	37012700	749825	748293	1532	0
hprcv2-25k	HG01109_mat_hprc_r2_v1.0.1.merged	diagonal-distance	32	heuristic	2021344272	170302406	9781036	51203540	3.44	80964	2.79	11384	1.19	4524	139.62	56285788	749825	745437	4388	0
hprcv2-25k	HG01109_mat_hprc_r2_v1.0.1.merged	diagonal-distance	64	heuristic	2021344272	148355208	6771508	43262064	3.43	79836	2.44	11448	0.91	4412	222.96	71152428	749825	732967	16858	0
hprcv2-25k	HG01109_mat_hprc_r2_v1.0.1.merged	edit-distance	128	heuristic	2021344272	172584172	8413846	50138839	3.61	81484	2.83	11468	1.23	4532	35.18	14221140	749825	724611	25214	0
hprcv2-25k	HG01109_mat_hprc_r2_v1.0.1.merged	edit-distance	16	heuristic	2021344272	432443192	39626196	129901011	3.79	90204	6.15	13604	4.35	4704	32.4	9928588	749825	749338	487	0
hprcv2-25k	HG01109_mat_hprc_r2_v1.0.1.merged	edit-distance	256	heuristic	2021344272	146228365	5511004	42021831	3.37	80680	2.48	11328	0.93	4544	55.8	15018448	749825	708375	41450	0
hprcv2-25k	HG01109_mat_hprc_r2_v1.0.1.merged	edit-distance	32	heuristic	2021344272	299133489	22791394	87645366	3.34	84816	4.47	11508	2.67	4644	27.04	11370928	749825	748580	1245	0
hprcv2-25k	HG01109_mat_hprc_r2_v1.0.1.merged	edit-distance	64	heuristic	2021344272	218800326	13499538	63550569	3.64	81868	3.46	11480	1.73	4656	29.72	14198580	749825	744612	5213	0
hprcv2-25k	HG01109_pat_hprc_r2_v1.0.1.merged	diagonal-distance	16	heuristic	1564083425	170953078	11682958	52568154	2.95	79260	2.72	10392	1.31	4408	41.85	29469472	658459	657223	1236	0
hprcv2-25k	HG01109_pat_hprc_r2_v1.0.1.merged	diagonal-distance	32	heuristic	1564083425	141757568	7638455	42102396	2.76	79504	2.32	12560	0.95	4424	62.19	36635376	658459	654997	3462	0
hprcv2-25k	HG01109_pat_hprc_r2_v1.0.1.merged	diagonal-distance	64	heuristic	1564083425	124817272	5314958	35972224	2.78	77092	2.07	10484	0.74	4260	74.35	37782376	658459	645288	13171	0
hprcv2-25k	HG01109_pat_hprc_r2_v1.0.1.merged	edit-distance	128	heuristic	1564083425	143201862	6562479	41306353	2.92	85996	2.42	16608	0.98	4440	28.38	16184084	658459	638741	19718	0
hprcv2-25k	HG01109_pat_hprc_r2_v1.0.1.merged	edit-distance	16	heuristic	1564083425	343300111	30658855	102990906	3.14	84056	4.92	10804	3.35	4640	29.18	10110652	658459	658042	417	0
hprcv2-25k	HG01109_pat_hprc_r2_v1.0.1.merged	edit-distance	256	heuristic	1564083425	122938307	4318270	35035425	2.76	77324	2.11	10492	0.78	4100	45.15	16864880	658459	626757	31702	0
hprcv2-25k	HG01109_pat_hprc_r2_v1.0.1.merged	edit-distance	32	heuristic	1564083425	240639732	17634594	70223523	2.86	80248	3.67	10584	2.12	4480	21.53	10260332	658459	657445	1014	0
hprcv2-25k	HG01109_pat_hprc_r2_v1.0.1.merged	edit-distance	64	heuristic	1564083425	178775621	10480540	51644714	2.66	78812	2.87	10632	1.4	4336	23.71	13855876	658459	654373	4086	0
hprcv2-25k	HG01123_mat_hprc_r2_v1.0.1.merged	diagonal-distance	16	heuristic	1710646346	178838953	12525926	55528798	2.87	87296	2.88	16972	1.39	4612	44.13	28539320	670305	669080	1225	0
hprcv2-25k	HG01123_mat_hprc_r2_v1.0.1.merged	diagonal-distance	32	heuristic	1710646346	147279327	8185389	44241975	2.99	85720	2.46	16996	1.01	4564	50.42	30127000	670305	666572	3733	0
hprcv2-25k	HG01123_mat_hprc_r2_v1.0.1.merged	diagonal-distance	64	heuristic	1710646346	128984206	5696887	37643695	3	84716	2.15	16840	0.78	4580	74.15	36152476	670305	656010	14295	0
hprcv2-25k	HG01123_mat_hprc_r2_v1.0.1.merged	edit-distance	128	heuristic	1710646346	149561389	7093618	43606663	2.94	79756	2.5	10860	1.05	4508	31.25	15236040	670305	648442	21863	0
hprcv2-25k	HG01123_mat_hprc_r2_v1.0.1.merged	edit-distance	16	heuristic	1710646346	368515149	33246605	111012283	3.43	85832	5.31	10948	3.66	4700	30.67	9772560	670305	669876	429	0
hprcv2-25k	HG01123_mat_hprc_r2_v1.0.1.merged	edit-distance	256	heuristic	1710646346	127433371	4666659	36771916	3.1	85784	2.19	17008	0.79	4500	48.64	15084128	670305	634518	35787	0
hprcv2-25k	HG01123_mat_hprc_r2_v1.0.1.merged	edit-distance	32	heuristic	1710646346	255927564	19116749	75273972	3.08	89328	3.87	17052	2.28	4652	24.43	11979036	670305	669281	1024	0
hprcv2-25k	HG01123_mat_hprc_r2_v1.0.1.merged	edit-distance	64	heuristic	1710646346	188313155	11346296	54947760	3.02	86748	3.03	10860	1.48	4484	26.73	16049548	670305	665969	4336	0
hprcv2-25k	HG01123_pat_hprc_r2_v1.0.1.merged	diagonal-distance	16	heuristic	2088126136	218507338	15234637	67464278	3.61	90156	3.52	18252	1.68	4556	103.29	43146236	823465	821965	1500	0
hprcv2-25k	HG01123_pat_hprc_r2_v1.0.1.merged	diagonal-distance	32	heuristic	2088126136	179882225	9912750	53641272	3.71	88644	3.02	18112	1.2	4568	102.82	43999828	823465	819029	4436	0
hprcv2-25k	HG01123_pat_hprc_r2_v1.0.1.merged	diagonal-distance	64	heuristic	2088126136	157285570	6826703	45481520	3.65	88860	2.67	20392	0.94	4500	111.02	44614172	823465	806589	16876	0
hprcv2-25k	HG01123_pat_hprc_r2_v1.0.1.merged	edit-distance	128	heuristic	2088126136	182540275	8556764	52776948	3.83	82612	3.03	12024	1.27	4488	38.28	17319328	823465	797851	25614	0
hprcv2-25k	HG01123_pat_hprc_r2_v1.0.1.merged	edit-distance	16	heuristic	2088126136	449557578	40545809	134935829	3.95	95412	6.39	12300	4.44	4848	38.58	9046840	823465	822963	502	0
hprcv2-25k	HG01123_pat_hprc_r2_v1.0.1.merged	edit-distance	256	heuristic	2088126136	155438032	5576981	44420304	3.48	89052	2.68	18128	0.97	4524	58.89	16534916	823465	781815	41650	0
hprcv2-25k	HG01123_pat_hprc_r2_v1.0.1.merged	edit-distance	32	heuristic	2088126136	312496951	23286226	91425047	3.78	85720	4.71	12060	2.78	4668	29.55	13578668	823465	822208	1257	0
hprcv2-25k	HG01123_pat_hprc_r2_v1.0.1.merged	edit-distance	64	heuristic	2088126136	229979771	13770763	66624721	3.69	89976	3.74	12092	1.82	4852	32.08	14819628	823465	818191	5274	0
hprcv2-25k	HG01150_mat_hprc_r2_v1.0.1.merged	diagonal-distance	16	heuristic	2366320246	248738467	17061789	76542938	4.06	89672	3.99	19384	1.92	4744	205.54	60114000	948846	947164	1682	0
hprcv2-25k	HG01150_mat_hprc_r2_v1.0.1.merged	diagonal-distance	32	heuristic	2366320246	205455264	11117804	61069083	4.19	82732	3.36	12980	1.39	4736	173.64	59191976	948846	944002	4844	0
hprcv2-25k	HG01150_mat_hprc_r2_v1.0.1.merged	diagonal-distance	64	heuristic	2366320246	180652551	7748787	52131794	3.93	87972	3.01	19256	1.08	4688	171.88	59003676	948846	930044	18802	0
hprcv2-25k	HG01150_mat_hprc_r2_v1.0.1.merged	edit-distance	128	heuristic	2366320246	209321441	9742949	60547605	4.19	88084	3.48	19172	1.44	4728	42.75	15071384	948846	919721	29125	0
hprcv2-25k	HG01150_mat_hprc_r2_v1.0.1.merged	edit-distance	16	heuristic	2366320246	510326500	45655309	152980254	4.53	95240	7.29	21504	4.99	5016	43.13	9676252	948846	948265	581	0
hprcv2-25k	HG01150_mat_hprc_r2_v1.0.1.merged	edit-distance	256	heuristic	2366320246	179248654	6453763	51289283	4.03	88576	3.08	19316	1.13	4660	67.28	15983284	948846	901517	47329	0
hprcv2-25k	HG01150_mat_hprc_r2_v1.0.1.merged	edit-distance	32	heuristic	2366320246	355368586	26203207	103864946	3.92	91700	5.32	13224	3.23	4700	33.19	12088692	948846	947451	1395	0
hprcv2-25k	HG01150_mat_hprc_r2_v1.0.1.merged	edit-distance	64	heuristic	2366320246	262292027	15527693	75967485	4.31	82900	4.19	12984	2.06	4752	36.08	13365576	948846	943004	5842	0
hprcv2-25k	HG01150_pat_hprc_r2_v1.0.1.merged	diagonal-distance	16	heuristic	1777562159	187256065	13228794	58039652	3.08	87652	2.98	14976	1.47	4504	44.87	28389272	697429	695993	1436	0
hprcv2-25k	HG01150_pat_hprc_r2_v1.0.1.merged	diagonal-distance	32	heuristic	1777562159	153884670	8604837	46076680	2.91	86100	2.63	17084	1.06	4528	52.42	30867936	697429	693389	4040	0
hprcv2-25k	HG01150_pat_hprc_r2_v1.0.1.merged	diagonal-distance	64	heuristic	1777562159	134351882	5919675	38999299	2.95	85568	2.26	17148	0.82	4516	78.34	37469800	697429	682353	15076	0
hprcv2-25k	HG01150_pat_hprc_r2_v1.0.1.merged	edit-distance	128	heuristic	1777562159	155740389	7374172	45103083	2.93	85984	2.6	17220	1.09	4500	32.59	17433816	697429	675450	21979	0
hprcv2-25k	HG01150_pat_hprc_r2_v1.0.1.merged	edit-distance	16	heuristic	1777562159	384768897	35005297	115606188	3.44	91836	5.5	17080	3.85	4896	32.47	10046112	697429	696990	439	0
hprcv2-25k	HG01150_pat_hprc_r2_v1.0.1.merged	edit-distance	256	heuristic	1777562159	132332510	4777801	37857369	3.3	85532	2.3	17140	0.84	4616	51.34	14786068	697429	661983	35446	0
hprcv2-25k	HG01150_pat_hprc_r2_v1.0.1.merged	edit-distance	32	heuristic	1777562159	267343959	20104001	78266790	3.27	89008	4	17272	2.38	4724	24.72	11186304	697429	696291	1138	0
hprcv2-25k	HG01150_pat_hprc_r2_v1.0.1.merged	edit-distance	64	heuristic	1777562159	196518871	11889927	56994669	3.15	87008	3.15	17144	1.56	4488	27.1	14793400	697429	692673	4756	0
hprcv2-25k	HG01167_hap1_hprc_r2_v1.0.1.merged	diagonal-distance	16	heuristic	2515250330	274497453	18284158	83919334	4.57	92168	4.37	20368	2.12	4768	61.61	29287388	1081589	1079659	1930	0
hprcv2-25k	HG01167_hap1_hprc_r2_v1.0.1.merged	diagonal-distance	32	heuristic	2515250330	228269752	11916038	67387484	4.76	90688	3.75	20296	1.53	4768	73.24	32526304	1081589	1075993	5596	0
hprcv2-25k	HG01167_hap1_hprc_r2_v1.0.1.merged	diagonal-distance	64	heuristic	2515250330	201712512	8296118	57810741	4.54	90400	3.38	20388	1.18	4680	115.8	39799080	1081589	1060721	20868	0
hprcv2-25k	HG01167_hap1_hprc_r2_v1.0.1.merged	edit-distance	128	heuristic	2515250330	231761200	10373995	66673320	4.81	91032	3.86	20228	1.6	4684	44.31	15344140	1081589	1049602	31987	0
hprcv2-25k	HG01167_hap1_hprc_r2_v1.0.1.merged	edit-distance	16	heuristic	2515250330	552233376	48733168	165376526	5.04	102676	7.96	20388	5.49	5016	44.24	11270400	1081589	1080943	646	0
hprcv2-25k	HG01167_hap1_hprc_r2_v1.0.1.merged	edit-distance	256	heuristic	2515250330	199877712	6870227	56830795	4.74	90504	3.44	20448	1.24	4776	68.49	15759336	1081589	1030003	51586	0
hprcv2-25k	HG01167_hap1_hprc_r2_v1.0.1.merged	edit-distance	32	heuristic	2515250330	387371616	27937161	112834881	4.73	94428	5.89	20536	3.39	4688	34.47	13734288	1081589	1079965	1624	0
hprcv2-25k	HG01167_hap1_hprc_r2_v1.0.1.merged	edit-distance	64	heuristic	2515250330	288310378	16563246	83116793	4.53	91472	4.58	20280	2.24	4664	37.42	13462564	1081589	1074882	6707	0
hprcv2-25k	HG01167_hap2_hprc_r2_v1.0.1.merged	diagonal-distance	16	heuristic	1700791717	174404031	12617080	54286105	2.94	90120	2.81	16364	1.36	4428	47.65	30311388	626467	625268	1199	0
hprcv2-25k	HG01167_hap2_hprc_r2_v1.0.1.merged	diagonal-distance	32	heuristic	1700791717	142977890	8267941	43024886	2.98	85936	2.36	16420	1	4404	60.75	36651844	626467	622950	3517	0
hprcv2-25k	HG01167_hap2_hprc_r2_v1.0.1.merged	diagonal-distance	64	heuristic	1700791717	124662566	5754306	36396184	2.93	84976	2.1	18492	0.76	4388	87.29	45313160	626467	612852	13615	0
hprcv2-25k	HG01167_hap2_hprc_r2_v1.0.1.merged	edit-distance	128	heuristic	1700791717	144971525	7131421	42171765	2.99	85600	2.4	16392	1.04	4380	30.79	14832888	626467	606185	20282	0
hprcv2-25k	HG01167_hap2_hprc_r2_v1.0.1.merged	edit-distance	16	heuristic	1700791717	362750627	33375151	109148986	3.06	91940	5.14	16356	3.63	4676	28.82	10032788	626467	626076	391	0
hprcv2-25k	HG01167_hap2_hprc_r2_v1.0.1.merged	edit-distance	256	heuristic	1700791717	122771172	4679075	35328191	2.93	84964	2.11	16408	0.78	4320	49.29	15387248	626467	593692	32775	0
hprcv2-25k	HG01167_hap2_hprc_r2_v1.0.1.merged	edit-distance	32	heuristic	1700791717	251105590	19221121	73674749	2.95	88704	3.79	16440	2.25	4596	23.33	12107816	626467	625475	992	0
hprcv2-25k	HG01167_hap2_hprc_r2_v1.0.1.merged	edit-distance	64	heuristic	1700791717	183727774	11421400	53478403	2.79	87364	2.88	16544	1.45	4492	25.56	13917824	626467	622153	4314	0
hprcv2-25k	HG01175_mat_hprc_r2_v1.0.1.merged	diagonal-distance	16	heuristic	1840855764	201470709	13301906	61328118	3.44	88432	3.29	18116	1.53	4760	46.86	27172744	798115	796744	1371	0
hprcv2-25k	HG01175_mat_hprc_r2_v1.0.1.merged	diagonal-distance	32	heuristic	1840855764	167747525	8661597	49263067	3.32	86920	2.77	20096	1.1	4480	55.68	31423928	798115	794381	3734	0
hprcv2-25k	HG01175_mat_hprc_r2_v1.0.1.merged	diagonal-distance	64	heuristic	1840855764	148358695	6020018	42269256	3.25	87368	2.49	18028	0.88	4528	83.67	38793612	798115	783564	14551	0
hprcv2-25k	HG01175_mat_hprc_r2_v1.0.1.merged	edit-distance	128	heuristic	1840855764	170615257	7570030	48878914	3.24	87468	2.84	18080	1.16	4380	34.18	15563904	798115	776047	22068	0
hprcv2-25k	HG01175_mat_hprc_r2_v1.0.1.merged	edit-distance	16	heuristic	1840855764	404759910	35597008	120974093	3.81	91824	5.82	18200	3.82	4800	34.06	11545308	798115	797678	437	0
hprcv2-25k	HG01175_mat_hprc_r2_v1.0.1.merged	edit-distance	256	heuristic	1840855764	147181282	5001700	41663049	3.31	87360	2.53	18112	0.9	4504	52.5	15565844	798115	762612	35503	0
hprcv2-25k	HG01175_mat_hprc_r2_v1.0.1.merged	edit-distance	32	heuristic	1840855764	284201211	20421369	82670856	3.52	93336	4.32	18040	2.47	4772	26.86	12998976	798115	797033	1082	0
hprcv2-25k	HG01175_mat_hprc_r2_v1.0.1.merged	edit-distance	64	heuristic	1840855764	211816539	12099009	60935343	3.41	88528	3.4	18116	1.63	4624	28.64	14294416	798115	793451	4664	0
hprcv2-25k	HG01175_pat_hprc_r2_v1.0.1.merged	diagonal-distance	16	heuristic	2205273818	228071050	16021393	70555684	4.01	91940	3.69	18396	1.78	4612	57.25	28592000	847916	846291	1625	0
hprcv2-25k	HG01175_pat_hprc_r2_v1.0.1.merged	diagonal-distance	32	heuristic	2205273818	187455898	10425726	56018304	3.89	92836	3.12	18356	1.29	4676	63.36	29715348	847916	843334	4582	0
hprcv2-25k	HG01175_pat_hprc_r2_v1.0.1.merged	diagonal-distance	64	heuristic	2205273818	163935224	7220406	47526412	3.8	90316	2.74	18420	0.99	4580	95.98	36590288	847916	829927	17989	0
hprcv2-25k	HG01175_pat_hprc_r2_v1.0.1.merged	edit-distance	128	heuristic	2205273818	190763248	9054751	55242795	3.66	91096	3.15	18460	1.35	4704	39.98	15612664	847916	820326	27590	0
hprcv2-25k	HG01175_pat_hprc_r2_v1.0.1.merged	edit-distance	16	heuristic	2205273818	472990542	42847393	142055661	4.41	99008	6.69	18532	4.59	5012	41.51	10995868	847916	847378	538	0
hprcv2-25k	HG01175_pat_hprc_r2_v1.0.1.merged	edit-distance	256	heuristic	2205273818	162079201	5915209	46437721	3.81	90152	2.74	18356	1.03	4624	62.41	14632928	847916	803177	44739	0
hprcv2-25k	HG01175_pat_hprc_r2_v1.0.1.merged	edit-distance	32	heuristic	2205273818	327989180	24589793	96031930	3.96	94564	4.92	18556	2.96	4616	30.89	12881316	847916	846575	1341	0
hprcv2-25k	HG01175_pat_hprc_r2_v1.0.1.merged	edit-distance	64	heuristic	2205273818	240770696	14555546	69867219	3.79	91548	3.78	18504	1.91	4716	33.64	16525872	847916	842383	5533	0
hprcv2-25k	HG01192_mat_hprc_r2_v1.0.1.merged	diagonal-distance	16	heuristic	2147706241	234579504	15581693	71613865	4.02	90020	3.8	19064	1.81	4744	77.73	41982600	923400	921775	1625	0
hprcv2-25k	HG01192_mat_hprc_r2_v1.0.1.merged	diagonal-distance	32	heuristic	2147706241	195454287	10204960	57623357	3.76	88696	3.26	19100	1.31	4516	83.06	44462032	923400	918756	4644	0
hprcv2-25k	HG01192_mat_hprc_r2_v1.0.1.merged	diagonal-distance	64	heuristic	2147706241	172705544	7108925	49410833	3.69	89120	2.89	19008	1.02	4520	108.72	46054288	923400	905776	17624	0
hprcv2-25k	HG01192_mat_hprc_r2_v1.0.1.merged	edit-distance	128	heuristic	2147706241	198044113	8804294	56835046	4.05	88988	3.33	19068	1.35	4648	39.5	14413436	923400	895797	27603	0
hprcv2-25k	HG01192_mat_hprc_r2_v1.0.1.merged	edit-distance	16	heuristic	2147706241	470799241	41369699	140940585	4.22	95444	6.86	19112	4.6	4760	40.74	10566836	923400	922883	517	0
hprcv2-25k	HG01192_mat_hprc_r2_v1.0.1.merged	edit-distance	256	heuristic	2147706241	170474095	5781516	48299958	3.72	88396	2.93	18952	1.05	4496	61.33	15511016	923400	878137	45263	0
hprcv2-25k	HG01192_mat_hprc_r2_v1.0.1.merged	edit-distance	32	heuristic	2147706241	330721951	23785452	96375587	3.92	94100	5.01	21056	2.86	4744	30.9	12740520	923400	922093	1307	0
hprcv2-25k	HG01192_mat_hprc_r2_v1.0.1.merged	edit-distance	64	heuristic	2147706241	246478732	14121348	71038538	3.84	91824	3.92	18948	1.89	4672	33.59	15332864	923400	918000	5400	0
hprcv2-25k	HG01192_pat_hprc_r2_v1.0.1.merged	diagonal-distance	16	heuristic	1754893132	190537102	13098079	58610341	3.36	87704	3.06	17248	1.46	4668	56.11	34151220	726629	725213	1416	0
hprcv2-25k	HG01192_pat_hprc_r2_v1.0.1.merged	diagonal-distance	32	heuristic	1754893132	158443889	8656307	47112735	3.24	85768	2.61	17344	1.08	4600	59.5	33893076	726629	722515	4114	0
hprcv2-25k	HG01192_pat_hprc_r2_v1.0.1.merged	diagonal-distance	64	heuristic	1754893132	139693529	6083386	40328778	3.15	87532	2.32	17452	0.84	4444	76.72	36327420	726629	711252	15377	0
hprcv2-25k	HG01192_pat_hprc_r2_v1.0.1.merged	edit-distance	128	heuristic	1754893132	159890785	7428631	46233580	3.03	87372	2.67	17272	1.11	4456	31.48	15022488	726629	703468	23161	0
hprcv2-25k	HG01192_pat_hprc_r2_v1.0.1.merged	edit-distance	16	heuristic	1754893132	382949834	34275999	115056422	3.38	92028	5.51	17480	3.74	4656	31.46	10579428	726629	726161	468	0
hprcv2-25k	HG01192_pat_hprc_r2_v1.0.1.merged	edit-distance	256	heuristic	1754893132	137281302	4932228	39243005	2.99	85880	2.33	17368	0.87	4588	49.53	14651556	726629	688981	37648	0
hprcv2-25k	HG01192_pat_hprc_r2_v1.0.1.merged	edit-distance	32	heuristic	1754893132	268447793	19778581	78546450	3.17	88964	4.06	17472	2.37	4612	23.97	10910008	726629	725443	1186	0
hprcv2-25k	HG01192_pat_hprc_r2_v1.0.1.merged	edit-distance	64	heuristic	1754893132	199564210	11814102	57841539	3.3	86468	3.18	17384	1.57	4412	26.61	15129952	726629	721763	4866	0
hprcv2-25k	HG01243_mat_hprc_r2_v1.0.1.merged	diagonal-distance	16	heuristic	2253285376	226636451	16014730	70069011	3.91	88736	3.71	20400	1.74	4620	60.36	31045192	829563	827937	1626	0
hprcv2-25k	HG01243_mat_hprc_r2_v1.0.1.merged	diagonal-distance	32	heuristic	2253285376	185481545	10356009	55329304	3.76	86440	3.09	16300	1.26	4784	96.06	42249244	829563	824855	4708	0
hprcv2-25k	HG01243_mat_hprc_r2_v1.0.1.merged	diagonal-distance	64	heuristic	2253285376	161832542	7141410	46823896	3.87	86524	2.69	18376	0.97	4536	132.52	51303620	829563	811681	17882	0
hprcv2-25k	HG01243_mat_hprc_r2_v1.0.1.merged	edit-distance	128	heuristic	2253285376	189674921	9075134	54744413	4	83184	3.15	18248	1.32	4496	39.4	15867176	829563	801604	27959	0
hprcv2-25k	HG01243_mat_hprc_r2_v1.0.1.merged	edit-distance	16	heuristic	2253285376	477945124	43469083	142968076	3.77	92584	6.75	18340	4.72	4604	39.82	8686308	829563	829036	527	0
hprcv2-25k	HG01243_mat_hprc_r2_v1.0.1.merged	edit-distance	256	heuristic	2253285376	160675087	5914988	45840328	3.85	86416	2.75	18212	1.01	4576	63.86	16894576	829563	784314	45249	0
hprcv2-25k	HG01243_mat_hprc_r2_v1.0.1.merged	edit-distance	32	heuristic	2253285376	329767157	24852653	96102306	3.84	84204	4.88	12208	2.91	4672	29.93	12693824	829563	828231	1332	0
hprcv2-25k	HG01243_mat_hprc_r2_v1.0.1.merged	edit-distance	64	heuristic	2253285376	240746997	14652732	69555834	3.81	88420	3.8	18352	1.9	4644	32.79	14467864	829563	824122	5441	0
hprcv2-25k	HG01243_pat_hprc_r2_v1.0.1.merged	diagonal-distance	16	heuristic	2504178116	264822563	18209104	81415793	4.52	92548	4.29	19804	2.04	4668	58.92	28271228	1007973	1006127	1846	0
hprcv2-25k	HG01243_pat_hprc_r2_v1.0.1.merged	diagonal-distance	32	heuristic	2504178116	219047459	11888453	65035307	4.57	90408	3.63	19736	1.49	4716	71.72	31836020	1007973	1002603	5370	0
hprcv2-25k	HG01243_pat_hprc_r2_v1.0.1.merged	diagonal-distance	64	heuristic	2504178116	192523539	8256181	55434581	4.28	90504	3.21	19780	1.15	4488	107.85	37747040	1007973	987648	20325	0
hprcv2-25k	HG01243_pat_hprc_r2_v1.0.1.merged	edit-distance	128	heuristic	2504178116	222377471	10313318	64028768	4.26	90556	3.68	19764	1.54	4552	43.67	15233864	1007973	977906	30067	0
hprcv2-25k	HG01243_pat_hprc_r2_v1.0.1.merged	edit-distance	16	heuristic	2504178116	542115362	48729872	162224102	4.75	98008	7.71	19872	5.41	4760	42.26	9500196	1007973	1007373	600	0
hprcv2-25k	HG01243_pat_hprc_r2_v1.0.1.merged	edit-distance	256	heuristic	2504178116	190182926	6763666	54109490	4.23	90964	3.25	19792	1.2	4480	68.81	16217284	1007973	959577	48396	0
hprcv2-25k	HG01243_pat_hprc_r2_v1.0.1.merged	edit-distance	32	heuristic	2504178116	377969375	27939992	110046259	4.49	94132	5.66	19760	3.4	4768	33.1	11748480	1007973	1006448	1525	0
hprcv2-25k	HG01243_pat_hprc_r2_v1.0.1.merged	edit-distance	64	heuristic	2504178116	279133334	16549094	80482725	4.28	91792	4.4	19640	2.2	4584	36.38	13854080	1007973	1001660	6313	0
hprcv2-25k	HG01252_mat_hprc_r2_v1.0.1.merged	diagonal-distance	16	heuristic	1630741684	174473864	11721364	53341616	2.88	86808	2.79	16708	1.33	4384	45.94	30801788	677941	676725	1216	0
hprcv2-25k	HG01252_mat_hprc_r2_v1.0.1.merged	diagonal-distance	32	heuristic	1630741684	144590159	7617264	42651946	2.89	85672	2.38	16848	0.96	4360	72.26	48039792	677941	674425	3516	0
hprcv2-25k	HG01252_mat_hprc_r2_v1.0.1.merged	diagonal-distance	64	heuristic	1630741684	127433911	5291344	36471320	2.83	84368	2.13	16692	0.75	4288	143.1	68811524	677941	664308	13633	0
hprcv2-25k	HG01252_mat_hprc_r2_v1.0.1.merged	edit-distance	128	heuristic	1630741684	147253047	6661309	42317269	2.92	85620	2.47	16916	1.02	4468	30.41	15935028	677941	657473	20468	0
hprcv2-25k	HG01252_mat_hprc_r2_v1.0.1.merged	edit-distance	16	heuristic	1630741684	355071890	31416265	106288862	3.09	91648	5.11	17044	3.46	4648	29.89	9420696	677941	677524	417	0
hprcv2-25k	HG01252_mat_hprc_r2_v1.0.1.merged	edit-distance	256	heuristic	1630741684	126522319	4409743	35962352	2.98	87640	2.19	16784	0.79	4260	47.08	15969220	677941	644634	33307	0
hprcv2-25k	HG01252_mat_hprc_r2_v1.0.1.merged	edit-distance	32	heuristic	1630741684	248028537	17998684	72268855	2.87	88496	3.75	16948	2.19	4444	23.67	11895924	677941	676930	1011	0
hprcv2-25k	HG01252_mat_hprc_r2_v1.0.1.merged	edit-distance	64	heuristic	1630741684	183860828	10647862	52978931	2.92	85884	2.92	12852	1.42	4512	25.49	14344896	677941	673702	4239	0
hprcv2-25k	HG01252_pat_hprc_r2_v1.0.1.merged	diagonal-distance	16	heuristic	1840529431	198647397	13640913	61190537	3.19	88436	3.18	17676	1.52	4672	124.31	53639324	754610	753206	1404	0
hprcv2-25k	HG01252_pat_hprc_r2_v1.0.1.merged	diagonal-distance	32	heuristic	1840529431	164764733	8968559	49063531	3.21	85476	2.72	17716	1.12	4496	121.79	55888104	754610	750623	3987	0
hprcv2-25k	HG01252_pat_hprc_r2_v1.0.1.merged	diagonal-distance	64	heuristic	1840529431	145106797	6284056	41960803	3.31	85164	2.41	17464	0.88	4484	119.07	55684060	754610	739526	15084	0
hprcv2-25k	HG01252_pat_hprc_r2_v1.0.1.merged	edit-distance	128	heuristic	1840529431	166737792	7737645	48280261	3.31	85128	2.77	17688	1.17	4652	33.63	15870056	754610	731851	22759	0
hprcv2-25k	HG01252_pat_hprc_r2_v1.0.1.merged	edit-distance	16	heuristic	1840529431	401069475	35737832	120539465	3.73	89172	5.75	17476	3.95	4720	32.49	10178788	754610	754175	435	0
hprcv2-25k	HG01252_pat_hprc_r2_v1.0.1.merged	edit-distance	256	heuristic	1840529431	143014887	5127918	40939813	3.04	86224	2.43	17672	0.91	4412	52.07	15454572	754610	717632	36978	0
hprcv2-25k	HG01252_pat_hprc_r2_v1.0.1.merged	edit-distance	32	heuristic	1840529431	280634662	20592552	82148197	3.15	88708	4.19	17736	2.48	4692	25.47	12476432	754610	753424	1186	0
hprcv2-25k	HG01252_pat_hprc_r2_v1.0.1.merged	edit-distance	64	heuristic	1840529431	208320915	12281643	60376490	3.28	86280	3.27	17632	1.62	4772	28.29	16009176	754610	749800	4810	0
hprcv2-25k	HG01255_mat_hprc_r2_v1.0.1.merged	diagonal-distance	16	heuristic	1804829179	186016568	12770988	57071732	3.06	84272	2.99	17244	1.41	4488	47.16	28563388	701856	700480	1376	0
hprcv2-25k	HG01255_mat_hprc_r2_v1.0.1.merged	diagonal-distance	32	heuristic	1804829179	153040599	8249752	45292541	3.02	84660	2.51	17184	1.03	4420	50.72	28889584	701856	697935	3921	0
hprcv2-25k	HG01255_mat_hprc_r2_v1.0.1.merged	diagonal-distance	64	heuristic	1804829179	134189055	5697021	38510979	3.04	83468	2.23	17208	0.8	4412	75.83	35362612	701856	687265	14591	0
hprcv2-25k	HG01255_mat_hprc_r2_v1.0.1.merged	edit-distance	128	heuristic	1804829179	156500995	7275231	45062074	3.1	84948	2.59	17156	1.09	4460	32.65	14483180	701856	679461	22395	0
hprcv2-25k	HG01255_mat_hprc_r2_v1.0.1.merged	edit-distance	16	heuristic	1804829179	386596522	34682171	115578043	3.55	90704	5.49	17168	3.81	4660	31.51	10545416	701856	701402	454	0
hprcv2-25k	HG01255_mat_hprc_r2_v1.0.1.merged	edit-distance	256	heuristic	1804829179	133689307	4788129	38047823	3.13	84188	2.3	19172	0.84	4532	51.8	17058472	701856	665790	36066	0
hprcv2-25k	HG01255_mat_hprc_r2_v1.0.1.merged	edit-distance	32	heuristic	1804829179	268165807	19829588	78105597	3.19	89272	4.01	17312	2.38	4592	25.16	11323084	701856	700732	1124	0
hprcv2-25k	HG01255_mat_hprc_r2_v1.0.1.merged	edit-distance	64	heuristic	1804829179	196921985	11681586	56816597	3.09	87836	3.12	15092	1.54	4496	27.69	15178184	701856	697220	4636	0
hprcv2-25k	HG01255_pat_hprc_r2_v1.0.1.merged	diagonal-distance	16	heuristic	1986122955	219650815	14579766	67075363	3.63	89520	3.58	18556	1.67	4712	44.37	24766580	871606	870169	1437	0
hprcv2-25k	HG01255_pat_hprc_r2_v1.0.1.merged	diagonal-distance	32	heuristic	1986122955	183096255	9536466	53995509	3.56	87620	3.01	18528	1.22	4448	52.99	28385100	871606	867211	4395	0
hprcv2-25k	HG01255_pat_hprc_r2_v1.0.1.merged	diagonal-distance	64	heuristic	1986122955	161832938	6626527	46303988	3.36	87908	2.71	18440	0.95	4588	89.69	38759876	871606	855145	16461	0
hprcv2-25k	HG01255_pat_hprc_r2_v1.0.1.merged	edit-distance	128	heuristic	1986122955	185207346	8209938	53155703	3.39	87408	3.09	18524	1.26	4516	35.65	16326892	871606	846977	24629	0
hprcv2-25k	HG01255_pat_hprc_r2_v1.0.1.merged	edit-distance	16	heuristic	1986122955	438228284	38561548	131187889	3.84	97672	6.35	18736	4.25	4748	35.71	9832328	871606	871131	475	0
hprcv2-25k	HG01255_pat_hprc_r2_v1.0.1.merged	edit-distance	256	heuristic	1986122955	159618604	5384581	45227766	3.45	86748	2.73	18536	0.98	4608	56.01	16721760	871606	831153	40453	0
hprcv2-25k	HG01255_pat_hprc_r2_v1.0.1.merged	edit-distance	32	heuristic	1986122955	308280381	22151986	89751582	3.72	90104	4.69	18576	2.72	4708	27.36	11943428	871606	870388	1218	0
hprcv2-25k	HG01255_pat_hprc_r2_v1.0.1.merged	edit-distance	64	heuristic	1986122955	230085380	13146621	66244454	3.54	88616	3.68	18644	1.78	4692	29.86	14750320	871606	866516	5090	0
hprcv2-25k	HG01258_mat_hprc_r2_v1.0.1.merged	diagonal-distance	16	heuristic	1829692332	193191222	13381519	59452835	3.14	87036	3.11	19468	1.48	4696	50.52	30273960	725426	724069	1357	0
hprcv2-25k	HG01258_mat_hprc_r2_v1.0.1.merged	diagonal-distance	32	heuristic	1829692332	159546313	8753600	47417515	3.08	84300	2.62	17364	1.1	4588	58.57	31731936	725426	721507	3919	0
hprcv2-25k	HG01258_mat_hprc_r2_v1.0.1.merged	diagonal-distance	64	heuristic	1829692332	139906065	6077825	40324748	3.17	84728	2.33	17320	0.84	4552	81.1	37098384	725426	710506	14920	0
hprcv2-25k	HG01258_mat_hprc_r2_v1.0.1.merged	edit-distance	128	heuristic	1829692332	161962569	7577942	46743201	3.28	84228	2.7	17312	1.14	4548	33.94	16418164	725426	702669	22757	0
hprcv2-25k	HG01258_mat_hprc_r2_v1.0.1.merged	edit-distance	16	heuristic	1829692332	395946254	35500175	118760495	3.65	91284	5.65	13300	3.93	4660	31.09	10220480	725426	724981	445	0
hprcv2-25k	HG01258_mat_hprc_r2_v1.0.1.merged	edit-distance	256	heuristic	1829692332	138273374	4977720	39428020	3.18	85040	2.37	17312	0.87	4584	52.15	15906624	725426	688592	36834	0
hprcv2-25k	HG01258_mat_hprc_r2_v1.0.1.merged	edit-distance	32	heuristic	1829692332	275623887	20401549	80529894	3.13	88456	4.15	17264	2.45	4756	25.95	12650832	725426	724290	1136	0
hprcv2-25k	HG01258_mat_hprc_r2_v1.0.1.merged	edit-distance	64	heuristic	1829692332	203434185	12118965	58842074	3.15	85860	3.22	17428	1.58	4524	28.41	14090992	725426	720774	4652	0
hprcv2-25k	HG01258_pat_hprc_r2_v1.0.1.merged	diagonal-distance	16	heuristic	1795030299	196248255	13485885	60622434	3.06	86288	3.15	17664	1.49	4572	98.48	49909764	754547	753133	1414	0
hprcv2-25k	HG01258_pat_hprc_r2_v1.0.1.merged	diagonal-distance	32	heuristic	1795030299	162740079	8842853	48621375	3.27	82992	2.67	17556	1.1	4436	101.41	54232332	754547	750436	4111	0
hprcv2-25k	HG01258_pat_hprc_r2_v1.0.1.merged	diagonal-distance	64	heuristic	1795030299	143179876	6150420	41531040	3.26	84716	2.38	17592	0.85	4488	107.19	52783620	754547	738809	15738	0
hprcv2-25k	HG01258_pat_hprc_r2_v1.0.1.merged	edit-distance	128	heuristic	1795030299	164220350	7557474	47619752	3.23	85252	2.72	17572	1.13	4584	32.57	15422216	754547	730804	23743	0
hprcv2-25k	HG01258_pat_hprc_r2_v1.0.1.merged	edit-distance	16	heuristic	1795030299	394134529	35276178	118604796	3.4	91728	5.69	19704	3.86	4756	31.92	8883160	754547	754061	486	0
hprcv2-25k	HG01258_pat_hprc_r2_v1.0.1.merged	edit-distance	256	heuristic	1795030299	140847776	4954787	40345025	3.15	84976	2.42	19696	0.87	4392	51.43	15267640	754547	716026	38521	0
hprcv2-25k	HG01258_pat_hprc_r2_v1.0.1.merged	edit-distance	32	heuristic	1795030299	276180738	20314343	80951511	3.37	88560	4.17	17688	2.48	4844	25.02	11202776	754547	753325	1222	0
hprcv2-25k	HG01258_pat_hprc_r2_v1.0.1.merged	edit-distance	64	heuristic	1795030299	205145420	12090711	59568311	3.06	86512	3.27	17716	1.75	4536	27.54	14745320	754547	749700	4847	0
hprcv2-25k	HG01261_mat_hprc_r2_v1.0.1.merged	diagonal-distance	16	heuristic	1834637565	193253859	13208189	59354609	3.29	87548	3.06	17448	1.51	4708	46.05	27157860	735142	733773	1369	0
hprcv2-25k	HG01261_mat_hprc_r2_v1.0.1.merged	diagonal-distance	32	heuristic	1834637565	159575031	8587821	47312390	3.05	86004	2.65	17480	1.08	4568	55.03	30225848	735142	731212	3930	0
hprcv2-25k	HG01261_mat_hprc_r2_v1.0.1.merged	diagonal-distance	64	heuristic	1834637565	140160979	5957230	40319135	3.2	86208	2.32	19552	0.85	4492	94.9	38778776	735142	720443	14699	0
hprcv2-25k	HG01261_mat_hprc_r2_v1.0.1.merged	edit-distance	128	heuristic	1834637565	162510816	7488268	46821920	3.29	86020	2.71	17276	1.13	4464	33.68	14042568	735142	713127	22015	0
hprcv2-25k	HG01261_mat_hprc_r2_v1.0.1.merged	edit-distance	16	heuristic	1834637565	396830075	35345014	118825688	3.55	92020	5.74	17464	3.92	4608	32.3	9732328	735142	734720	422	0
hprcv2-25k	HG01261_mat_hprc_r2_v1.0.1.merged	edit-distance	256	heuristic	1834637565	139014937	4934497	39613912	3.12	85352	2.36	17508	0.86	4608	51.95	14586620	735142	699372	35770	0
hprcv2-25k	HG01261_mat_hprc_r2_v1.0.1.merged	edit-distance	32	heuristic	1834637565	276182001	20257582	80560134	3.36	87680	4.14	17588	2.43	4520	25.85	12444944	735142	734034	1108	0
hprcv2-25k	HG01261_mat_hprc_r2_v1.0.1.merged	edit-distance	64	heuristic	1834637565	203829208	11990236	58862481	3.33	87596	3.19	17444	1.59	4772	28.34	14471016	735142	730541	4601	0
hprcv2-25k	HG01261_pat_hprc_r2_v1.0.1.merged	diagonal-distance	16	heuristic	1315585772	141744337	9519289	43335726	2.14	84656	2.33	13668	1.08	4236	35.04	26779620	550678	549726	952	0
hprcv2-25k	HG01261_pat_hprc_r2_v1.0.1.merged	diagonal-distance	32	heuristic	1315585772	117918755	6240403	34820354	2.24	84724	1.97	15880	0.78	4144	42.48	29254992	550678	547822	2856	0
hprcv2-25k	HG01261_pat_hprc_r2_v1.0.1.merged	diagonal-distance	64	heuristic	1315585772	104261662	4378616	29891568	2.41	81828	1.74	15812	0.62	4336	76.92	37948260	550678	539763	10915	0
hprcv2-25k	HG01261_pat_hprc_r2_v1.0.1.merged	edit-distance	128	heuristic	1315585772	119812056	5448626	34463254	2.22	82908	2.02	15812	0.81	4164	24.2	16047532	550678	534076	16602	0
hprcv2-25k	HG01261_pat_hprc_r2_v1.0.1.merged	edit-distance	16	heuristic	1315585772	286523406	25405395	85782150	2.7	88616	4.14	15796	2.83	4536	24.76	9285260	550678	550351	327	0
hprcv2-25k	HG01261_pat_hprc_r2_v1.0.1.merged	edit-distance	256	heuristic	1315585772	102988386	3589559	29243809	2.4	82180	1.79	17872	0.63	4300	38.39	15787756	550678	523368	27310	0
hprcv2-25k	HG01261_pat_hprc_r2_v1.0.1.merged	edit-distance	32	heuristic	1315585772	200714615	14587275	58469740	2.43	85316	3.07	15896	1.74	4468	18.6	11248080	550678	549862	816	0
hprcv2-25k	HG01261_pat_hprc_r2_v1.0.1.merged	edit-distance	64	heuristic	1315585772	149213895	8672893	43023402	2.45	84072	2.39	15676	1.16	4424	20.14	14060256	550678	547344	3334	0
hprcv2-25k	HG01346_mat_hprc_r2_v1.0.1.merged	diagonal-distance	16	heuristic	2167786370	228794053	15710487	70173083	3.72	90984	3.72	18588	1.75	4664	60.21	28615980	865036	863441	1595	0
hprcv2-25k	HG01346_mat_hprc_r2_v1.0.1.merged	diagonal-distance	32	heuristic	2167786370	188732503	10200511	55846133	3.81	89552	3.09	18612	1.29	4764	69.75	31325564	865036	860391	4645	0
hprcv2-25k	HG01346_mat_hprc_r2_v1.0.1.merged	diagonal-distance	64	heuristic	2167786370	165762997	7075711	47557539	3.97	89500	2.76	18408	0.99	4772	101.32	40174992	865036	847790	17246	0
hprcv2-25k	HG01346_mat_hprc_r2_v1.0.1.merged	edit-distance	128	heuristic	2167786370	192039374	8878301	55199828	3.82	89592	3.18	18680	1.33	4676	39.83	15067164	865036	838457	26579	0
hprcv2-25k	HG01346_mat_hprc_r2_v1.0.1.merged	edit-distance	16	heuristic	2167786370	468979844	41904302	140388111	4.26	96404	6.72	18796	4.62	4956	40.49	10455940	865036	864493	543	0
hprcv2-25k	HG01346_mat_hprc_r2_v1.0.1.merged	edit-distance	256	heuristic	2167786370	164137973	5829052	46614555	3.57	89436	2.79	18476	1.03	4780	63.03	15887816	865036	821685	43351	0
hprcv2-25k	HG01346_mat_hprc_r2_v1.0.1.merged	edit-distance	32	heuristic	2167786370	326659332	24037591	95147170	3.88	92756	4.9	18768	2.91	4744	30.75	12355396	865036	863713	1323	0
hprcv2-25k	HG01346_mat_hprc_r2_v1.0.1.merged	edit-distance	64	heuristic	2167786370	241051442	14233239	69475540	3.82	91168	3.81	20572	1.87	4756	33.62	14234228	865036	859677	5359	0
hprcv2-25k	HG01346_pat_hprc_r2_v1.0.1.merged	diagonal-distance	16	heuristic	1383020032	153807680	10096940	46734391	2.54	80244	2.47	12140	1.17	4460	32.81	23382216	612048	611019	1029	0
hprcv2-25k	HG01346_pat_hprc_r2_v1.0.1.merged	diagonal-distance	32	heuristic	1383020032	128621772	6632425	37725950	2.63	77780	2.14	10112	0.84	4388	38.51	26873732	612048	609060	2988	0
hprcv2-25k	HG01346_pat_hprc_r2_v1.0.1.merged	diagonal-distance	64	heuristic	1383020032	113973249	4636210	32440962	2.67	78044	1.9	12208	0.66	4204	63.7	36374040	612048	600449	11599	0
hprcv2-25k	HG01346_pat_hprc_r2_v1.0.1.merged	edit-distance	128	heuristic	1383020032	130329531	5751948	37306288	2.53	82900	2.17	18296	0.88	4304	25.93	16408628	612048	594474	17574	0
hprcv2-25k	HG01346_pat_hprc_r2_v1.0.1.merged	edit-distance	16	heuristic	1383020032	305941418	26747904	91434847	2.93	89000	4.45	16432	2.97	4668	27.25	8353172	612048	611728	320	0
hprcv2-25k	HG01346_pat_hprc_r2_v1.0.1.merged	edit-distance	256	heuristic	1383020032	112644229	3811261	31841926	2.64	77852	1.93	12100	0.69	4332	40.53	15601824	612048	583503	28545	0
hprcv2-25k	HG01346_pat_hprc_r2_v1.0.1.merged	edit-distance	32	heuristic	1383020032	215478637	15377792	62668684	2.7	81464	3.29	12328	1.87	4556	20.11	11807660	612048	611218	830	0
hprcv2-25k	HG01346_pat_hprc_r2_v1.0.1.merged	edit-distance	64	heuristic	1383020032	161239692	9144652	46353061	2.55	79448	2.57	10184	1.24	4336	21.98	13465984	612048	608505	3543	0
hprcv2-25k	HG01358_mat_hprc_r2_v1.0.1.merged	diagonal-distance	16	heuristic	2402129635	249990299	17325076	77424390	4.16	86868	4.09	15196	1.97	4768	64.46	29297080	944812	943022	1790	0
hprcv2-25k	HG01358_mat_hprc_r2_v1.0.1.merged	diagonal-distance	32	heuristic	2402129635	206103410	11297003	61729695	4.22	85156	3.36	15204	1.43	4672	72.89	33505624	944812	939631	5181	0
hprcv2-25k	HG01358_mat_hprc_r2_v1.0.1.merged	diagonal-distance	64	heuristic	2402129635	180841710	7866615	52621825	4.23	84176	3.01	13052	1.1	4680	111.32	41355684	944812	925477	19335	0
hprcv2-25k	HG01358_mat_hprc_r2_v1.0.1.merged	edit-distance	128	heuristic	2402129635	210066134	9894573	61190186	3.88	88972	3.51	19220	1.49	4620	43.89	16797632	944812	915460	29352	0
hprcv2-25k	HG01358_mat_hprc_r2_v1.0.1.merged	edit-distance	16	heuristic	2402129635	516706478	46419218	155330114	4.69	92204	7.39	15436	5.1	4936	44.49	11466740	944812	944208	604	0
hprcv2-25k	HG01358_mat_hprc_r2_v1.0.1.merged	edit-distance	256	heuristic	2402129635	179279877	6532092	51723995	4.11	88472	3.08	17144	1.15	4704	66.64	15231128	944812	897536	47276	0
hprcv2-25k	HG01358_mat_hprc_r2_v1.0.1.merged	edit-distance	32	heuristic	2402129635	358702291	26625345	105273192	4.38	92968	5.37	19372	3.21	4892	33.47	12480308	944812	943312	1500	0
hprcv2-25k	HG01358_mat_hprc_r2_v1.0.1.merged	edit-distance	64	heuristic	2402129635	264028213	15781063	76900880	4.17	90192	4.2	19372	2.05	4708	36.75	12945620	944812	938771	6041	0
hprcv2-25k	HG01358_pat_hprc_r2_v1.0.1.merged	diagonal-distance	16	heuristic	1999041306	211577362	14471005	65057048	3.59	90828	3.37	20200	1.62	4608	49.89	27275724	808494	806997	1497	0
hprcv2-25k	HG01358_pat_hprc_r2_v1.0.1.merged	diagonal-distance	32	heuristic	1999041306	175075848	9450730	52004650	3.48	90132	2.91	18084	1.18	4520	61.7	32327636	808494	804079	4415	0
hprcv2-25k	HG01358_pat_hprc_r2_v1.0.1.merged	diagonal-distance	64	heuristic	1999041306	154042000	6586386	44409664	3.26	88036	2.57	18032	0.94	4564	92.2	38713444	808494	791952	16542	0
hprcv2-25k	HG01358_pat_hprc_r2_v1.0.1.merged	edit-distance	128	heuristic	1999041306	177992401	8231119	51404490	3.56	88460	2.98	18128	1.24	4492	36.48	15917704	808494	783768	24726	0
hprcv2-25k	HG01358_pat_hprc_r2_v1.0.1.merged	edit-distance	16	heuristic	1999041306	432742225	38678116	129810652	3.78	95844	6.15	18212	4.25	4548	36.48	9552488	808494	808018	476	0
hprcv2-25k	HG01358_pat_hprc_r2_v1.0.1.merged	edit-distance	256	heuristic	1999041306	152487664	5436757	43549690	3.24	87580	2.68	17900	0.95	4608	56.15	15246036	808494	769045	39449	0
hprcv2-25k	HG01358_pat_hprc_r2_v1.0.1.merged	edit-distance	32	heuristic	1999041306	301695042	22184828	88093429	3.42	91612	4.58	18164	2.66	4748	28.05	11993336	808494	807230	1264	0
hprcv2-25k	HG01358_pat_hprc_r2_v1.0.1.merged	edit-distance	64	heuristic	1999041306	223010747	13155148	64489405	3.42	91500	3.54	18080	1.75	4680	30.32	14244520	808494	803291	5203	0
hprcv2-25k	HG01361_mat_hprc_r2_v1.0.1.merged	diagonal-distance	16	heuristic	2089905306	220569578	15208950	68187494	3.72	89308	3.57	18400	1.72	4684	56.26	30801760	842587	841172	1415	0
hprcv2-25k	HG01361_mat_hprc_r2_v1.0.1.merged	diagonal-distance	32	heuristic	2089905306	182253798	9928223	54470976	3.9	86236	3.01	18300	1.24	4432	64.29	32000948	842587	838386	4201	0
hprcv2-25k	HG01361_mat_hprc_r2_v1.0.1.merged	diagonal-distance	64	heuristic	2089905306	159907488	6875970	46400422	3.62	86776	2.69	18488	0.97	4500	92.38	36646404	842587	826814	15773	0
hprcv2-25k	HG01361_mat_hprc_r2_v1.0.1.merged	edit-distance	128	heuristic	2089905306	185038476	8608952	53710736	3.54	87984	3.08	18336	1.29	4552	38.31	15200772	842587	818831	23756	0
hprcv2-25k	HG01361_mat_hprc_r2_v1.0.1.merged	edit-distance	16	heuristic	2089905306	451350557	40579152	135686892	3.74	94996	6.52	20540	4.49	4788	37.01	10582384	842587	842149	438	0
hprcv2-25k	HG01361_mat_hprc_r2_v1.0.1.merged	edit-distance	256	heuristic	2089905306	158279150	5674294	45487160	3.37	87436	2.69	18400	0.99	4508	60	16826568	842587	804133	38454	0
hprcv2-25k	HG01361_mat_hprc_r2_v1.0.1.merged	edit-distance	32	heuristic	2089905306	314580227	23295785	92186228	3.69	91392	4.78	18504	2.82	4612	29.75	13100092	842587	841431	1156	0
hprcv2-25k	HG01361_mat_hprc_r2_v1.0.1.merged	edit-distance	64	heuristic	2089905306	232231910	13792712	67448747	3.79	88492	3.77	18368	1.81	4600	32.16	14601484	842587	837652	4935	0
hprcv2-25k	HG01361_pat_hprc_r2_v1.0.1.merged	diagonal-distance	16	heuristic	1981877241	206552945	14272695	63848392	3.64	86620	3.3	17768	1.7	4664	52.13	27445264	788503	787107	1396	0
hprcv2-25k	HG01361_pat_hprc_r2_v1.0.1.merged	diagonal-distance	32	heuristic	1981877241	170699353	9347253	51032372	3.65	85264	2.87	17932	1.17	4440	60.09	29649944	788503	784362	4141	0
hprcv2-25k	HG01361_pat_hprc_r2_v1.0.1.merged	diagonal-distance	64	heuristic	1981877241	149950464	6523212	43547159	3.56	84852	2.52	17892	0.9	4392	86.52	35637756	788503	772712	15791	0
hprcv2-25k	HG01361_pat_hprc_r2_v1.0.1.merged	edit-distance	128	heuristic	1981877241	173680404	8155501	50479054	3.4	86288	2.87	13716	1.22	4416	36.44	15253988	788503	764429	24074	0
hprcv2-25k	HG01361_pat_hprc_r2_v1.0.1.merged	edit-distance	16	heuristic	1981877241	425885643	38316298	127927222	3.84	91908	6.12	18032	4.2	4804	37.5	9746068	788503	788038	465	0
hprcv2-25k	HG01361_pat_hprc_r2_v1.0.1.merged	edit-distance	256	heuristic	1981877241	148261357	5361513	42627140	3.35	84760	2.55	15600	0.93	4600	57.35	16290208	788503	749436	39067	0
hprcv2-25k	HG01361_pat_hprc_r2_v1.0.1.merged	edit-distance	32	heuristic	1981877241	295996450	21989637	86807644	3.64	88668	4.45	18028	2.62	4676	28.24	12214004	788503	787303	1200	0
hprcv2-25k	HG01361_pat_hprc_r2_v1.0.1.merged	edit-distance	64	heuristic	1981877241	218122596	13037181	63465935	3.34	86744	3.51	17896	1.72	4784	30.18	13747688	788503	783568	4935	0
hprcv2-25k	HG01433_mat_hprc_r2_v1.0.1.merged	diagonal-distance	16	heuristic	1911099844	197747120	13683168	60886985	3.39	88148	3.16	17552	1.52	4848	71.43	34642140	745991	744601	1390	0
hprcv2-25k	HG01433_mat_hprc_r2_v1.0.1.merged	diagonal-distance	32	heuristic	1911099844	162613072	8856283	48326751	3.39	86572	2.7	17524	1.12	4592	80.63	38669036	745991	741838	4153	0
hprcv2-25k	HG01433_mat_hprc_r2_v1.0.1.merged	diagonal-distance	64	heuristic	1911099844	142219841	6082521	40975451	3.32	87800	2.38	15464	0.86	4652	103.27	45187140	745991	730268	15723	0
hprcv2-25k	HG01433_mat_hprc_r2_v1.0.1.merged	edit-distance	128	heuristic	1911099844	165775150	7718483	47805614	3.29	86604	2.78	13348	1.15	4488	35.14	15807072	745991	722211	23780	0
hprcv2-25k	HG01433_mat_hprc_r2_v1.0.1.merged	edit-distance	16	heuristic	1911099844	410875027	36982713	123113714	3.8	92448	5.89	13540	4.06	4504	34.07	9128868	745991	745555	436	0
hprcv2-25k	HG01433_mat_hprc_r2_v1.0.1.merged	edit-distance	256	heuristic	1911099844	141126453	5025360	40231584	3.53	82020	2.4	13512	0.88	4552	55.57	15616652	745991	707683	38308	0
hprcv2-25k	HG01433_mat_hprc_r2_v1.0.1.merged	edit-distance	32	heuristic	1911099844	284850559	21151040	83136937	3.48	89864	4.28	19580	2.51	4712	26.61	12810396	745991	744841	1150	0
hprcv2-25k	HG01433_mat_hprc_r2_v1.0.1.merged	edit-distance	64	heuristic	1911099844	209055735	12455208	60419719	3.41	89592	3.34	17504	1.62	4760	29.65	14896724	745991	741086	4905	0
hprcv2-25k	HG01433_pat_hprc_r2_v1.0.1.merged	diagonal-distance	16	heuristic	1835358540	192666460	13317754	59285976	3.27	83832	3.06	17384	1.47	4456	46.19	29152884	721603	720232	1371	0
hprcv2-25k	HG01433_pat_hprc_r2_v1.0.1.merged	diagonal-distance	32	heuristic	1835358540	159312279	8719919	47358549	3.23	84712	2.66	17400	1.07	4580	54.2	31468540	721603	717586	4017	0
hprcv2-25k	HG01433_pat_hprc_r2_v1.0.1.merged	diagonal-distance	64	heuristic	1835358540	139843029	6059234	40328179	3.12	83472	2.32	17360	0.84	4576	83.85	39225624	721603	706238	15365	0
hprcv2-25k	HG01433_pat_hprc_r2_v1.0.1.merged	edit-distance	128	heuristic	1835358540	161911581	7589022	46722308	3.23	84340	2.68	19304	1.13	4504	32.75	14275448	721603	698577	23026	0
hprcv2-25k	HG01433_pat_hprc_r2_v1.0.1.merged	edit-distance	16	heuristic	1835358540	396062555	35742407	118816047	3.42	90648	5.61	17420	3.89	4748	30.84	9528708	721603	721184	419	0
hprcv2-25k	HG01433_pat_hprc_r2_v1.0.1.merged	edit-distance	256	heuristic	1835358540	138197211	4969983	39400601	3.24	83976	2.37	17316	0.86	4520	53.19	15957244	721603	683755	37848	0
hprcv2-25k	HG01433_pat_hprc_r2_v1.0.1.merged	edit-distance	32	heuristic	1835358540	275769955	20496378	80474195	3.27	83432	4.13	11320	2.48	4652	25.11	11673008	721603	720497	1106	0
hprcv2-25k	HG01433_pat_hprc_r2_v1.0.1.merged	edit-distance	64	heuristic	1835358540	203414028	12152124	58775156	3.27	85496	3.19	17440	1.59	4492	27.63	13776028	721603	716940	4663	0
hprcv2-25k	HG01496_mat_hprc_r2_v1.0.1.merged	diagonal-distance	16	heuristic	1812121718	182315975	13170569	57030097	3.29	88552	2.88	16720	1.43	4524	50.46	31394316	663069	661778	1291	0
hprcv2-25k	HG01496_mat_hprc_r2_v1.0.1.merged	diagonal-distance	32	heuristic	1812121718	148905465	8566916	45073281	3.08	86140	2.47	16928	1.05	4496	77.31	42168304	663069	659370	3699	0
hprcv2-25k	HG01496_mat_hprc_r2_v1.0.1.merged	diagonal-distance	64	heuristic	1812121718	129423388	5906243	38032524	2.82	85464	2.19	16952	0.8	4380	102.54	48569520	663069	648512	14557	0
hprcv2-25k	HG01496_mat_hprc_r2_v1.0.1.merged	edit-distance	128	heuristic	1812121718	151592443	7436921	44384459	3.04	88924	2.5	16648	1.08	4432	33.14	16213948	663069	641559	21510	0
hprcv2-25k	HG01496_mat_hprc_r2_v1.0.1.merged	edit-distance	16	heuristic	1812121718	384234886	35290544	115816450	3.46	92036	5.47	17076	3.84	4708	33.39	8467176	663069	662643	426	0
hprcv2-25k	HG01496_mat_hprc_r2_v1.0.1.merged	edit-distance	256	heuristic	1812121718	128022990	4849003	37134906	3.18	86448	2.19	16968	0.83	4480	50.88	15212036	663069	628061	35008	0
hprcv2-25k	HG01496_mat_hprc_r2_v1.0.1.merged	edit-distance	32	heuristic	1812121718	264793390	20244502	77933272	3.23	89688	3.93	16944	2.4	4672	25.38	12090104	663069	661998	1071	0
hprcv2-25k	HG01496_mat_hprc_r2_v1.0.1.merged	edit-distance	64	heuristic	1812121718	192859305	11965142	56389304	3.07	83500	3.08	18824	1.55	4464	27.46	13156752	663069	658690	4379	0
hprcv2-25k	HG01496_pat_hprc_r2_v1.0.1.merged	diagonal-distance	16	heuristic	1907171666	198488566	13652045	60984544	3.36	89832	3.19	17628	1.54	4784	48.06	27429760	748908	747553	1355	0
hprcv2-25k	HG01496_pat_hprc_r2_v1.0.1.merged	diagonal-distance	32	heuristic	1907171666	163648338	8866270	48525034	3.33	87752	2.7	17628	1.1	4484	55.61	29997208	748908	744931	3977	0
hprcv2-25k	HG01496_pat_hprc_r2_v1.0.1.merged	diagonal-distance	64	heuristic	1907171666	143582370	6143007	41297421	3.13	88100	2.4	17652	0.86	4572	83.79	37952588	748908	733580	15328	0
hprcv2-25k	HG01496_pat_hprc_r2_v1.0.1.merged	edit-distance	128	heuristic	1907171666	167031157	7778035	48146670	3.35	88288	2.75	17536	1.16	4532	35.48	15948404	748908	726007	22901	0
hprcv2-25k	HG01496_pat_hprc_r2_v1.0.1.merged	edit-distance	16	heuristic	1907171666	410377865	36835091	123032414	3.73	94332	5.87	17792	4.05	4576	35.85	10328868	748908	748464	444	0
hprcv2-25k	HG01496_pat_hprc_r2_v1.0.1.merged	edit-distance	256	heuristic	1907171666	142535252	5107483	40631436	3.43	87932	2.43	15476	0.89	4524	54.66	16011848	748908	711589	37319	0
hprcv2-25k	HG01496_pat_hprc_r2_v1.0.1.merged	edit-distance	32	heuristic	1907171666	285139930	21098450	83239892	3.45	90460	4.28	17744	2.53	4584	27.21	13141812	748908	747764	1144	0
hprcv2-25k	HG01496_pat_hprc_r2_v1.0.1.merged	edit-distance	64	heuristic	1907171666	209894043	12463091	60649555	3.11	89276	3.32	17736	1.64	4688	30.14	15206072	748908	744151	4757	0
hprcv2-25k	HG01530_hap1_hprc_r2_v1.0.1.merged	diagonal-distance	16	heuristic	1811031802	194361582	13200746	59599470	3.34	88284	3.16	17636	1.49	4668	45.28	27681140	746147	744849	1298	0
hprcv2-25k	HG01530_hap1_hprc_r2_v1.0.1.merged	diagonal-distance	32	heuristic	1811031802	161897395	8735896	47995879	3.2	82648	2.66	11400	1.1	4472	51.03	29303452	746147	742262	3885	0
hprcv2-25k	HG01530_hap1_hprc_r2_v1.0.1.merged	diagonal-distance	64	heuristic	1811031802	142988261	6158344	41171553	3.31	85660	2.38	17560	0.86	4476	80.11	37248508	746147	731791	14356	0
hprcv2-25k	HG01530_hap1_hprc_r2_v1.0.1.merged	edit-distance	128	heuristic	1811031802	164201176	7588657	47387976	2.97	86932	2.71	13476	1.15	4448	32.88	15012432	746147	724008	22139	0
hprcv2-25k	HG01530_hap1_hprc_r2_v1.0.1.merged	edit-distance	16	heuristic	1811031802	393591001	35015135	118059717	3.56	93712	5.64	17728	3.84	4548	31.18	9129240	746147	745717	430	0
hprcv2-25k	HG01530_hap1_hprc_r2_v1.0.1.merged	edit-distance	256	heuristic	1811031802	140939258	5030096	40189312	3.28	85960	2.43	17592	0.88	4512	51.14	15006904	746147	710026	36121	0
hprcv2-25k	HG01530_hap1_hprc_r2_v1.0.1.merged	edit-distance	32	heuristic	1811031802	275523783	20169687	80508676	3.19	85696	4.17	11528	2.47	4604	25.04	11169780	746147	745076	1071	0
hprcv2-25k	HG01530_hap1_hprc_r2_v1.0.1.merged	edit-distance	64	heuristic	1811031802	204783339	12038138	59238890	3.21	87316	3.26	17672	1.59	4796	27.76	12731612	746147	741746	4401	0
hprcv2-25k	HG01530_hap2_hprc_r2_v1.0.1.merged	diagonal-distance	16	heuristic	2081780511	218657303	15343214	67522727	3.62	85448	3.52	13980	1.68	4592	104.48	48453020	815272	813649	1623	0
hprcv2-25k	HG01530_hap2_hprc_r2_v1.0.1.merged	diagonal-distance	32	heuristic	2081780511	179971765	9993899	53662438	3.65	87956	3.01	15992	1.23	4576	120.17	51070136	815272	810526	4746	0
hprcv2-25k	HG01530_hap2_hprc_r2_v1.0.1.merged	diagonal-distance	64	heuristic	2081780511	157570447	6925975	45565202	3.69	86768	2.65	18204	0.96	4484	133.89	52347432	815272	797310	17962	0
hprcv2-25k	HG01530_hap2_hprc_r2_v1.0.1.merged	edit-distance	128	heuristic	2081780511	182696915	8644711	52803446	3.41	83508	3.05	14096	1.28	4644	38.02	15433184	815272	788432	26840	0
hprcv2-25k	HG01530_hap2_hprc_r2_v1.0.1.merged	edit-distance	16	heuristic	2081780511	449413242	40703774	134889225	4.08	94024	6.46	18268	4.46	4680	39.84	9318800	815272	814723	549	0
hprcv2-25k	HG01530_hap2_hprc_r2_v1.0.1.merged	edit-distance	256	heuristic	2081780511	155725453	5668199	44478364	3.51	87724	2.67	18196	0.98	4496	60.4	14455416	815272	771862	43410	0
hprcv2-25k	HG01530_hap2_hprc_r2_v1.0.1.merged	edit-distance	32	heuristic	2081780511	312251349	23394027	91392545	3.48	86852	4.69	14112	2.8	4664	29.64	13170852	815272	813914	1358	0
hprcv2-25k	HG01530_hap2_hprc_r2_v1.0.1.merged	edit-distance	64	heuristic	2081780511	229968005	13867089	66623977	3.7	87560	3.69	12000	1.81	4740	32.18	14665140	815272	809654	5618	0
hprcv2-25k	HG01784_hap1_hprc_r2_v1.0.1.merged	diagonal-distance	16	heuristic	2239432773	236712560	16071986	72630663	4.07	89468	3.86	18920	1.82	4588	118.01	49746220	912519	910877	1642	0
hprcv2-25k	HG01784_hap1_hprc_r2_v1.0.1.merged	diagonal-distance	32	heuristic	2239432773	195583042	10427373	57928249	3.94	86008	3.26	18908	1.32	4668	114.34	50639820	912519	907791	4728	0
hprcv2-25k	HG01784_hap1_hprc_r2_v1.0.1.merged	diagonal-distance	64	heuristic	2239432773	171783259	7195047	49349634	3.97	88796	2.88	18820	1.03	4500	126.57	50656336	912519	894544	17975	0
hprcv2-25k	HG01784_hap1_hprc_r2_v1.0.1.merged	edit-distance	128	heuristic	2239432773	199154822	9077575	57344707	3.83	88604	3.29	18956	1.37	4724	40.87	15850560	912519	885089	27430	0
hprcv2-25k	HG01784_hap1_hprc_r2_v1.0.1.merged	edit-distance	16	heuristic	2239432773	485378035	43147580	145346247	4.32	95452	6.96	19068	4.8	4876	40.09	9016140	912519	911991	528	0
hprcv2-25k	HG01784_hap1_hprc_r2_v1.0.1.merged	edit-distance	256	heuristic	2239432773	170421973	5948188	48513995	3.79	87804	2.91	19032	1.07	4484	63.03	15412584	912519	867841	44678	0
hprcv2-25k	HG01784_hap1_hprc_r2_v1.0.1.merged	edit-distance	32	heuristic	2239432773	338031922	24698065	98586872	4	91100	5.04	21164	3.02	4672	31.36	12078392	912519	911169	1350	0
hprcv2-25k	HG01784_hap1_hprc_r2_v1.0.1.merged	edit-distance	64	heuristic	2239432773	249810197	14598985	72096470	3.88	85492	3.97	14980	1.93	4840	34.71	14255464	912519	906971	5548	0
hprcv2-25k	HG01784_hap2_hprc_r2_v1.0.1.merged	diagonal-distance	16	heuristic	1704933740	182968170	12667466	56344954	2.89	86540	2.9	17024	1.42	4416	40.49	26681028	691887	690674	1213	0
hprcv2-25k	HG01784_hap2_hprc_r2_v1.0.1.merged	diagonal-distance	32	heuristic	1704933740	151908553	8377291	45215730	3.07	82528	2.59	16948	1.05	4400	47.4	28875872	691887	688350	3537	0
hprcv2-25k	HG01784_hap2_hprc_r2_v1.0.1.merged	diagonal-distance	64	heuristic	1704933740	134029306	5936448	38758788	3.11	84868	2.21	16980	0.8	4400	76.16	37251836	691887	678324	13563	0
hprcv2-25k	HG01784_hap2_hprc_r2_v1.0.1.merged	edit-distance	128	heuristic	1704933740	153826579	7284941	44538590	3.07	81200	2.54	16992	1.08	4408	30.71	15356712	691887	671388	20499	0
hprcv2-25k	HG01784_hap2_hprc_r2_v1.0.1.merged	edit-distance	16	heuristic	1704933740	369205194	33194959	110844986	3.37	90876	5.31	17152	3.62	4792	32.42	8578816	691887	691477	410	0
hprcv2-25k	HG01784_hap2_hprc_r2_v1.0.1.merged	edit-distance	256	heuristic	1704933740	132140512	4896457	37864603	3.15	84460	2.26	17008	0.83	4412	47.4	14718448	691887	658319	33568	0
hprcv2-25k	HG01784_hap2_hprc_r2_v1.0.1.merged	edit-distance	32	heuristic	1704933740	258415365	19201525	75704006	3.12	83408	3.89	12904	2.29	4544	23.79	11926648	691887	690900	987	0
hprcv2-25k	HG01784_hap2_hprc_r2_v1.0.1.merged	edit-distance	64	heuristic	1704933740	191859582	11483015	55665194	3.14	81396	3.06	12924	1.5	4284	26.08	14221836	691887	687695	4192	0
hprcv2-25k	HG01786_hap1_hprc_r2_v1.0.1.merged	diagonal-distance	16	heuristic	1906563704	200825580	13978841	61837812	3.33	88788	3.23	17412	1.56	4616	51.57	29749516	749743	748305	1438	0
hprcv2-25k	HG01786_hap1_hprc_r2_v1.0.1.merged	diagonal-distance	32	heuristic	1906563704	166077680	9197399	49413319	3.41	87304	2.72	17452	1.14	4520	82.58	38802200	749743	745662	4081	0
hprcv2-25k	HG01786_hap1_hprc_r2_v1.0.1.merged	diagonal-distance	64	heuristic	1906563704	145827623	6435628	42101795	3.41	87048	2.44	17632	0.88	4532	99.67	40853472	749743	734472	15271	0
hprcv2-25k	HG01786_hap1_hprc_r2_v1.0.1.merged	edit-distance	128	heuristic	1906563704	168359784	7947518	48611365	3.52	87312	2.79	17444	1.21	4508	34.97	16256740	749743	726756	22987	0
hprcv2-25k	HG01786_hap1_hprc_r2_v1.0.1.merged	edit-distance	16	heuristic	1906563704	411358827	37030277	123388138	3.62	93300	5.91	17764	4.03	4604	33.4	9875952	749743	749246	497	0
hprcv2-25k	HG01786_hap1_hprc_r2_v1.0.1.merged	edit-distance	256	heuristic	1906563704	143767153	5251586	41029386	3.43	87324	2.45	17572	0.91	4504	53.98	14904600	749743	712448	37295	0
hprcv2-25k	HG01786_hap1_hprc_r2_v1.0.1.merged	edit-distance	32	heuristic	1906563704	286303324	21323681	83749065	3.33	90584	4.3	17668	2.56	4788	26.98	13159436	749743	748575	1168	0
hprcv2-25k	HG01786_hap1_hprc_r2_v1.0.1.merged	edit-distance	64	heuristic	1906563704	211486135	12693485	61235634	3.36	89364	3.32	17640	1.67	4620	28.96	15204020	749743	744944	4799	0
hprcv2-25k	HG01786_hap2_hprc_r2_v1.0.1.merged	diagonal-distance	16	heuristic	2056918090	227881280	14783503	68770191	3.7	87344	3.69	18948	1.72	4548	110.78	51071992	910287	908731	1556	0
hprcv2-25k	HG01786_hap2_hprc_r2_v1.0.1.merged	diagonal-distance	32	heuristic	2056918090	190599992	9656524	55436918	3.82	83920	3.15	18972	1.24	4532	115.3	54044316	910287	905889	4398	0
hprcv2-25k	HG01786_hap2_hprc_r2_v1.0.1.merged	diagonal-distance	64	heuristic	2056918090	168912602	6702555	47610677	3.69	91740	2.83	18884	0.99	4548	123.03	53465384	910287	893618	16669	0
hprcv2-25k	HG01786_hap2_hprc_r2_v1.0.1.merged	edit-distance	128	heuristic	2056918090	193521434	8398885	54879466	3.76	83844	3.19	23008	1.3	4516	37.73	15486964	910287	884880	25407	0
hprcv2-25k	HG01786_hap2_hprc_r2_v1.0.1.merged	edit-distance	16	heuristic	2056918090	454325763	39589424	135142183	4.4	90540	6.54	18976	4.37	4840	39.26	8910628	910287	909823	464	0
hprcv2-25k	HG01786_hap2_hprc_r2_v1.0.1.merged	edit-distance	256	heuristic	2056918090	167346348	5532769	46814312	3.82	84148	2.85	14840	1.03	4540	58.14	16941976	910287	869255	41032	0
hprcv2-25k	HG01786_hap2_hprc_r2_v1.0.1.merged	edit-distance	32	heuristic	2056918090	320031477	22703132	92512205	3.9	87504	4.84	14964	2.77	4600	28.49	11397080	910287	909003	1284	0
hprcv2-25k	HG01786_hap2_hprc_r2_v1.0.1.merged	edit-distance	64	heuristic	2056918090	239558208	13447648	68325773	3.79	87232	3.81	14804	1.85	4680	31.36	14140944	910287	905029	5258	0
hprcv2-25k	HG01884_mat_hprc_r2_v1.0.1.merged	diagonal-distance	16	heuristic	1767942546	172496180	12766159	54209671	2.98	88928	2.75	16200	1.4	4328	45.2	31466536	605606	604424	1182	0
hprcv2-25k	HG01884_mat_hprc_r2_v1.0.1.merged	diagonal-distance	32	heuristic	1767942546	139908107	8275585	42544251	2.89	83424	2.28	16280	0.98	4316	51.3	30997068	605606	602052	3554	0
hprcv2-25k	HG01884_mat_hprc_r2_v1.0.1.merged	diagonal-distance	64	heuristic	1767942546	121070257	5705688	35737017	2.96	86536	2.01	16280	0.74	4228	73.76	35858360	605606	592059	13547	0
hprcv2-25k	HG01884_mat_hprc_r2_v1.0.1.merged	edit-distance	128	heuristic	1767942546	142918964	7234220	41908048	2.83	83892	2.36	12248	1.03	4444	30.44	14493400	605606	585172	20434	0
hprcv2-25k	HG01884_mat_hprc_r2_v1.0.1.merged	edit-distance	16	heuristic	1767942546	370046369	34372466	111271885	3.28	93628	5.27	16392	3.73	4744	27.75	8844968	605606	605192	414	0
hprcv2-25k	HG01884_mat_hprc_r2_v1.0.1.merged	edit-distance	256	heuristic	1767942546	120079774	4734725	34923702	2.92	87140	2.05	16224	0.78	4172	49.51	16884668	605606	572552	33054	0
hprcv2-25k	HG01884_mat_hprc_r2_v1.0.1.merged	edit-distance	32	heuristic	1767942546	253350212	19688892	74427168	3.02	86484	3.85	12196	2.29	4532	22.76	11753164	605606	604589	1017	0
hprcv2-25k	HG01884_mat_hprc_r2_v1.0.1.merged	edit-distance	64	heuristic	1767942546	183191618	11626625	53507272	2.95	83436	2.86	12220	1.47	4564	25.35	13195508	605606	601429	4177	0
hprcv2-25k	HG01884_pat_hprc_r2_v1.0.1.merged	diagonal-distance	16	heuristic	1798238542	183607919	12937974	56871052	3.22	90240	2.96	18880	1.45	4616	44.07	31343708	681599	680338	1261	0
hprcv2-25k	HG01884_pat_hprc_r2_v1.0.1.merged	diagonal-distance	32	heuristic	1798238542	150296806	8361329	44964619	3.02	86916	2.51	17072	1.04	4544	51.83	33276632	681599	677947	3652	0
hprcv2-25k	HG01884_pat_hprc_r2_v1.0.1.merged	diagonal-distance	64	heuristic	1798238542	130969334	5731704	37987323	2.81	86396	2.2	17016	0.79	4484	81.11	41539508	681599	667667	13932	0
hprcv2-25k	HG01884_pat_hprc_r2_v1.0.1.merged	edit-distance	128	heuristic	1798238542	153065453	7257867	44293315	3.08	86688	2.54	17064	1.08	4572	30.91	13633108	681599	660205	21394	0
hprcv2-25k	HG01884_pat_hprc_r2_v1.0.1.merged	edit-distance	16	heuristic	1798238542	384194888	34742717	114883252	3.21	97696	5.54	17172	3.77	4744	31.2	8905640	681599	681210	389	0
hprcv2-25k	HG01884_pat_hprc_r2_v1.0.1.merged	edit-distance	256	heuristic	1798238542	129819322	4719652	37152007	3.2	86540	2.23	16940	0.82	4668	50.83	16466320	681599	646503	35096	0
hprcv2-25k	HG01884_pat_hprc_r2_v1.0.1.merged	edit-distance	32	heuristic	1798238542	265431498	19877790	77420561	3.17	90488	3.98	17056	2.37	4624	23.75	10807264	681599	680578	1021	0
hprcv2-25k	HG01884_pat_hprc_r2_v1.0.1.merged	edit-distance	64	heuristic	1798238542	194014989	11717396	56140986	3.05	88208	3.09	17116	1.53	4376	26.13	13167976	681599	677318	4281	0
hprcv2-25k	HG01891_mat_hprc_r2_v1.0.1.merged	diagonal-distance	16	heuristic	2257523605	226825150	16172073	70166074	3.85	90236	3.57	18116	1.8	4752	57.33	31464192	827274	825769	1505	0
hprcv2-25k	HG01891_mat_hprc_r2_v1.0.1.merged	diagonal-distance	32	heuristic	2257523605	185347024	10429954	55295933	3.92	89180	3.04	18220	1.31	4516	63.88	31330388	827274	822855	4419	0
hprcv2-25k	HG01891_mat_hprc_r2_v1.0.1.merged	diagonal-distance	64	heuristic	2257523605	161792900	7204584	46774420	3.91	88000	2.66	18092	0.98	4476	99.36	37629480	827274	810618	16656	0
hprcv2-25k	HG01891_mat_hprc_r2_v1.0.1.merged	edit-distance	128	heuristic	2257523605	189397522	9147007	54531021	3.78	88500	3.11	20204	1.36	4484	37.82	14773080	827274	801923	25351	0
hprcv2-25k	HG01891_mat_hprc_r2_v1.0.1.merged	edit-distance	16	heuristic	2257523605	477876270	43906804	142568175	4.21	96000	6.88	18288	4.76	4768	35.2	8868780	827274	826792	482	0
hprcv2-25k	HG01891_mat_hprc_r2_v1.0.1.merged	edit-distance	256	heuristic	2257523605	160232837	5921696	45568435	3.92	88848	2.72	18308	1.01	4308	61.55	17263232	827274	785734	41540	0
hprcv2-25k	HG01891_mat_hprc_r2_v1.0.1.merged	edit-distance	32	heuristic	2257523605	329844668	25154064	95987351	3.94	92572	4.94	18308	2.97	4716	28.43	11955552	827274	826015	1259	0
hprcv2-25k	HG01891_mat_hprc_r2_v1.0.1.merged	edit-distance	64	heuristic	2257523605	240692783	14822695	69423678	3.69	89964	3.8	14116	1.91	4584	31.33	12213368	827274	822106	5168	0
hprcv2-25k	HG01891_pat_hprc_r2_v1.0.1.merged	diagonal-distance	16	heuristic	2040120941	211578691	14619840	64924282	3.59	88528	3.36	17956	1.62	4484	54.63	32765520	791400	789890	1510	0
hprcv2-25k	HG01891_pat_hprc_r2_v1.0.1.merged	diagonal-distance	32	heuristic	2040120941	174262820	9476778	51568261	3.73	86624	2.88	17784	1.17	4524	63.36	34123756	791400	786896	4504	0
hprcv2-25k	HG01891_pat_hprc_r2_v1.0.1.merged	diagonal-distance	64	heuristic	2040120941	152755732	6546207	43800065	3.55	86596	2.53	17812	0.91	4544	93.14	41992572	791400	774332	17068	0
hprcv2-25k	HG01891_pat_hprc_r2_v1.0.1.merged	edit-distance	128	heuristic	2040120941	177621430	8281642	50941630	3.7	86840	2.92	17872	1.22	4600	34.98	14324320	791400	765495	25905	0
hprcv2-25k	HG01891_pat_hprc_r2_v1.0.1.merged	edit-distance	16	heuristic	2040120941	438224045	39445994	130670426	4.03	93244	6.2	18112	4.32	4916	33.03	9490684	791400	790877	523	0
hprcv2-25k	HG01891_pat_hprc_r2_v1.0.1.merged	edit-distance	256	heuristic	2040120941	151541939	5429888	42942158	3.37	86424	2.58	17812	0.94	4508	57.24	15957900	791400	749607	41793	0
hprcv2-25k	HG01891_pat_hprc_r2_v1.0.1.merged	edit-distance	32	heuristic	2040120941	304372189	22578385	88325250	3.57	90648	4.53	19680	2.68	4616	26.48	10739708	791400	790155	1245	0
hprcv2-25k	HG01891_pat_hprc_r2_v1.0.1.merged	edit-distance	64	heuristic	2040120941	223740818	13325607	64302751	3.6	88128	3.53	17948	1.73	4584	29.09	12377868	791400	785948	5452	0
hprcv2-25k	HG01928_mat_hprc_r2_v1.0.1.merged	diagonal-distance	16	heuristic	2051904074	217704498	14812141	67124750	3.76	88164	3.55	18248	1.66	4640	52.91	27383912	844763	843222	1541	0
hprcv2-25k	HG01928_mat_hprc_r2_v1.0.1.merged	diagonal-distance	32	heuristic	2051904074	180209020	9658076	53714988	3.72	88732	3.01	18460	1.22	4620	63.29	31775708	844763	840381	4382	0
hprcv2-25k	HG01928_mat_hprc_r2_v1.0.1.merged	diagonal-distance	64	heuristic	2051904074	158552542	6711622	45906024	3.7	86708	2.67	18448	0.95	4524	92.95	39183192	844763	828700	16063	0
hprcv2-25k	HG01928_mat_hprc_r2_v1.0.1.merged	edit-distance	128	heuristic	2051904074	183391529	8436084	53210900	3.73	86736	3.07	18524	1.27	4704	37.26	14716492	844763	819981	24782	0
hprcv2-25k	HG01928_mat_hprc_r2_v1.0.1.merged	edit-distance	16	heuristic	2051904074	444878999	39658614	133582445	4.03	93108	6.52	20464	4.33	4756	37.02	9990336	844763	844294	469	0
hprcv2-25k	HG01928_mat_hprc_r2_v1.0.1.merged	edit-distance	256	heuristic	2051904074	157141837	5561509	45121710	3.58	86952	2.7	18272	0.98	4524	58.09	15956776	844763	804793	39970	0
hprcv2-25k	HG01928_mat_hprc_r2_v1.0.1.merged	edit-distance	32	heuristic	2051904074	310333605	22742137	90845959	3.66	92324	4.72	18508	2.74	4608	28.62	11506344	844763	843550	1213	0
hprcv2-25k	HG01928_mat_hprc_r2_v1.0.1.merged	edit-distance	64	heuristic	2051904074	229475581	13476435	66633845	3.67	88136	3.68	18440	1.77	4676	31.61	14139096	844763	839579	5184	0
hprcv2-25k	HG01928_pat_hprc_r2_v1.0.1.merged	diagonal-distance	16	heuristic	1826878135	201361882	13948701	62269099	3.35	87364	3.31	17724	1.56	4472	57.73	32839396	773088	771581	1507	0
hprcv2-25k	HG01928_pat_hprc_r2_v1.0.1.merged	diagonal-distance	32	heuristic	1826878135	167541612	9242355	50140721	3.34	83556	2.75	17564	1.15	4432	82.18	40926164	773088	768707	4381	0
hprcv2-25k	HG01928_pat_hprc_r2_v1.0.1.merged	diagonal-distance	64	heuristic	1826878135	147534221	6473361	42876652	3.25	83472	2.43	17696	0.89	4656	107.89	46395076	773088	756600	16488	0
hprcv2-25k	HG01928_pat_hprc_r2_v1.0.1.merged	edit-distance	128	heuristic	1826878135	168534374	7864401	48945003	3.22	83904	2.82	17788	1.17	4552	33.7	16841912	773088	748941	24147	0
hprcv2-25k	HG01928_pat_hprc_r2_v1.0.1.merged	edit-distance	16	heuristic	1826878135	402110754	36185921	121153142	3.64	90604	5.85	17724	3.97	4736	31.49	9870540	773088	772604	484	0
hprcv2-25k	HG01928_pat_hprc_r2_v1.0.1.merged	edit-distance	256	heuristic	1826878135	144604418	5182289	41486929	3.19	83516	2.48	17712	0.9	4580	51.75	17111604	773088	733860	39228	0
hprcv2-25k	HG01928_pat_hprc_r2_v1.0.1.merged	edit-distance	32	heuristic	1826878135	282298669	20915094	82881202	3.4	89176	4.33	17724	2.5	4652	25.96	13943076	773088	771818	1270	0
hprcv2-25k	HG01928_pat_hprc_r2_v1.0.1.merged	edit-distance	64	heuristic	1826878135	210222528	12516740	61137917	3.44	83224	3.37	17808	1.63	4488	28.4	15443068	773088	767973	5115	0
hprcv2-25k	HG01934_mat_hprc_r2_v1.0.1.merged	diagonal-distance	16	heuristic	1784740883	192165458	13001295	59038501	3.34	88892	3.1	17496	1.45	4412	44.66	28404604	745917	744575	1342	0
hprcv2-25k	HG01934_mat_hprc_r2_v1.0.1.merged	diagonal-distance	32	heuristic	1784740883	159444512	8503222	47337506	3.16	87768	2.66	17504	1.08	4452	53.8	31793344	745917	742013	3904	0
hprcv2-25k	HG01934_mat_hprc_r2_v1.0.1.merged	diagonal-distance	64	heuristic	1784740883	140582591	5937514	40538067	2.96	87584	2.35	17560	0.84	4504	80.7	39168604	745917	730982	14935	0
hprcv2-25k	HG01934_mat_hprc_r2_v1.0.1.merged	edit-distance	128	heuristic	1784740883	161761550	7372887	46760523	3.45	87636	2.74	17600	1.11	4396	32.99	17573392	745917	723026	22891	0
hprcv2-25k	HG01934_mat_hprc_r2_v1.0.1.merged	edit-distance	16	heuristic	1784740883	388684607	34429534	116598113	3.6	93708	5.58	17452	3.75	4756	31.67	10689272	745917	745442	475	0
hprcv2-25k	HG01934_mat_hprc_r2_v1.0.1.merged	edit-distance	256	heuristic	1784740883	138845046	4861781	39668771	3.24	87820	2.38	17512	0.86	4556	50.98	15356724	745917	708155	37762	0
hprcv2-25k	HG01934_mat_hprc_r2_v1.0.1.merged	edit-distance	32	heuristic	1784740883	272014595	19791281	79511998	3.24	89064	4.16	17592	2.41	4484	25.48	13769168	745917	744794	1123	0
hprcv2-25k	HG01934_mat_hprc_r2_v1.0.1.merged	edit-distance	64	heuristic	1784740883	201986913	11766854	58488043	3.39	91504	3.2	17552	1.55	4468	27.76	14818184	745917	741285	4632	0
hprcv2-25k	HG01934_pat_hprc_r2_v1.0.1.merged	diagonal-distance	16	heuristic	2709173278	299257524	19867386	91618620	5.05	88080	4.83	21248	2.26	4848	68.65	28000760	1191491	1189381	2110	0
hprcv2-25k	HG01934_pat_hprc_r2_v1.0.1.merged	diagonal-distance	32	heuristic	2709173278	249311917	12978767	73754439	5.09	88620	4.16	21128	1.68	4704	85.22	32427640	1191491	1185354	6137	0
hprcv2-25k	HG01934_pat_hprc_r2_v1.0.1.merged	diagonal-distance	64	heuristic	2709173278	220387994	9029487	63314426	4.51	88080	3.72	19268	1.3	4532	124.59	39420932	1191491	1167529	23962	0
hprcv2-25k	HG01934_pat_hprc_r2_v1.0.1.merged	edit-distance	128	heuristic	2709173278	252437843	11212847	72783970	4.91	88596	4.28	21324	1.73	4616	48.9	18278972	1191491	1155434	36057	0
hprcv2-25k	HG01934_pat_hprc_r2_v1.0.1.merged	edit-distance	16	heuristic	2709173278	597668795	52605277	179442708	5.53	95868	8.76	17328	5.79	5112	48.6	11596428	1191491	1190749	742	0
hprcv2-25k	HG01934_pat_hprc_r2_v1.0.1.merged	edit-distance	256	heuristic	2709173278	217679036	7383225	62023483	5.13	88940	3.77	21288	1.34	4752	74.81	15736008	1191491	1133159	58332	0
hprcv2-25k	HG01934_pat_hprc_r2_v1.0.1.merged	edit-distance	32	heuristic	2709173278	420356371	30207872	122767667	5.08	92416	6.42	21404	3.65	5024	37.87	12129628	1191491	1189712	1779	0
hprcv2-25k	HG01934_pat_hprc_r2_v1.0.1.merged	edit-distance	64	heuristic	2709173278	313634807	17933596	90644483	4.88	90420	5.02	21324	2.4	4628	41.68	16034460	1191491	1184198	7293	0
hprcv2-25k	HG01940_mat_hprc_r2_v1.0.1.merged	diagonal-distance	16	heuristic	1511084627	158138130	11143415	49034483	2.74	83692	2.55	16164	1.23	4308	41.96	29479864	589690	588552	1138	0
hprcv2-25k	HG01940_mat_hprc_r2_v1.0.1.merged	diagonal-distance	32	heuristic	1511084627	130458681	7319207	39120207	2.63	82960	2.12	16028	0.89	4484	46.79	31233936	589690	586394	3296	0
hprcv2-25k	HG01940_mat_hprc_r2_v1.0.1.merged	diagonal-distance	64	heuristic	1511084627	114103549	5078749	33210005	2.48	81656	1.9	16180	0.7	4136	70.11	38660656	589690	576760	12930	0
hprcv2-25k	HG01940_mat_hprc_r2_v1.0.1.merged	edit-distance	128	heuristic	1511084627	132252602	6322420	38463250	2.7	83404	2.2	16220	0.92	4336	27.96	17014328	589690	570347	19343	0
hprcv2-25k	HG01940_mat_hprc_r2_v1.0.1.merged	edit-distance	16	heuristic	1511084627	325426904	29572946	97969893	2.99	88648	4.66	16296	3.22	4488	26.31	8804356	589690	589312	378	0
hprcv2-25k	HG01940_mat_hprc_r2_v1.0.1.merged	edit-distance	256	heuristic	1511084627	112595636	4150613	32396648	2.74	84756	1.94	16104	0.71	4316	45.12	15049260	589690	558109	31581	0
hprcv2-25k	HG01940_mat_hprc_r2_v1.0.1.merged	edit-distance	32	heuristic	1511084627	226276432	17026858	66454660	2.54	86472	3.43	16132	2.03	4576	21.63	13877832	589690	588745	945	0
hprcv2-25k	HG01940_mat_hprc_r2_v1.0.1.merged	edit-distance	64	heuristic	1511084627	166514982	10110509	48481309	2.65	83800	2.64	16060	1.33	4460	23.71	14726252	589690	585833	3857	0
hprcv2-25k	HG01940_pat_hprc_r2_v1.0.1.merged	diagonal-distance	16	heuristic	2004770048	208853422	14549820	64670741	3.35	88732	3.34	20028	1.64	4836	72.05	34491116	788362	786985	1377	0
hprcv2-25k	HG01940_pat_hprc_r2_v1.0.1.merged	diagonal-distance	32	heuristic	2004770048	172243391	9502373	51568567	3.51	82892	2.83	17876	1.18	4480	92.88	44519104	788362	784081	4281	0
hprcv2-25k	HG01940_pat_hprc_r2_v1.0.1.merged	diagonal-distance	64	heuristic	2004770048	151214978	6634779	43978462	3.55	87356	2.57	17960	0.92	4420	142.75	55885368	788362	771906	16456	0
hprcv2-25k	HG01940_pat_hprc_r2_v1.0.1.merged	edit-distance	128	heuristic	2004770048	175344151	8301635	51013571	3.59	83056	2.92	15880	1.25	4496	36.27	16980476	788362	763756	24606	0
hprcv2-25k	HG01940_pat_hprc_r2_v1.0.1.merged	edit-distance	16	heuristic	2004770048	430588620	38854630	129464698	3.94	94200	6.15	17956	4.21	4768	34.61	10639948	788362	787928	434	0
hprcv2-25k	HG01940_pat_hprc_r2_v1.0.1.merged	edit-distance	256	heuristic	2004770048	149623787	5473604	43075289	3.59	87200	2.58	17856	0.93	4324	55.98	15307964	788362	748407	39955	0
hprcv2-25k	HG01940_pat_hprc_r2_v1.0.1.merged	edit-distance	32	heuristic	2004770048	299403532	22316485	87777935	3.39	93216	4.54	17996	2.67	4760	28.42	13224852	788362	787232	1130	0
hprcv2-25k	HG01940_pat_hprc_r2_v1.0.1.merged	edit-distance	64	heuristic	2004770048	220392653	13247398	64137104	3.46	88308	3.5	13920	1.74	4664	30.86	15202100	788362	783435	4927	0
hprcv2-25k	HG01943_mat_hprc_r2_v1.0.1.merged	diagonal-distance	16	heuristic	1842698127	197340280	13212608	60025326	3.44	82224	3.2	11620	1.51	4704	54	30839136	761987	760593	1394	0
hprcv2-25k	HG01943_mat_hprc_r2_v1.0.1.merged	diagonal-distance	32	heuristic	1842698127	163732781	8592515	48010851	3.41	85224	2.68	17664	1.09	4488	82.88	41141500	761987	757847	4140	0
hprcv2-25k	HG01943_mat_hprc_r2_v1.0.1.merged	diagonal-distance	64	heuristic	1842698127	144208068	5933782	40971134	3.37	84736	2.38	19668	0.84	4524	110.25	49504128	761987	746090	15897	0
hprcv2-25k	HG01943_mat_hprc_r2_v1.0.1.merged	edit-distance	128	heuristic	1842698127	166548495	7483085	47528464	3.26	85360	2.79	17572	1.15	4596	33.91	15951688	761987	738182	23805	0
hprcv2-25k	HG01943_mat_hprc_r2_v1.0.1.merged	edit-distance	16	heuristic	1842698127	401367832	35553680	119761272	3.77	92164	5.72	19692	3.92	4708	34.12	10632368	761987	761553	434	0
hprcv2-25k	HG01943_mat_hprc_r2_v1.0.1.merged	edit-distance	256	heuristic	1842698127	143035755	4913111	40300879	3.27	85480	2.46	17604	0.87	4500	53.06	16122800	761987	723945	38042	0
hprcv2-25k	HG01943_mat_hprc_r2_v1.0.1.merged	edit-distance	32	heuristic	1842698127	280595806	20366718	81419393	3.15	88824	4.24	17600	2.46	4744	26.03	10056356	761987	760832	1155	0
hprcv2-25k	HG01943_mat_hprc_r2_v1.0.1.merged	edit-distance	64	heuristic	1842698127	207992786	12028429	59637724	3.28	86748	3.29	19772	1.58	4576	28.69	14888132	761987	757023	4964	0
hprcv2-25k	HG01943_pat_hprc_r2_v1.0.1.merged	diagonal-distance	16	heuristic	1483356741	167436552	11414721	51155298	2.67	86532	2.69	16596	1.28	4336	35.02	25279196	641562	640410	1152	0
hprcv2-25k	HG01943_pat_hprc_r2_v1.0.1.merged	diagonal-distance	32	heuristic	1483356741	139265596	7501665	41055503	2.71	88124	2.28	16592	0.93	4508	41.3	29708876	641562	638199	3363	0
hprcv2-25k	HG01943_pat_hprc_r2_v1.0.1.merged	diagonal-distance	64	heuristic	1483356741	122772911	5226066	35071895	2.72	85584	2.03	16424	0.73	4268	65.92	37324388	641562	628783	12779	0
hprcv2-25k	HG01943_pat_hprc_r2_v1.0.1.merged	edit-distance	128	heuristic	1483356741	139876785	6349541	40042601	2.53	85596	2.32	16488	0.96	4328	27.72	14765892	641562	622289	19273	0
hprcv2-25k	HG01943_pat_hprc_r2_v1.0.1.merged	edit-distance	16	heuristic	1483356741	330057919	29325610	98933916	2.99	91804	4.76	16512	3.28	4644	26.06	11751560	641562	641180	382	0
hprcv2-25k	HG01943_pat_hprc_r2_v1.0.1.merged	edit-distance	256	heuristic	1483356741	120419498	4185589	34000281	2.64	85092	2.06	18668	0.73	4272	43.12	15307644	641562	610241	31321	0
hprcv2-25k	HG01943_pat_hprc_r2_v1.0.1.merged	edit-distance	32	heuristic	1483356741	232710103	16950907	67741437	2.77	88672	3.52	16528	2.05	4644	21.72	14994992	641562	640587	975	0
hprcv2-25k	HG01943_pat_hprc_r2_v1.0.1.merged	edit-distance	64	heuristic	1483356741	173870998	10124806	49986426	2.61	86544	2.78	20560	1.33	4308	23.58	14095344	641562	637607	3955	0
hprcv2-25k	HG01952_mat_hprc_r2_v1.0.1.merged	diagonal-distance	16	heuristic	1957667509	211278700	14280450	64747062	3.7	88976	3.43	14136	1.6	4704	54.05	29250164	821055	819552	1503	0
hprcv2-25k	HG01952_mat_hprc_r2_v1.0.1.merged	diagonal-distance	32	heuristic	1957667509	175436243	9340303	51918264	3.36	82984	2.89	14140	1.18	4568	84.2	40710540	821055	816706	4349	0
hprcv2-25k	HG01952_mat_hprc_r2_v1.0.1.merged	diagonal-distance	64	heuristic	1957667509	154604603	6495781	44399558	3.58	81596	2.59	12060	0.92	4460	113.74	48103052	821055	804602	16453	0
hprcv2-25k	HG01952_mat_hprc_r2_v1.0.1.merged	edit-distance	128	heuristic	1957667509	177913205	8086178	51231729	3.66	89948	2.98	18296	1.24	4536	36.22	16972484	821055	796224	24831	0
hprcv2-25k	HG01952_mat_hprc_r2_v1.0.1.merged	edit-distance	16	heuristic	1957667509	427268847	38001840	127978176	4.12	93904	6.17	18344	4.14	4748	36.58	10907328	821055	820587	468	0
hprcv2-25k	HG01952_mat_hprc_r2_v1.0.1.merged	edit-distance	256	heuristic	1957667509	152722581	5317161	43464458	3.53	87204	2.63	18328	0.93	4444	55.57	16242968	821055	780488	40567	0
hprcv2-25k	HG01952_mat_hprc_r2_v1.0.1.merged	edit-distance	32	heuristic	1957667509	299161044	21849851	87327276	3.66	91212	4.58	16308	2.64	4692	28.06	12444252	821055	819826	1229	0
hprcv2-25k	HG01952_mat_hprc_r2_v1.0.1.merged	edit-distance	64	heuristic	1957667509	221996393	12952732	64160560	3.57	88076	3.54	18108	1.72	4776	30.3	14201476	821055	816008	5047	0
hprcv2-25k	HG01952_pat_hprc_r2_v1.0.1.merged	diagonal-distance	16	heuristic	1789279718	188783652	13175871	58193529	3.03	84280	3.03	11024	1.45	4380	43.81	27285212	701817	700467	1350	0
hprcv2-25k	HG01952_pat_hprc_r2_v1.0.1.merged	diagonal-distance	32	heuristic	1789279718	155920360	8634654	46430991	3.13	82212	2.56	13144	1.06	4412	54.89	31055620	701817	697936	3881	0
hprcv2-25k	HG01952_pat_hprc_r2_v1.0.1.merged	diagonal-distance	64	heuristic	1789279718	137105067	6063041	39636280	3.03	85608	2.25	17216	0.82	4584	81.74	37918732	701817	687094	14723	0
hprcv2-25k	HG01952_pat_hprc_r2_v1.0.1.merged	edit-distance	128	heuristic	1789279718	158257391	7520001	45797514	3.22	86660	2.66	17176	1.11	4408	31.89	17192872	701817	679913	21904	0
hprcv2-25k	HG01952_pat_hprc_r2_v1.0.1.merged	edit-distance	16	heuristic	1789279718	385969273	34870853	115813550	3.65	89036	5.57	11124	3.79	4724	30.39	9513664	701817	701376	441	0
hprcv2-25k	HG01952_pat_hprc_r2_v1.0.1.merged	edit-distance	256	heuristic	1789279718	135294182	4984310	38708923	3.19	90416	2.3	17224	0.86	4520	49.04	15891060	701817	666665	35152	0
hprcv2-25k	HG01952_pat_hprc_r2_v1.0.1.merged	edit-distance	32	heuristic	1789279718	268891518	20054723	78552529	3.22	89872	4.06	17272	2.39	4712	24.3	13412724	701817	700686	1131	0
hprcv2-25k	HG01952_pat_hprc_r2_v1.0.1.merged	edit-distance	64	heuristic	1789279718	198527526	11942730	57473459	3.06	87296	3.11	17084	1.56	4392	26.92	16475540	701817	697074	4743	0
hprcv2-25k	HG01960_mat_hprc_r2_v1.0.1.merged	diagonal-distance	16	heuristic	2533756097	263246598	18201301	80906851	4.16	91556	4.34	19380	2.04	4588	62.35	29308684	984930	983152	1778	0
hprcv2-25k	HG01960_mat_hprc_r2_v1.0.1.merged	diagonal-distance	32	heuristic	2533756097	217058200	11837576	64367579	4.51	89620	3.56	19592	1.47	4704	69.36	30239032	984930	979693	5237	0
hprcv2-25k	HG01960_mat_hprc_r2_v1.0.1.merged	diagonal-distance	64	heuristic	2533756097	190337311	8196438	54716433	4.56	89400	3.14	19560	1.13	4752	107.27	36521968	984930	964814	20116	0
hprcv2-25k	HG01960_mat_hprc_r2_v1.0.1.merged	edit-distance	128	heuristic	2533756097	221142041	10337871	63522768	4.17	90156	3.65	19620	1.55	4672	43.28	15072520	984930	955013	29917	0
hprcv2-25k	HG01960_mat_hprc_r2_v1.0.1.merged	edit-distance	16	heuristic	2533756097	544477436	48956582	162366008	4.58	97276	7.71	19608	5.35	4988	42.17	9722520	984930	984335	595	0
hprcv2-25k	HG01960_mat_hprc_r2_v1.0.1.merged	edit-distance	256	heuristic	2533756097	188553378	6760745	53494852	4.5	90064	3.2	19548	1.18	4756	70.77	16960572	984930	936603	48327	0
hprcv2-25k	HG01960_mat_hprc_r2_v1.0.1.merged	edit-distance	32	heuristic	2533756097	378066271	28042277	109840092	4.46	93012	5.62	19632	3.33	4660	33.05	10232096	984930	983444	1486	0
hprcv2-25k	HG01960_mat_hprc_r2_v1.0.1.merged	edit-distance	64	heuristic	2533756097	278377136	16587582	80073873	4.1	90996	4.38	19588	2.17	4544	36.34	14263100	984930	978722	6208	0
hprcv2-25k	HG01960_pat_hprc_r2_v1.0.1.merged	diagonal-distance	16	heuristic	2192884475	221432347	15654899	68603541	3.82	91492	3.58	18364	1.75	4684	56.67	30240080	823940	822346	1594	0
hprcv2-25k	HG01960_pat_hprc_r2_v1.0.1.merged	diagonal-distance	32	heuristic	2192884475	181471829	10139062	54289962	3.79	90448	2.99	14216	1.24	4500	64.48	31329592	823940	819353	4587	0
hprcv2-25k	HG01960_pat_hprc_r2_v1.0.1.merged	diagonal-distance	64	heuristic	2192884475	158367614	6985183	45939414	3.62	85384	2.67	14120	0.99	4448	95.13	36475844	823940	806235	17705	0
hprcv2-25k	HG01960_pat_hprc_r2_v1.0.1.merged	edit-distance	128	heuristic	2192884475	185262524	8868823	53584153	3.42	85768	3.09	14216	1.3	4592	37.63	14011620	823940	797282	26658	0
hprcv2-25k	HG01960_pat_hprc_r2_v1.0.1.merged	edit-distance	16	heuristic	2192884475	465199789	42476841	139342496	4.12	92480	6.63	14196	4.61	4784	38.02	10067056	823940	823399	541	0
hprcv2-25k	HG01960_pat_hprc_r2_v1.0.1.merged	edit-distance	256	heuristic	2192884475	156993285	5765324	44917978	3.53	90208	2.72	20336	1	4444	61.43	15606860	823940	780616	43324	0
hprcv2-25k	HG01960_pat_hprc_r2_v1.0.1.merged	edit-distance	32	heuristic	2192884475	321512085	24328480	93899973	3.86	93372	4.8	14136	2.9	4688	28.63	12829760	823940	822625	1315	0
hprcv2-25k	HG01960_pat_hprc_r2_v1.0.1.merged	edit-distance	64	heuristic	2192884475	235077409	14339716	68040877	3.88	90888	3.73	14228	1.86	4752	31.24	13411776	823940	818344	5596	0
hprcv2-25k	HG01969_mat_hprc_r2_v1.0.1.merged	diagonal-distance	16	heuristic	1981358167	208832413	14129275	64195844	3.29	83352	3.43	13848	1.6	4684	58.63	29928140	808510	807138	1372	0
hprcv2-25k	HG01969_mat_hprc_r2_v1.0.1.merged	diagonal-distance	32	heuristic	1981358167	173520009	9280924	51569875	3.53	85848	2.92	17972	1.18	4432	93.69	39628408	808510	804342	4168	0
hprcv2-25k	HG01969_mat_hprc_r2_v1.0.1.merged	diagonal-distance	64	heuristic	1981358167	153288974	6536154	44285928	3.51	85308	2.57	18116	0.91	4452	116.36	46208352	808510	792940	15570	0
hprcv2-25k	HG01969_mat_hprc_r2_v1.0.1.merged	edit-distance	128	heuristic	1981358167	176945202	8179695	51283130	3.61	81608	2.96	13984	1.23	4448	36.34	15830100	808510	784430	24080	0
hprcv2-25k	HG01969_mat_hprc_r2_v1.0.1.merged	edit-distance	16	heuristic	1981358167	426957237	38059961	128160437	3.88	88000	6.13	14136	4.18	4696	38.76	10334664	808510	808056	454	0
hprcv2-25k	HG01969_mat_hprc_r2_v1.0.1.merged	edit-distance	256	heuristic	1981358167	151890325	5422700	43530050	3.61	81636	2.6	14008	0.97	4440	57.02	15900136	808510	769124	39386	0
hprcv2-25k	HG01969_mat_hprc_r2_v1.0.1.merged	edit-distance	32	heuristic	1981358167	298173781	21870656	87308831	3.63	84860	4.5	14060	2.62	4776	28.42	12532780	808510	807317	1193	0
hprcv2-25k	HG01969_mat_hprc_r2_v1.0.1.merged	edit-distance	64	heuristic	1981358167	220909987	13004641	64150531	3.49	82068	3.5	13980	1.71	4764	30.9	14904160	808510	803632	4878	0
hprcv2-25k	HG01969_pat_hprc_r2_v1.0.1.merged	diagonal-distance	16	heuristic	2232053410	237045417	17343842	74159867	3.94	85684	3.82	14516	1.89	4660	68.09	31451256	855265	853387	1878	0
hprcv2-25k	HG01969_pat_hprc_r2_v1.0.1.merged	diagonal-distance	32	heuristic	2232053410	194960362	11462278	59032966	3.88	84080	3.22	14456	1.36	4456	72.98	33125252	855265	849709	5556	0
hprcv2-25k	HG01969_pat_hprc_r2_v1.0.1.merged	diagonal-distance	64	heuristic	2232053410	170030649	7998172	49958119	3.98	83724	2.86	14428	1.06	4612	100.47	39030784	855265	834508	20757	0
hprcv2-25k	HG01969_pat_hprc_r2_v1.0.1.merged	edit-distance	128	heuristic	2232053410	195931833	9694161	57249713	3.93	84212	3.25	12348	1.37	4604	40.8	16587264	855265	824986	30279	0
hprcv2-25k	HG01969_pat_hprc_r2_v1.0.1.merged	edit-distance	16	heuristic	2232053410	483631472	44725898	146168487	4.14	95292	7.01	18656	4.85	4940	39.7	12143348	855265	854696	569	0
hprcv2-25k	HG01969_pat_hprc_r2_v1.0.1.merged	edit-distance	256	heuristic	2232053410	165933823	6320837	47896123	3.86	84204	2.86	14476	1.07	4568	63.14	15434836	855265	806294	48971	0
hprcv2-25k	HG01969_pat_hprc_r2_v1.0.1.merged	edit-distance	32	heuristic	2232053410	336434264	25894054	99177517	3.69	87244	5.03	14576	3.02	4792	31.23	16799064	855265	853752	1513	0
hprcv2-25k	HG01969_pat_hprc_r2_v1.0.1.merged	edit-distance	64	heuristic	2232053410	247423455	15490365	72380209	3.96	85048	3.89	14448	2.01	4844	34.36	15733172	855265	848792	6473	0
hprcv2-25k	HG01975_mat_hprc_r2_v1.0.1.merged	diagonal-distance	16	heuristic	1988650566	207936496	14220477	64043977	3.5	83596	3.41	11932	1.6	4660	65.03	34968272	801178	799744	1434	0
hprcv2-25k	HG01975_mat_hprc_r2_v1.0.1.merged	diagonal-distance	32	heuristic	1988650566	171974642	9268703	51171823	3.5	82368	2.93	12040	1.18	4552	79.95	40662652	801178	796959	4219	0
hprcv2-25k	HG01975_mat_hprc_r2_v1.0.1.merged	diagonal-distance	64	heuristic	1988650566	151018317	6412915	43605452	3.32	83788	2.58	13896	0.91	4540	106.6	46716328	801178	785177	16001	0
hprcv2-25k	HG01975_mat_hprc_r2_v1.0.1.merged	edit-distance	128	heuristic	1988650566	175178055	8087244	50635943	3.56	81880	2.91	11848	1.22	4648	36.34	13930428	801178	777508	23670	0
hprcv2-25k	HG01975_mat_hprc_r2_v1.0.1.merged	edit-distance	16	heuristic	1988650566	428661253	38445921	128571402	3.31	90252	6.17	14060	4.2	4736	32.92	11240168	801178	800743	435	0
hprcv2-25k	HG01975_mat_hprc_r2_v1.0.1.merged	edit-distance	256	heuristic	1988650566	149688993	5295863	42797193	3.48	81908	2.59	11928	0.93	4536	57.81	17494416	801178	763338	37840	0
hprcv2-25k	HG01975_mat_hprc_r2_v1.0.1.merged	edit-distance	32	heuristic	1988650566	298283350	22015478	87178005	3.46	87888	4.5	11912	2.67	4708	28.01	13661116	801178	800024	1154	0
hprcv2-25k	HG01975_mat_hprc_r2_v1.0.1.merged	edit-distance	64	heuristic	1988650566	219932230	13011686	63717995	3.47	83376	3.52	12016	1.73	4636	30.56	14044020	801178	796171	5007	0
hprcv2-25k	HG01975_pat_hprc_r2_v1.0.1.merged	diagonal-distance	16	heuristic	2687108389	283775039	20554854	88517387	4.82	83956	4.55	13724	2.27	4736	75.32	29361732	1034616	1032561	2055	0
hprcv2-25k	HG01975_pat_hprc_r2_v1.0.1.merged	diagonal-distance	32	heuristic	2687108389	232936601	13471918	70275036	4.69	83176	3.82	13768	1.62	4756	82.43	31000988	1034616	1028385	6231	0
hprcv2-25k	HG01975_pat_hprc_r2_v1.0.1.merged	diagonal-distance	64	heuristic	2687108389	202875704	9308728	59355942	4.9	81908	3.43	13776	1.26	4800	119.24	36408124	1034616	1010625	23991	0
hprcv2-25k	HG01975_pat_hprc_r2_v1.0.1.merged	edit-distance	128	heuristic	2687108389	234557384	11423142	68318127	4.93	82680	3.89	13868	1.67	4684	47.72	16726504	1034616	999014	35602	0
hprcv2-25k	HG01975_pat_hprc_r2_v1.0.1.merged	edit-distance	16	heuristic	2687108389	580940910	53534921	175170545	5.32	91072	8.37	15928	5.79	4996	47.34	10810540	1034616	1033918	698	0
hprcv2-25k	HG01975_pat_hprc_r2_v1.0.1.merged	edit-distance	256	heuristic	2687108389	198768290	7418526	57193998	4.66	84640	3.5	15936	1.27	4608	75.89	16442540	1034616	976434	58182	0
hprcv2-25k	HG01975_pat_hprc_r2_v1.0.1.merged	edit-distance	32	heuristic	2687108389	403853298	30899822	118745995	4.66	88912	6.08	16036	3.61	4676	36.81	12045640	1034616	1032815	1801	0
hprcv2-25k	HG01975_pat_hprc_r2_v1.0.1.merged	edit-distance	64	heuristic	2687108389	296685133	18379886	86503106	4.67	86704	4.68	15972	2.35	4756	39.86	14462072	1034616	1027293	7323	0
hprcv2-25k	HG01978_mat_hprc_r2_v1.1.0.merged	diagonal-distance	16	heuristic	2592353737	267278562	18903016	83012022	4.5	85904	4.26	15544	2.11	4680	80.27	32696540	985719	983988	1731	0
hprcv2-25k	HG01978_mat_hprc_r2_v1.1.0.merged	diagonal-distance	32	heuristic	2592353737	219891827	12383170	66058185	4.06	85864	3.64	15564	1.52	4704	116.69	43581256	985719	980610	5109	0
hprcv2-25k	HG01978_mat_hprc_r2_v1.1.0.merged	diagonal-distance	64	heuristic	2592353737	192298385	8621558	56099091	4.56	86232	3.2	15412	1.18	4680	194.11	57086572	985719	965986	19733	0
hprcv2-25k	HG01978_mat_hprc_r2_v1.1.0.merged	edit-distance	128	heuristic	2592353737	223676192	10775599	65168232	4.38	84304	3.69	13472	1.58	4772	46.93	16543820	985719	955933	29786	0
hprcv2-25k	HG01978_mat_hprc_r2_v1.1.0.merged	edit-distance	16	heuristic	2592353737	554669494	50412292	167036029	5.06	91452	7.95	13520	5.46	5076	49.24	10029292	985719	985177	542	0
hprcv2-25k	HG01978_mat_hprc_r2_v1.1.0.merged	edit-distance	256	heuristic	2592353737	190154520	7094813	54849305	4.28	84356	3.28	13448	1.22	4588	73.2	16036252	985719	937658	48061	0
hprcv2-25k	HG01978_mat_hprc_r2_v1.1.0.merged	edit-distance	32	heuristic	2592353737	384356458	28984353	112985066	4.62	87252	5.75	13376	3.44	4680	37.05	13014248	985719	984285	1434	0
hprcv2-25k	HG01978_mat_hprc_r2_v1.1.0.merged	edit-distance	64	heuristic	2592353737	282270815	17207755	82261201	4.4	85888	4.46	13520	2.22	4676	40.16	15150364	985719	979613	6106	0
hprcv2-25k	HG01978_pat_hprc_r2_v1.1.0.merged	diagonal-distance	16	heuristic	1465972494	154496833	10626835	47361016	2.65	79864	2.47	9860	1.19	4416	38.51	28570692	582765	581720	1045	0
hprcv2-25k	HG01978_pat_hprc_r2_v1.1.0.merged	diagonal-distance	32	heuristic	1465972494	127738239	6947992	37792767	2.69	78876	2.1	9916	0.86	4164	41.55	29401120	582765	579731	3034	0
hprcv2-25k	HG01978_pat_hprc_r2_v1.1.0.merged	diagonal-distance	64	heuristic	1465972494	112228683	4835970	32199661	2.6	77972	1.89	9940	0.67	4252	64.21	37218568	582765	571493	11272	0
hprcv2-25k	HG01978_pat_hprc_r2_v1.1.0.merged	edit-distance	128	heuristic	1465972494	129801040	6041933	37322834	2.71	78596	2.14	10008	0.89	4352	27.35	14723224	582765	565510	17255	0
hprcv2-25k	HG01978_pat_hprc_r2_v1.1.0.merged	edit-distance	16	heuristic	1465972494	316335429	28338481	94691688	2.97	87044	4.53	12056	3.11	4612	26.9	9741236	582765	582392	373	0
hprcv2-25k	HG01978_pat_hprc_r2_v1.1.0.merged	edit-distance	256	heuristic	1465972494	110975750	3970113	31495627	2.58	80592	1.91	9764	0.69	4224	42.76	14702356	582765	553980	28785	0
hprcv2-25k	HG01978_pat_hprc_r2_v1.1.0.merged	edit-distance	32	heuristic	1465972494	220452736	16279466	64248812	2.68	81888	3.32	10056	1.96	4588	21.19	13415144	582765	581905	860	0
hprcv2-25k	HG01978_pat_hprc_r2_v1.1.0.merged	edit-distance	64	heuristic	1465972494	162808313	9661524	46957538	2.66	81828	2.59	9884	1.28	4456	23.03	13568336	582765	579204	3561	0
hprcv2-25k	HG01981_mat_hprc_r2_v1.0.1.merged	diagonal-distance	16	heuristic	2016159947	212925815	14798582	65647611	3.61	83320	3.42	11928	1.66	4756	55.09	29681656	798284	796957	1327	0
hprcv2-25k	HG01981_mat_hprc_r2_v1.0.1.merged	diagonal-distance	32	heuristic	2016159947	175484006	9631394	52236892	3.77	82692	2.93	12000	1.21	4456	76.34	37376600	798284	794283	4001	0
hprcv2-25k	HG01981_mat_hprc_r2_v1.0.1.merged	diagonal-distance	64	heuristic	2016159947	154173160	6723158	44540405	3.61	81496	2.6	11884	0.92	4464	111.33	46450832	798284	783248	15036	0
hprcv2-25k	HG01981_mat_hprc_r2_v1.0.1.merged	edit-distance	128	heuristic	2016159947	178235737	8371635	51505044	3.66	84260	2.97	14024	1.25	4528	36.63	16852660	798284	775232	23052	0
hprcv2-25k	HG01981_mat_hprc_r2_v1.0.1.merged	edit-distance	16	heuristic	2016159947	434793842	39141577	130445238	4.1	94140	6.31	18152	4.33	4672	36.03	8745672	798284	797852	432	0
hprcv2-25k	HG01981_mat_hprc_r2_v1.0.1.merged	edit-distance	256	heuristic	2016159947	152346333	5525216	43528521	3.58	81752	2.63	11888	0.94	4412	56.75	16630880	798284	760918	37366	0
hprcv2-25k	HG01981_mat_hprc_r2_v1.0.1.merged	edit-distance	32	heuristic	2016159947	303142215	22511545	88549385	3.64	91604	4.57	18072	2.68	4708	27.97	12533724	798284	797201	1083	0
hprcv2-25k	HG01981_mat_hprc_r2_v1.0.1.merged	edit-distance	64	heuristic	2016159947	223721758	13364817	64739897	3.48	82656	3.54	18112	1.75	4620	30.4	15323084	798284	793477	4807	0
hprcv2-25k	HG01981_pat_hprc_r2_v1.0.1.merged	diagonal-distance	16	heuristic	1905599404	195704432	13565552	60414478	3.18	85024	3.12	13232	1.51	4592	72.15	38478988	731253	729912	1341	0
hprcv2-25k	HG01981_pat_hprc_r2_v1.0.1.merged	diagonal-distance	32	heuristic	1905599404	161169905	8824349	48066342	3.23	82968	2.65	13392	1.09	4532	94.93	49435524	731253	727414	3839	0
hprcv2-25k	HG01981_pat_hprc_r2_v1.0.1.merged	diagonal-distance	64	heuristic	1905599404	141084527	6096824	40827659	3.19	82764	2.35	13268	0.86	4512	139.11	57271896	731253	716569	14684	0
hprcv2-25k	HG01981_pat_hprc_r2_v1.0.1.merged	edit-distance	128	heuristic	1905599404	164457446	7725644	47600675	3.23	82960	2.7	11296	1.15	4412	35.1	16874948	731253	709208	22045	0
hprcv2-25k	HG01981_pat_hprc_r2_v1.0.1.merged	edit-distance	16	heuristic	1905599404	407463529	36735735	122284417	3.83	90420	5.77	13344	4.03	4708	37.83	11797544	731253	730837	416	0
hprcv2-25k	HG01981_pat_hprc_r2_v1.0.1.merged	edit-distance	256	heuristic	1905599404	139932344	5042271	40058404	3.41	82528	2.38	13264	0.88	4500	54.69	16052368	731253	696086	35167	0
hprcv2-25k	HG01981_pat_hprc_r2_v1.0.1.merged	edit-distance	32	heuristic	1905599404	282368566	21014634	82570543	3.25	86836	4.25	11184	2.5	4752	26.97	13021864	731253	730222	1031	0
hprcv2-25k	HG01981_pat_hprc_r2_v1.0.1.merged	edit-distance	64	heuristic	1905599404	207335600	12411673	60084173	3.35	83988	3.27	13464	1.62	4704	29.39	15449476	731253	726658	4595	0
hprcv2-25k	HG01993_mat_hprc_r2_v1.0.1.merged	diagonal-distance	16	heuristic	2047267077	217469444	15044081	66973569	3.75	89376	3.54	18272	1.68	4628	57.96	29566880	821439	819871	1568	0
hprcv2-25k	HG01993_mat_hprc_r2_v1.0.1.merged	diagonal-distance	32	heuristic	2047267077	179932677	9855296	53536339	3.71	88404	2.97	17972	1.22	4516	86.67	40562692	821439	816643	4796	0
hprcv2-25k	HG01993_mat_hprc_r2_v1.0.1.merged	diagonal-distance	64	heuristic	2047267077	157940413	6837472	45579441	3.73	87712	2.65	18220	0.95	4504	118.08	49713940	821439	803247	18192	0
hprcv2-25k	HG01993_mat_hprc_r2_v1.0.1.merged	edit-distance	128	heuristic	2047267077	182478718	8520759	52720773	3.67	86284	3.04	18292	1.27	4608	37.57	14410448	821439	794236	27203	0
hprcv2-25k	HG01993_mat_hprc_r2_v1.0.1.merged	edit-distance	16	heuristic	2047267077	444050846	40040014	133390073	3.77	90476	6.39	12140	4.39	4824	37.98	12563404	821439	820921	518	0
hprcv2-25k	HG01993_mat_hprc_r2_v1.0.1.merged	edit-distance	256	heuristic	2047267077	155817726	5564787	44452636	3.73	87932	2.66	18236	0.97	4456	58.1	16711252	821439	777460	43979	0
hprcv2-25k	HG01993_mat_hprc_r2_v1.0.1.merged	edit-distance	32	heuristic	2047267077	309729391	23027380	90642832	3.78	92200	4.69	18328	2.73	4748	29.52	15917684	821439	820109	1330	0
hprcv2-25k	HG01993_mat_hprc_r2_v1.0.1.merged	edit-distance	64	heuristic	2047267077	228894444	13668190	66331357	3.75	89096	3.63	20208	1.78	4756	31.88	15315268	821439	815695	5744	0
hprcv2-25k	HG01993_pat_hprc_r2_v1.0.1.merged	diagonal-distance	16	heuristic	1768899975	183141823	12657001	56453016	3.03	87372	2.95	17004	1.41	4532	91.93	49341144	692310	691099	1211	0
hprcv2-25k	HG01993_pat_hprc_r2_v1.0.1.merged	diagonal-distance	32	heuristic	1768899975	150613475	8193300	44824348	3.24	86080	2.49	14948	1.03	4612	101.87	53602304	692310	688563	3747	0
hprcv2-25k	HG01993_pat_hprc_r2_v1.0.1.merged	diagonal-distance	64	heuristic	1768899975	131938696	5660729	38097798	3.02	87300	2.17	16968	0.8	4612	205.44	64170548	692310	678201	14109	0
hprcv2-25k	HG01993_pat_hprc_r2_v1.0.1.merged	edit-distance	128	heuristic	1768899975	153674063	7173267	44455147	3.1	86112	2.55	17116	1.06	4500	32.76	15478708	692310	671275	21035	0
hprcv2-25k	HG01993_pat_hprc_r2_v1.0.1.merged	edit-distance	16	heuristic	1768899975	379825667	34115488	113976588	3.64	94728	5.5	17208	3.75	4740	32.85	10527156	692310	691906	404	0
hprcv2-25k	HG01993_pat_hprc_r2_v1.0.1.merged	edit-distance	256	heuristic	1768899975	131027187	4707778	37507626	3.22	85144	2.26	17060	0.83	4436	50.94	15716872	692310	658548	33762	0
hprcv2-25k	HG01993_pat_hprc_r2_v1.0.1.merged	edit-distance	32	heuristic	1768899975	263349578	19522423	77032517	3.16	89572	3.96	17100	2.33	4780	25.68	14194604	692310	691263	1047	0
hprcv2-25k	HG01993_pat_hprc_r2_v1.0.1.merged	edit-distance	64	heuristic	1768899975	193532396	11516754	56058689	3.08	83324	3.05	17076	1.51	4392	27.9	14770504	692310	687855	4455	0
hprcv2-25k	HG02004_mat_hprc_r2_v1.0.1.merged	diagonal-distance	16	heuristic	2146908629	234208028	15500967	71092824	4.06	91048	3.83	18972	1.74	4604	51.52	25913692	918876	917396	1480	0
hprcv2-25k	HG02004_mat_hprc_r2_v1.0.1.merged	diagonal-distance	32	heuristic	2146908629	194884786	10104500	57038397	4.02	89752	3.25	16936	1.28	4504	59.95	28841268	918876	914278	4598	0
hprcv2-25k	HG02004_mat_hprc_r2_v1.0.1.merged	diagonal-distance	64	heuristic	2146908629	172167462	7022731	48862656	3.92	89248	2.89	19000	1.01	4500	94.91	37815632	918876	901228	17648	0
hprcv2-25k	HG02004_mat_hprc_r2_v1.0.1.merged	edit-distance	128	heuristic	2146908629	197950914	8788962	56511958	3.83	89828	3.31	19048	1.34	4756	39.92	17450608	918876	891139	27737	0
hprcv2-25k	HG02004_mat_hprc_r2_v1.0.1.merged	edit-distance	16	heuristic	2146908629	471020558	41362556	140697479	4.48	96260	6.77	19200	4.58	4904	40.97	10698640	918876	918359	517	0
hprcv2-25k	HG02004_mat_hprc_r2_v1.0.1.merged	edit-distance	256	heuristic	2146908629	170565805	5803292	48081663	4	89604	2.92	18872	1.05	4528	60.99	15521544	918876	873928	44948	0
hprcv2-25k	HG02004_mat_hprc_r2_v1.0.1.merged	edit-distance	32	heuristic	2146908629	330490893	23732565	96010815	3.73	93224	4.99	17168	2.86	4584	30.92	13278076	918876	917571	1305	0
hprcv2-25k	HG02004_mat_hprc_r2_v1.0.1.merged	edit-distance	64	heuristic	2146908629	246079293	14063256	70638611	4.21	91312	3.94	19104	1.89	4752	34.16	15976532	918876	913346	5530	0
hprcv2-25k	HG02004_pat_hprc_r2_v1.0.1.merged	diagonal-distance	16	heuristic	2200770640	234702451	16089756	72219076	3.95	89136	3.78	18796	1.8	4704	56.49	27852808	889090	887554	1536	0
hprcv2-25k	HG02004_pat_hprc_r2_v1.0.1.merged	diagonal-distance	32	heuristic	2200770640	193928804	10488747	57634448	3.84	85760	3.23	18736	1.3	4656	64.55	30257116	889090	884469	4621	0
hprcv2-25k	HG02004_pat_hprc_r2_v1.0.1.merged	diagonal-distance	64	heuristic	2200770640	170532675	7312707	49203581	3.93	87136	2.85	18748	1.01	4760	99.29	38221936	889090	871212	17878	0
hprcv2-25k	HG02004_pat_hprc_r2_v1.0.1.merged	edit-distance	128	heuristic	2200770640	197045659	9112721	56952462	3.67	84320	3.28	14608	1.37	4600	40.61	16394980	889090	861389	27701	0
hprcv2-25k	HG02004_pat_hprc_r2_v1.0.1.merged	edit-distance	16	heuristic	2200770640	477990726	42594244	143536084	4.32	94368	6.92	18796	4.68	4772	41.85	10179484	889090	888543	547	0
hprcv2-25k	HG02004_pat_hprc_r2_v1.0.1.merged	edit-distance	256	heuristic	2200770640	168742375	6025082	48239751	3.8	87100	2.89	18792	1.05	4624	63.44	16481400	889090	843765	45325	0
hprcv2-25k	HG02004_pat_hprc_r2_v1.0.1.merged	edit-distance	32	heuristic	2200770640	333495688	24490882	97594207	3.74	86720	5.01	14672	2.92	4556	31.33	12634084	889090	887743	1347	0
hprcv2-25k	HG02004_pat_hprc_r2_v1.0.1.merged	edit-distance	64	heuristic	2200770640	246708027	14542532	71478493	3.99	84724	3.92	14772	1.91	4656	34.28	15213912	889090	883746	5344	0
hprcv2-25k	HG02015_mat_hprc_r2_v1.0.1.merged	diagonal-distance	16	heuristic	1736834001	182683522	12359610	55787644	2.93	86884	2.94	17136	1.39	4584	58.48	36324504	700706	699437	1269	0
hprcv2-25k	HG02015_mat_hprc_r2_v1.0.1.merged	diagonal-distance	32	heuristic	1736834001	151477193	8070122	44631590	2.88	87036	2.49	17136	1.02	4488	63.71	37709244	700706	697088	3618	0
hprcv2-25k	HG02015_mat_hprc_r2_v1.0.1.merged	diagonal-distance	64	heuristic	1736834001	133434746	5611895	38120233	3.17	81972	2.22	13128	0.79	4392	79.71	39955456	700706	686879	13827	0
hprcv2-25k	HG02015_mat_hprc_r2_v1.0.1.merged	edit-distance	128	heuristic	1736834001	154490136	7076638	44267205	3.01	86584	2.57	17164	1.06	4432	32.2	17132576	700706	679671	21035	0
hprcv2-25k	HG02015_mat_hprc_r2_v1.0.1.merged	edit-distance	16	heuristic	1736834001	375260115	33508617	112112807	3.49	88728	5.35	13308	3.58	4868	33.29	9798456	700706	700273	433	0
hprcv2-25k	HG02015_mat_hprc_r2_v1.0.1.merged	edit-distance	256	heuristic	1736834001	132210746	4628631	37388639	2.88	86444	2.23	17064	0.82	4500	49.52	16696540	700706	666723	33983	0
hprcv2-25k	HG02015_mat_hprc_r2_v1.0.1.merged	edit-distance	32	heuristic	1736834001	261594291	19200801	76087700	3.12	85416	3.95	13156	2.28	4784	24.81	11965232	700706	699673	1033	0
hprcv2-25k	HG02015_mat_hprc_r2_v1.0.1.merged	edit-distance	64	heuristic	1736834001	193409825	11360120	55654682	3.11	84156	3.05	13196	1.5	4532	26.96	13869992	700706	696330	4376	0
hprcv2-25k	HG02015_pat_hprc_r2_v1.0.1.merged	diagonal-distance	16	heuristic	1808133029	200138387	13315432	61173797	3.31	84588	3.2	13884	1.51	4608	48.6	29546736	784430	783072	1358	0
hprcv2-25k	HG02015_pat_hprc_r2_v1.0.1.merged	diagonal-distance	32	heuristic	1808133029	166751868	8715594	49231468	3.13	81544	2.76	11788	1.11	4604	71.29	38231668	784430	780672	3758	0
hprcv2-25k	HG02015_pat_hprc_r2_v1.0.1.merged	diagonal-distance	64	heuristic	1808133029	147504207	6091281	42286318	3.22	81732	2.46	13832	0.86	4504	121.07	54033708	784430	770134	14296	0
hprcv2-25k	HG02015_pat_hprc_r2_v1.0.1.merged	edit-distance	128	heuristic	1808133029	168743771	7526688	48545914	3.13	81388	2.79	11652	1.15	4600	33.61	17763216	784430	762746	21684	0
hprcv2-25k	HG02015_pat_hprc_r2_v1.0.1.merged	edit-distance	16	heuristic	1808133029	398357339	35018051	119477974	3.74	90544	5.73	13892	3.8	4584	33.41	9058544	784430	784015	415	0
hprcv2-25k	HG02015_pat_hprc_r2_v1.0.1.merged	edit-distance	256	heuristic	1808133029	145560637	4981040	41393611	3.4	82412	2.5	13748	0.88	4520	51.18	15820720	784430	748917	35513	0
hprcv2-25k	HG02015_pat_hprc_r2_v1.0.1.merged	edit-distance	32	heuristic	1808133029	280385710	20145281	81795194	3.39	83900	4.24	11852	2.45	4656	25.92	9829228	784430	783307	1123	0
hprcv2-25k	HG02015_pat_hprc_r2_v1.0.1.merged	edit-distance	64	heuristic	1808133029	209436534	11988824	60422066	3.14	82364	3.32	11596	1.69	4736	28.56	13865236	784430	779760	4670	0
hprcv2-25k	HG02027_mat_hprc_r2_v1.0.1.merged	diagonal-distance	16	heuristic	2185058989	226112246	15791956	69632654	3.77	89688	3.61	18448	1.77	4596	109.94	46820140	843220	841628	1592	0
hprcv2-25k	HG02027_mat_hprc_r2_v1.0.1.merged	diagonal-distance	32	heuristic	2185058989	185807152	10244051	55210606	3.71	81464	3.06	12256	1.28	4728	112.6	48384308	843220	838594	4626	0
hprcv2-25k	HG02027_mat_hprc_r2_v1.0.1.merged	diagonal-distance	64	heuristic	2185058989	162580785	7082767	46836464	3.87	81240	2.73	12244	0.97	4624	119.36	47800840	843220	825539	17681	0
hprcv2-25k	HG02027_mat_hprc_r2_v1.0.1.merged	edit-distance	128	heuristic	2185058989	189239819	8929912	54559361	3.9	83308	3.14	14360	1.32	4736	39.89	15652152	843220	817097	26123	0
hprcv2-25k	HG02027_mat_hprc_r2_v1.0.1.merged	edit-distance	16	heuristic	2185058989	468382242	42357051	140374056	4.4	90856	6.67	14488	4.63	4868	38.68	9639272	843220	842683	537	0
hprcv2-25k	HG02027_mat_hprc_r2_v1.0.1.merged	edit-distance	256	heuristic	2185058989	161226394	5866011	45954200	3.89	83876	2.76	14376	1	4788	61.91	16814616	843220	801320	41900	0
hprcv2-25k	HG02027_mat_hprc_r2_v1.0.1.merged	edit-distance	32	heuristic	2185058989	324893714	24281320	94845160	3.98	91556	4.88	18420	2.91	4688	30.63	12243300	843220	841878	1342	0
hprcv2-25k	HG02027_mat_hprc_r2_v1.0.1.merged	edit-distance	64	heuristic	2185058989	238647847	14349407	68954015	3.48	89192	3.79	14368	1.88	4688	33.81	15717228	843220	837655	5565	0
hprcv2-25k	HG02027_pat_hprc_r2_v1.0.1.merged	diagonal-distance	16	heuristic	1762066176	188486617	13346943	58391273	3.04	80420	3.01	11016	1.47	4544	51.29	30703644	688235	686823	1412	0
hprcv2-25k	HG02027_pat_hprc_r2_v1.0.1.merged	diagonal-distance	32	heuristic	1762066176	154866145	8705731	46355952	3.14	79544	2.55	11024	1.08	4592	79.25	42017252	688235	684206	4029	0
hprcv2-25k	HG02027_pat_hprc_r2_v1.0.1.merged	diagonal-distance	64	heuristic	1762066176	135421103	6051531	39341395	3.16	78644	2.24	11024	0.82	4524	105.45	48165072	688235	673083	15152	0
hprcv2-25k	HG02027_pat_hprc_r2_v1.0.1.merged	edit-distance	128	heuristic	1762066176	156401156	7446228	45436689	3.21	82232	2.59	12980	1.1	4432	33.07	16632408	688235	665615	22620	0
hprcv2-25k	HG02027_pat_hprc_r2_v1.0.1.merged	edit-distance	16	heuristic	1762066176	383282041	34584748	115649734	3.57	86196	5.56	11148	3.79	4728	31.59	8213820	688235	687770	465	0
hprcv2-25k	HG02027_pat_hprc_r2_v1.0.1.merged	edit-distance	256	heuristic	1762066176	133417141	4936036	38368664	3.09	79544	2.26	10980	0.84	4484	49.82	14792072	688235	652042	36193	0
hprcv2-25k	HG02027_pat_hprc_r2_v1.0.1.merged	edit-distance	32	heuristic	1762066176	266833536	19930655	78392634	3.06	83124	3.99	11084	2.4	4744	25.58	11665056	688235	687081	1154	0
hprcv2-25k	HG02027_pat_hprc_r2_v1.0.1.merged	edit-distance	64	heuristic	1762066176	196802384	11863592	57215073	3.2	86160	3.1	13104	1.57	4760	27.95	14412476	688235	683429	4806	0
hprcv2-25k	HG02040_hap1_hprc_r2_v1.0.1.merged	diagonal-distance	16	heuristic	1672037239	184095336	12452995	56305003	3.06	85952	2.92	16988	1.41	4544	39.26	26890208	708678	707326	1352	0
hprcv2-25k	HG02040_hap1_hprc_r2_v1.0.1.merged	diagonal-distance	32	heuristic	1672037239	152911614	8148526	45144484	3.01	84400	2.5	17132	1.02	4408	45.81	28520628	708678	704854	3824	0
hprcv2-25k	HG02040_hap1_hprc_r2_v1.0.1.merged	diagonal-distance	64	heuristic	1672037239	134830839	5678154	38618949	3	79320	2.22	13076	0.79	4228	71.12	36614304	708678	694423	14255	0
hprcv2-25k	HG02040_hap1_hprc_r2_v1.0.1.merged	edit-distance	128	heuristic	1672037239	154503845	6999916	44378132	3.17	84776	2.57	17132	1.06	4328	30.74	15658684	708678	687035	21643	0
hprcv2-25k	HG02040_hap1_hprc_r2_v1.0.1.merged	edit-distance	16	heuristic	1672037239	368025130	32587537	110370023	3.45	86308	5.34	12864	3.6	4588	29.69	8823620	708678	708253	425	0
hprcv2-25k	HG02040_hap1_hprc_r2_v1.0.1.merged	edit-distance	256	heuristic	1672037239	132967013	4633953	37732930	3.14	80340	2.27	13008	0.81	4204	47.57	15888300	708678	673681	34997	0
hprcv2-25k	HG02040_hap1_hprc_r2_v1.0.1.merged	edit-distance	32	heuristic	1672037239	258396401	18760284	75340072	3.12	83212	3.95	12944	2.29	4524	23.81	11988212	708678	707597	1081	0
hprcv2-25k	HG02040_hap1_hprc_r2_v1.0.1.merged	edit-distance	64	heuristic	1672037239	192405428	11158576	55439982	2.98	80728	3.04	13088	1.48	4272	26.28	14450224	708678	704166	4512	0
hprcv2-25k	HG02040_hap2_hprc_r2_v1.0.1.merged	diagonal-distance	16	heuristic	2258677367	236345634	16640055	73003843	3.97	84484	3.74	14652	1.85	4736	73.41	33965260	879431	877680	1751	0
hprcv2-25k	HG02040_hap2_hprc_r2_v1.0.1.merged	diagonal-distance	32	heuristic	2258677367	194562457	10871187	58045487	3.91	83780	3.19	14488	1.3	4748	96.89	41418988	879431	874429	5002	0
hprcv2-25k	HG02040_hap2_hprc_r2_v1.0.1.merged	diagonal-distance	64	heuristic	2258677367	170403394	7570368	49321900	3.92	82288	2.86	14576	1.03	4756	141.25	48827332	879431	860426	19005	0
hprcv2-25k	HG02040_hap2_hprc_r2_v1.0.1.merged	edit-distance	128	heuristic	2258677367	197505158	9431377	57176783	3.99	87104	3.29	14648	1.38	4692	40.61	18275372	879431	850298	29133	0
hprcv2-25k	HG02040_hap2_hprc_r2_v1.0.1.merged	edit-distance	16	heuristic	2258677367	486207785	44131782	146015012	4.03	90060	6.9	14792	4.81	4760	41.31	9079208	879431	878878	553	0
hprcv2-25k	HG02040_hap2_hprc_r2_v1.0.1.merged	edit-distance	256	heuristic	2258677367	168357907	6226045	48210769	3.98	82652	2.9	14496	1.06	4744	63.12	15793372	879431	831816	47615	0
hprcv2-25k	HG02040_hap2_hprc_r2_v1.0.1.merged	edit-distance	32	heuristic	2258677367	338005217	25400122	98940533	3.99	85904	5.07	14760	3	4720	31.03	11600924	879431	877979	1452	0
hprcv2-25k	HG02040_hap2_hprc_r2_v1.0.1.merged	edit-distance	64	heuristic	2258677367	248650027	15072023	72111164	4	88232	3.94	18736	1.95	4672	34.49	14105316	879431	873509	5922	0
hprcv2-25k	HG02055_mat_hprc_r2_v1.0.1.merged	diagonal-distance	16	heuristic	1900941902	192915797	13653301	59721374	3.15	82264	3.13	15120	1.5	4340	51.53	31057852	708956	707674	1282	0
hprcv2-25k	HG02055_mat_hprc_r2_v1.0.1.merged	diagonal-distance	32	heuristic	1900941902	158217063	8876680	47304446	3.31	82436	2.66	16892	1.08	4272	57.81	32250980	708956	705176	3780	0
hprcv2-25k	HG02055_mat_hprc_r2_v1.0.1.merged	diagonal-distance	64	heuristic	1900941902	138139261	6144545	40054808	3.13	80736	2.3	12984	0.83	4164	86.94	40741008	708956	694350	14606	0
hprcv2-25k	HG02055_mat_hprc_r2_v1.0.1.merged	edit-distance	128	heuristic	1900941902	161301345	7743645	46664409	3.21	85304	2.71	16928	1.12	4292	32.68	14445596	708956	686968	21988	0
hprcv2-25k	HG02055_mat_hprc_r2_v1.0.1.merged	edit-distance	16	heuristic	1900941902	404934871	36782516	121111527	3.62	86484	5.74	13156	4.02	4636	32.45	9423020	708956	708544	412	0
hprcv2-25k	HG02055_mat_hprc_r2_v1.0.1.merged	edit-distance	256	heuristic	1900941902	136970438	5092585	39213977	3.22	84432	2.37	17008	0.86	4352	52.5	16261688	708956	673128	35828	0
hprcv2-25k	HG02055_mat_hprc_r2_v1.0.1.merged	edit-distance	32	heuristic	1900941902	279598941	21053437	81530890	3.34	88092	4.15	17220	2.49	4532	25.08	11430252	708956	707873	1083	0
hprcv2-25k	HG02055_mat_hprc_r2_v1.0.1.merged	edit-distance	64	heuristic	1900941902	204441358	12450225	59144413	3.25	85332	3.2	16964	1.63	4476	27.66	13211168	708956	704526	4430	0
hprcv2-25k	HG02055_pat_hprc_r2_v1.0.1.merged	diagonal-distance	16	heuristic	2225042977	228956614	16626909	71328277	3.88	91308	3.63	18252	1.82	4720	55.81	30048984	823958	822235	1723	0
hprcv2-25k	HG02055_pat_hprc_r2_v1.0.1.merged	diagonal-distance	32	heuristic	2225042977	186432101	10745392	56092735	3.79	88428	3.04	18188	1.3	4484	61.64	30383852	823958	819063	4895	0
hprcv2-25k	HG02055_pat_hprc_r2_v1.0.1.merged	diagonal-distance	64	heuristic	2225042977	161886301	7381797	47206086	3.79	84108	2.67	14120	1	4488	97.75	37468992	823958	805176	18782	0
hprcv2-25k	HG02055_pat_hprc_r2_v1.0.1.merged	edit-distance	128	heuristic	2225042977	188819309	9194829	54779570	3.7	89544	3.13	18260	1.32	4588	38.52	14973264	823958	795357	28601	0
hprcv2-25k	HG02055_pat_hprc_r2_v1.0.1.merged	edit-distance	16	heuristic	2225042977	476606986	43595553	143122700	4.12	91460	6.8	14088	4.75	4612	35.28	10280244	823958	823360	598	0
hprcv2-25k	HG02055_pat_hprc_r2_v1.0.1.merged	edit-distance	256	heuristic	2225042977	159479978	5967218	45731881	3.81	88588	2.72	16156	1.02	4532	61.51	15434708	823958	777887	46071	0
hprcv2-25k	HG02055_pat_hprc_r2_v1.0.1.merged	edit-distance	32	heuristic	2225042977	329188261	25030937	96256720	3.58	92096	4.94	18296	2.97	4756	29.1	12471676	823958	822550	1408	0
hprcv2-25k	HG02055_pat_hprc_r2_v1.0.1.merged	edit-distance	64	heuristic	2225042977	240403546	14819584	69657414	3.71	92408	3.78	18300	1.92	4592	31.78	12195816	823958	818287	5671	0
hprcv2-25k	HG02056_mat_hprc_r2_v1.0.1.merged	diagonal-distance	16	heuristic	2288298617	247576759	16590043	75435743	4.31	85028	4.01	15272	1.88	4736	75.38	33357924	968230	966618	1612	0
hprcv2-25k	HG02056_mat_hprc_r2_v1.0.1.merged	diagonal-distance	32	heuristic	2288298617	205839886	10829374	60500745	4.25	87552	3.43	19368	1.35	4704	86.61	35783080	968230	963352	4878	0
hprcv2-25k	HG02056_mat_hprc_r2_v1.0.1.merged	diagonal-distance	64	heuristic	2288298617	181418118	7487067	51682752	3.88	87204	3.04	19444	1.08	4540	116.62	40950692	968230	949258	18972	0
hprcv2-25k	HG02056_mat_hprc_r2_v1.0.1.merged	edit-distance	128	heuristic	2288298617	208717162	9366462	59671102	4.35	83768	3.46	15376	1.42	4604	41.52	17431972	968230	938477	29753	0
hprcv2-25k	HG02056_mat_hprc_r2_v1.0.1.merged	edit-distance	16	heuristic	2288298617	499549996	44441710	149345518	4.49	90132	7.26	15472	4.88	4700	40.65	8991196	968230	967714	516	0
hprcv2-25k	HG02056_mat_hprc_r2_v1.0.1.merged	edit-distance	256	heuristic	2288298617	179220543	6113263	50580847	4.28	82888	3.06	13160	1.11	4356	64.38	15593896	968230	919211	49019	0
hprcv2-25k	HG02056_mat_hprc_r2_v1.0.1.merged	edit-distance	32	heuristic	2288298617	350325431	25523077	101893147	4.03	86788	5.35	15332	3.05	4680	31.48	11825940	968230	966906	1324	0
hprcv2-25k	HG02056_mat_hprc_r2_v1.0.1.merged	edit-distance	64	heuristic	2288298617	260337419	15081404	74781291	4.2	88136	4.17	19376	2.04	4852	34.68	14575200	968230	962538	5692	0
hprcv2-25k	HG02056_pat_hprc_r2_v1.0.1.merged	diagonal-distance	16	heuristic	2020895135	220637918	15179481	67920810	3.46	85500	3.55	14284	1.76	4656	54.21	30341100	840716	839199	1517	0
hprcv2-25k	HG02056_pat_hprc_r2_v1.0.1.merged	diagonal-distance	32	heuristic	2020895135	182829325	9958895	54392456	3.65	83468	3.03	14356	1.24	4572	65.58	33136080	840716	836252	4464	0
hprcv2-25k	HG02056_pat_hprc_r2_v1.0.1.merged	diagonal-distance	64	heuristic	2020895135	160890135	6956980	46468608	3.73	83808	2.68	14100	0.97	4544	90.98	38616076	840716	823650	17066	0
hprcv2-25k	HG02056_pat_hprc_r2_v1.0.1.merged	edit-distance	128	heuristic	2020895135	184371398	8504924	53299758	3.72	84460	3.09	14172	1.27	4496	36.93	17524020	840716	814648	26068	0
hprcv2-25k	HG02056_pat_hprc_r2_v1.0.1.merged	edit-distance	16	heuristic	2020895135	442432649	39495462	133114512	3.85	94896	6.36	18536	4.34	4676	35.03	8979012	840716	840223	493	0
hprcv2-25k	HG02056_pat_hprc_r2_v1.0.1.merged	edit-distance	256	heuristic	2020895135	158044733	5603228	45147066	3.62	84316	2.7	14232	0.98	4616	57.21	15789016	840716	798201	42515	0
hprcv2-25k	HG02056_pat_hprc_r2_v1.0.1.merged	edit-distance	32	heuristic	2020895135	310147686	22776058	90807868	3.54	91516	4.65	16232	2.73	4688	28.64	9265664	840716	839450	1266	0
hprcv2-25k	HG02056_pat_hprc_r2_v1.0.1.merged	edit-distance	64	heuristic	2020895135	230382380	13576151	66772707	3.48	88972	3.67	18472	1.8	4728	30.84	14706436	840716	835408	5308	0
hprcv2-25k	HG02071_mat_hprc_r2_v1.0.1.merged	diagonal-distance	16	heuristic	2303542856	239872504	17144665	74522823	4.06	83076	3.86	12572	1.88	4724	63.88	30311168	875482	873827	1655	0
hprcv2-25k	HG02071_mat_hprc_r2_v1.0.1.merged	diagonal-distance	32	heuristic	2303542856	196794395	11191049	59093147	4	88240	3.26	16708	1.35	4720	91.56	39303188	875482	870534	4948	0
hprcv2-25k	HG02071_mat_hprc_r2_v1.0.1.merged	diagonal-distance	64	heuristic	2303542856	171935402	7789477	50108708	4.03	81228	2.87	12548	1.06	4556	136.31	51993348	875482	856238	19244	0
hprcv2-25k	HG02071_mat_hprc_r2_v1.0.1.merged	edit-distance	128	heuristic	2303542856	199578220	9670358	58064260	4.12	84708	3.31	14640	1.4	4656	41.98	16536612	875482	847419	28063	0
hprcv2-25k	HG02071_mat_hprc_r2_v1.0.1.merged	edit-distance	16	heuristic	2303542856	494827184	45151042	149114844	4.67	90684	7.26	14736	4.93	4948	43.87	9170944	875482	874913	569	0
hprcv2-25k	HG02071_mat_hprc_r2_v1.0.1.merged	edit-distance	256	heuristic	2303542856	169426705	6343429	48760466	3.89	84232	2.9	14632	1.06	4732	65.37	16907060	875482	829666	45816	0
hprcv2-25k	HG02071_mat_hprc_r2_v1.0.1.merged	edit-distance	32	heuristic	2303542856	343230441	25984652	100804818	3.93	87572	5.14	14576	3.09	4644	32.32	11182704	875482	874148	1334	0
hprcv2-25k	HG02071_mat_hprc_r2_v1.0.1.merged	edit-distance	64	heuristic	2303542856	252002857	15440379	73338484	3.9	85084	4.01	14696	1.99	4776	35.57	14262268	875482	869686	5796	0
hprcv2-25k	HG02071_pat_hprc_r2_v1.0.1.merged	diagonal-distance	16	heuristic	1604059096	168958064	11993306	52366801	2.77	82224	2.72	12356	1.33	4416	93.39	51937164	624873	623658	1215	0
hprcv2-25k	HG02071_pat_hprc_r2_v1.0.1.merged	diagonal-distance	32	heuristic	1604059096	138771605	7805746	41547197	2.77	84540	2.3	10300	0.94	4336	92.57	52085648	624873	621309	3564	0
hprcv2-25k	HG02071_pat_hprc_r2_v1.0.1.merged	diagonal-distance	64	heuristic	1604059096	121246905	5397180	35203557	2.78	80500	2.01	12312	0.74	4260	137.96	61564824	624873	611470	13403	0
hprcv2-25k	HG02071_pat_hprc_r2_v1.0.1.merged	edit-distance	128	heuristic	1604059096	140431803	6710798	40681751	2.92	80884	2.34	10232	0.99	4384	28.88	15924032	624873	605098	19775	0
hprcv2-25k	HG02071_pat_hprc_r2_v1.0.1.merged	edit-distance	16	heuristic	1604059096	346659561	31628944	104209130	3.11	85328	4.97	10244	3.5	4544	27.84	8008936	624873	624487	386	0
hprcv2-25k	HG02071_pat_hprc_r2_v1.0.1.merged	edit-distance	256	heuristic	1604059096	119618591	4411726	34289131	2.77	80104	2.03	10356	0.75	4224	45.57	15776912	624873	592998	31875	0
hprcv2-25k	HG02071_pat_hprc_r2_v1.0.1.merged	edit-distance	32	heuristic	1604059096	241075504	18169917	70479344	2.92	83652	3.62	12288	2.15	4576	21.83	9231004	624873	623853	1020	0
hprcv2-25k	HG02071_pat_hprc_r2_v1.0.1.merged	edit-distance	64	heuristic	1604059096	177211068	10765028	51317401	2.6	81588	2.79	12296	1.39	4428	24.07	13177928	624873	620727	4146	0
hprcv2-25k	HG02074_mat_hprc_r2_v1.0.1.merged	diagonal-distance	16	heuristic	1988744811	212636606	14919231	65765038	3.56	84288	3.44	13960	1.68	4688	70.53	37585500	801162	799594	1568	0
hprcv2-25k	HG02074_mat_hprc_r2_v1.0.1.merged	diagonal-distance	32	heuristic	1988744811	176087336	9846834	52665708	3.59	82960	2.95	11684	1.22	4536	83.94	40770040	801162	796610	4552	0
hprcv2-25k	HG02074_mat_hprc_r2_v1.0.1.merged	diagonal-distance	64	heuristic	1988744811	154520640	6873427	44846318	3.7	86496	2.61	18160	0.94	4524	122.3	49171708	801162	783805	17357	0
hprcv2-25k	HG02074_mat_hprc_r2_v1.0.1.merged	edit-distance	128	heuristic	1988744811	177815662	8442737	51574720	3.56	83020	2.92	13876	1.24	4488	36.46	16891808	801162	775116	26046	0
hprcv2-25k	HG02074_mat_hprc_r2_v1.0.1.merged	edit-distance	16	heuristic	1988744811	431643219	39196936	129831439	3.74	89440	6.15	14152	4.22	4692	37.3	9695292	801162	800616	546	0
hprcv2-25k	HG02074_mat_hprc_r2_v1.0.1.merged	edit-distance	256	heuristic	1988744811	151926864	5556834	43533323	3.53	82812	2.64	14000	0.95	4468	56.71	17088240	801162	758996	42166	0
hprcv2-25k	HG02074_mat_hprc_r2_v1.0.1.merged	edit-distance	32	heuristic	1988744811	301503428	22628281	88445661	3.61	90896	4.58	14120	2.7	4608	28.15	11755488	801162	799826	1336	0
hprcv2-25k	HG02074_mat_hprc_r2_v1.0.1.merged	edit-distance	64	heuristic	1988744811	222936137	13483415	64823165	3.66	83424	3.6	13848	1.78	4748	30.63	14872332	801162	795685	5477	0
hprcv2-25k	HG02074_pat_hprc_r2_v1.0.1.merged	diagonal-distance	16	heuristic	2099550818	234523540	15798471	71781256	3.84	89176	3.82	18952	1.76	4552	58.62	29861772	911266	909598	1668	0
hprcv2-25k	HG02074_pat_hprc_r2_v1.0.1.merged	diagonal-distance	32	heuristic	2099550818	195548082	10419573	57835641	3.93	87820	3.26	18880	1.31	4508	94.05	42602380	911266	906380	4886	0
hprcv2-25k	HG02074_pat_hprc_r2_v1.0.1.merged	diagonal-distance	64	heuristic	2099550818	172913114	7323706	49656459	3.79	83824	2.91	14912	1.03	4364	161.42	57472956	911266	892458	18808	0
hprcv2-25k	HG02074_pat_hprc_r2_v1.0.1.merged	edit-distance	128	heuristic	2099550818	197181874	8927710	56841990	3.68	84388	3.29	14924	1.33	4448	38.78	16674940	911266	882639	28627	0
hprcv2-25k	HG02074_pat_hprc_r2_v1.0.1.merged	edit-distance	16	heuristic	2099550818	464034589	40879104	139415538	4.23	90560	6.69	14856	4.52	4668	42.17	10057344	911266	910723	543	0
hprcv2-25k	HG02074_pat_hprc_r2_v1.0.1.merged	edit-distance	256	heuristic	2099550818	170170833	5952057	48455471	3.86	84148	2.94	14880	1.06	4560	58.55	15736888	911266	864629	46637	0
hprcv2-25k	HG02074_pat_hprc_r2_v1.0.1.merged	edit-distance	32	heuristic	2099550818	327099270	23621798	95605193	3.56	87508	4.94	14972	2.84	4680	29.95	10793976	911266	909869	1397	0
hprcv2-25k	HG02074_pat_hprc_r2_v1.0.1.merged	edit-distance	64	heuristic	2099550818	244653501	14134418	70715273	3.66	85428	3.89	12796	1.89	4584	32.95	15554780	911266	905462	5804	0
hprcv2-25k	HG02080_mat_hprc_r2_v1.0.1.merged	diagonal-distance	16	heuristic	1926167454	201667500	13868738	61799212	3.18	84628	3.21	13644	1.55	4588	80.4	40825808	762319	760980	1339	0
hprcv2-25k	HG02080_mat_hprc_r2_v1.0.1.merged	diagonal-distance	32	heuristic	1926167454	166673076	9049912	49282809	3.34	85900	2.73	17592	1.12	4568	92.92	45814616	762319	758257	4062	0
hprcv2-25k	HG02080_mat_hprc_r2_v1.0.1.merged	diagonal-distance	64	heuristic	1926167454	146371802	6281631	41955697	3.33	83084	2.39	17628	0.88	4508	113.69	50131592	762319	746958	15361	0
hprcv2-25k	HG02080_mat_hprc_r2_v1.0.1.merged	edit-distance	128	heuristic	1926167454	169621494	7877452	48697117	3.39	83884	2.83	17712	1.17	4628	35.49	17881540	762319	738215	24104	0
hprcv2-25k	HG02080_mat_hprc_r2_v1.0.1.merged	edit-distance	16	heuristic	1926167454	414906667	37257384	124157658	3.86	86032	6.05	13696	4.11	4520	32.17	9529768	762319	761845	474	0
hprcv2-25k	HG02080_mat_hprc_r2_v1.0.1.merged	edit-distance	256	heuristic	1926167454	144782869	5149223	41033874	3.28	77580	2.48	11548	0.89	4576	55.27	16142768	762319	722965	39354	0
hprcv2-25k	HG02080_mat_hprc_r2_v1.0.1.merged	edit-distance	32	heuristic	1926167454	288936731	21380062	84138034	3.08	81004	4.3	11660	2.56	4752	27.14	11473312	762319	761139	1180	0
hprcv2-25k	HG02080_mat_hprc_r2_v1.0.1.merged	edit-distance	64	heuristic	1926167454	213059965	12660980	61403135	3.49	78488	3.36	11520	1.68	4656	29.75	14690712	762319	757512	4807	0
hprcv2-25k	HG02080_pat_hprc_r2_v1.0.1.merged	diagonal-distance	16	heuristic	2180798557	232812289	15762325	71207872	3.73	90660	3.86	18852	1.78	4788	66.48	32070200	900224	898641	1583	0
hprcv2-25k	HG02080_pat_hprc_r2_v1.0.1.merged	diagonal-distance	32	heuristic	2180798557	192906746	10267950	56933832	3.87	89444	3.23	18884	1.29	4492	82.46	37320876	900224	895632	4592	0
hprcv2-25k	HG02080_pat_hprc_r2_v1.0.1.merged	diagonal-distance	64	heuristic	2180798557	169842429	7124735	48613773	4	89016	2.87	18844	1.01	4608	128.13	48886724	900224	882898	17326	0
hprcv2-25k	HG02080_pat_hprc_r2_v1.0.1.merged	edit-distance	128	heuristic	2180798557	196003599	8921325	56233745	3.94	85632	3.33	14680	1.35	4544	39.39	17486924	900224	874305	25919	0
hprcv2-25k	HG02080_pat_hprc_r2_v1.0.1.merged	edit-distance	16	heuristic	2180798557	473843395	42256062	141637345	4.33	96020	6.81	18960	4.66	4744	39.45	9084892	900224	899711	513	0
hprcv2-25k	HG02080_pat_hprc_r2_v1.0.1.merged	edit-distance	256	heuristic	2180798557	168105331	5863968	47646903	3.93	90120	2.94	18912	1.03	4488	61.09	15969672	900224	858440	41784	0
hprcv2-25k	HG02080_pat_hprc_r2_v1.0.1.merged	edit-distance	32	heuristic	2180798557	330967770	24247550	96380872	4.02	93116	5.01	18972	2.88	4632	30.14	10963424	900224	898875	1349	0
hprcv2-25k	HG02080_pat_hprc_r2_v1.0.1.merged	edit-distance	64	heuristic	2180798557	245066693	14335097	70598939	4.09	90720	3.98	14696	1.91	4764	32.87	14639476	900224	894898	5326	0
hprcv2-25k	HG02083_mat_hprc_r2_v1.0.1.merged	diagonal-distance	16	heuristic	1799891450	189271674	13148369	58362764	3.21	82160	3.06	11016	1.46	4708	50.58	31872940	712173	710973	1200	0
hprcv2-25k	HG02083_mat_hprc_r2_v1.0.1.merged	diagonal-distance	32	heuristic	1799891450	155972378	8566125	46449561	3.24	81996	2.55	17116	1.06	4376	56.41	31985600	712173	708505	3668	0
hprcv2-25k	HG02083_mat_hprc_r2_v1.0.1.merged	diagonal-distance	64	heuristic	1799891450	136922431	5975796	39586059	3.19	86912	2.29	17132	0.83	4456	78.79	37056364	712173	697795	14378	0
hprcv2-25k	HG02083_mat_hprc_r2_v1.0.1.merged	edit-distance	128	heuristic	1799891450	158497344	7443261	45885985	3.14	89348	2.63	17396	1.1	4524	32.66	15631608	712173	689667	22506	0
hprcv2-25k	HG02083_mat_hprc_r2_v1.0.1.merged	edit-distance	16	heuristic	1799891450	387897857	34896770	116629739	3.41	92992	5.59	17492	3.87	4672	33.07	10405732	712173	711766	407	0
hprcv2-25k	HG02083_mat_hprc_r2_v1.0.1.merged	edit-distance	256	heuristic	1799891450	135362677	4909331	38748162	2.99	86840	2.34	15164	0.85	4532	52.17	15993320	712173	674932	37241	0
hprcv2-25k	HG02083_mat_hprc_r2_v1.0.1.merged	edit-distance	32	heuristic	1799891450	270097313	20048041	79079070	3.16	89220	4.05	17432	2.42	4660	25.56	10339548	712173	711093	1080	0
hprcv2-25k	HG02083_mat_hprc_r2_v1.0.1.merged	edit-distance	64	heuristic	1799891450	199151196	11902225	57766674	3.22	87768	3.16	17348	1.56	4688	27.65	14637504	712173	707768	4405	0
hprcv2-25k	HG02083_pat_hprc_r2_v1.0.1.merged	diagonal-distance	16	heuristic	1853156514	207972656	14126474	63875398	3.51	82716	3.33	13968	1.58	4668	52.29	30487928	803014	801614	1400	0
hprcv2-25k	HG02083_pat_hprc_r2_v1.0.1.merged	diagonal-distance	32	heuristic	1853156514	172880996	9278657	51319490	3.5	81164	2.88	14000	1.16	4528	58.26	31438652	803014	798662	4352	0
hprcv2-25k	HG02083_pat_hprc_r2_v1.0.1.merged	diagonal-distance	64	heuristic	1853156514	152543248	6495792	43975308	3.18	81820	2.52	13996	0.92	4532	87.34	37836776	803014	786319	16695	0
hprcv2-25k	HG02083_pat_hprc_r2_v1.0.1.merged	edit-distance	128	heuristic	1853156514	173883245	7879667	50265903	3.4	81468	2.94	13844	1.2	4544	34.6	17161828	803014	777413	25601	0
hprcv2-25k	HG02083_pat_hprc_r2_v1.0.1.merged	edit-distance	16	heuristic	1853156514	410742989	36268713	123661487	3.4	92536	5.92	16044	3.98	4632	33.8	9465776	803014	802522	492	0
hprcv2-25k	HG02083_pat_hprc_r2_v1.0.1.merged	edit-distance	256	heuristic	1853156514	149813244	5238200	42818268	3.49	81052	2.57	13996	0.93	4600	53.09	17867308	803014	761199	41815	0
hprcv2-25k	HG02083_pat_hprc_r2_v1.0.1.merged	edit-distance	32	heuristic	1853156514	289507229	20980538	84820139	3.19	88684	4.38	17996	2.54	4676	26.81	11049860	803014	801785	1229	0
hprcv2-25k	HG02083_pat_hprc_r2_v1.0.1.merged	edit-distance	64	heuristic	1853156514	216208824	12536389	62676031	3.28	88816	3.47	11868	1.69	4596	29.12	13372076	803014	797941	5073	0
hprcv2-25k	HG02109_mat_hprc_r2_v1.0.1.merged	diagonal-distance	16	heuristic	2715928861	286397957	19314088	87800125	4.95	91412	4.58	20656	2.16	4684	65.17	28068008	1109195	1107370	1825	0
hprcv2-25k	HG02109_mat_hprc_r2_v1.0.1.merged	diagonal-distance	32	heuristic	2715928861	237189655	12560881	70201895	5.01	89272	3.91	20468	1.6	4696	72.48	28596288	1109195	1103842	5353	0
hprcv2-25k	HG02109_mat_hprc_r2_v1.0.1.merged	diagonal-distance	64	heuristic	2715928861	208719655	8695058	59922523	4.63	83072	3.45	14476	1.25	4608	119.12	37049408	1109195	1088829	20366	0
hprcv2-25k	HG02109_mat_hprc_r2_v1.0.1.merged	edit-distance	128	heuristic	2715928861	241608019	10980349	69476377	4.94	89720	4	22660	1.67	4792	46.07	15758672	1109195	1078850	30345	0
hprcv2-25k	HG02109_mat_hprc_r2_v1.0.1.merged	edit-distance	16	heuristic	2715928861	587067105	51981205	175019261	5.25	92736	8.36	16676	5.71	5048	44.46	9355000	1109195	1108632	563	0
hprcv2-25k	HG02109_mat_hprc_r2_v1.0.1.merged	edit-distance	256	heuristic	2715928861	207211935	7228332	58902230	4.83	85152	3.53	20628	1.29	4676	77.36	14938372	1109195	1060511	48684	0
hprcv2-25k	HG02109_mat_hprc_r2_v1.0.1.merged	edit-distance	32	heuristic	2715928861	409225172	29766190	118912566	4.85	91296	6.2	20544	3.62	4632	35.97	11416460	1109195	1107698	1497	0
hprcv2-25k	HG02109_mat_hprc_r2_v1.0.1.merged	edit-distance	64	heuristic	2715928861	302591117	17594851	87097487	4.96	91112	4.78	20576	2.33	4752	39.07	13651608	1109195	1102914	6281	0
hprcv2-25k	HG02109_pat_hprc_r2_v1.0.1.merged	diagonal-distance	16	heuristic	2544663619	253351135	18478195	79070426	4.24	91460	4.13	18944	2.05	4588	63.47	31539672	906700	904767	1933	0
hprcv2-25k	HG02109_pat_hprc_r2_v1.0.1.merged	diagonal-distance	32	heuristic	2544663619	206075629	11947464	62135140	4.1	90368	3.46	18828	1.42	4612	73.48	31736620	906700	901189	5511	0
hprcv2-25k	HG02109_pat_hprc_r2_v1.0.1.merged	diagonal-distance	64	heuristic	2544663619	178765106	8215011	52262179	4.13	89112	3	18924	1.12	4512	108.97	38389280	906700	886176	20524	0
hprcv2-25k	HG02109_pat_hprc_r2_v1.0.1.merged	edit-distance	128	heuristic	2544663619	209883763	10371111	61025685	4.16	90100	3.47	18980	1.49	4592	43.02	15901752	906700	875418	31282	0
hprcv2-25k	HG02109_pat_hprc_r2_v1.0.1.merged	edit-distance	16	heuristic	2544663619	536649966	49534300	160918998	5	90788	7.56	19036	5.28	4964	39.25	10201824	906700	906108	592	0
hprcv2-25k	HG02109_pat_hprc_r2_v1.0.1.merged	edit-distance	256	heuristic	2544663619	176957563	6756903	50924291	4.41	88856	3.01	18964	1.13	4456	69.73	17967872	906700	855685	51015	0
hprcv2-25k	HG02109_pat_hprc_r2_v1.0.1.merged	edit-distance	32	heuristic	2544663619	369151008	28393770	107980516	4.22	87656	5.47	12836	3.33	4792	32.65	11396376	906700	905129	1571	0
hprcv2-25k	HG02109_pat_hprc_r2_v1.0.1.merged	edit-distance	64	heuristic	2544663619	268057048	16746774	77829760	4.19	84064	4.22	12764	2.17	4836	35.71	13689952	906700	900200	6500	0
hprcv2-25k	HG02129_mat_hprc_r2_v1.0.1.merged	diagonal-distance	16	heuristic	2333837655	250612510	17019982	76570306	4.23	89756	4.03	21468	1.92	4612	58.41	26665284	960210	958543	1667	0
hprcv2-25k	HG02129_mat_hprc_r2_v1.0.1.merged	diagonal-distance	32	heuristic	2333837655	207908189	11130472	61288338	4.29	87120	3.43	21176	1.39	4752	66.77	28540824	960210	955413	4797	0
hprcv2-25k	HG02129_mat_hprc_r2_v1.0.1.merged	diagonal-distance	64	heuristic	2333837655	183141572	7745961	52342428	4.22	88368	3.04	19316	1.11	4628	100.71	36801744	960210	942027	18183	0
hprcv2-25k	HG02129_mat_hprc_r2_v1.0.1.merged	edit-distance	128	heuristic	2333837655	210988479	9655773	60481891	4.4	88116	3.57	17420	1.49	4688	42.31	16730416	960210	932838	27372	0
hprcv2-25k	HG02129_mat_hprc_r2_v1.0.1.merged	edit-distance	16	heuristic	2333837655	508005187	45310767	151852675	4.75	94732	7.23	19596	4.93	4944	42.43	9532012	960210	959626	584	0
hprcv2-25k	HG02129_mat_hprc_r2_v1.0.1.merged	edit-distance	256	heuristic	2333837655	180982654	6352828	51229362	4.18	88304	3.09	19432	1.1	4776	65.16	16443816	960210	915428	44782	0
hprcv2-25k	HG02129_mat_hprc_r2_v1.0.1.merged	edit-distance	32	heuristic	2333837655	355302798	26036642	103369966	4.3	91952	5.37	17496	3.09	4796	32.28	11517488	960210	958807	1403	0
hprcv2-25k	HG02129_mat_hprc_r2_v1.0.1.merged	edit-distance	64	heuristic	2333837655	263548461	15445877	75813221	4.24	88820	4.22	15388	2.04	4644	35.53	13843728	960210	954463	5747	0
hprcv2-25k	HG02129_pat_hprc_r2_v1.0.1.merged	diagonal-distance	16	heuristic	2147336880	231144599	15725018	70664321	3.83	89668	3.71	14684	1.79	4600	70.82	35446976	882840	881153	1687	0
hprcv2-25k	HG02129_pat_hprc_r2_v1.0.1.merged	diagonal-distance	32	heuristic	2147336880	191510045	10267383	56500010	3.79	87708	3.17	18684	1.27	4576	114.52	47647324	882840	877914	4926	0
hprcv2-25k	HG02129_pat_hprc_r2_v1.0.1.merged	diagonal-distance	64	heuristic	2147336880	168561394	7136127	48221810	3.81	86936	2.82	18572	1	4520	154.04	56144688	882840	863924	18916	0
hprcv2-25k	HG02129_pat_hprc_r2_v1.0.1.merged	edit-distance	128	heuristic	2147336880	194088929	8874931	55671061	3.81	87844	3.22	18796	1.34	4564	39.02	17864000	882840	854309	28531	0
hprcv2-25k	HG02129_pat_hprc_r2_v1.0.1.merged	edit-distance	16	heuristic	2147336880	468113760	41698158	140202942	4.32	94616	6.8	18836	4.57	4744	38.76	9045824	882840	882295	545	0
hprcv2-25k	HG02129_pat_hprc_r2_v1.0.1.merged	edit-distance	256	heuristic	2147336880	166178626	5795313	47020150	3.87	87360	2.81	18676	1.01	4432	60.42	16085320	882840	836676	46164	0
hprcv2-25k	HG02129_pat_hprc_r2_v1.0.1.merged	edit-distance	32	heuristic	2147336880	327453770	23949404	95319226	3.72	91340	4.95	18596	2.87	4600	29.89	10200976	882840	881460	1380	0
hprcv2-25k	HG02129_pat_hprc_r2_v1.0.1.merged	edit-distance	64	heuristic	2147336880	242728786	14207067	69846361	3.8	85204	3.88	18816	1.9	4832	32.88	14953012	882840	876973	5867	0
hprcv2-25k	HG02132_mat_hprc_r2_v1.0.1.merged	diagonal-distance	16	heuristic	1573905071	166748859	11378068	51328482	2.82	81120	2.77	12444	1.28	4312	39.85	28138516	642591	641446	1145	0
hprcv2-25k	HG02132_mat_hprc_r2_v1.0.1.merged	diagonal-distance	32	heuristic	1573905071	137914730	7416087	41015386	2.97	83484	2.29	14500	0.92	4196	44.41	28568088	642591	639296	3295	0
hprcv2-25k	HG02132_mat_hprc_r2_v1.0.1.merged	diagonal-distance	64	heuristic	1573905071	121132941	5131554	34960619	2.84	82768	2.03	16444	0.72	4204	69.16	36827592	642591	630065	12526	0
hprcv2-25k	HG02132_mat_hprc_r2_v1.0.1.merged	edit-distance	128	heuristic	1573905071	140102115	6426461	40476715	2.95	83632	2.37	12292	0.96	4336	29.3	16597172	642591	623646	18945	0
hprcv2-25k	HG02132_mat_hprc_r2_v1.0.1.merged	edit-distance	16	heuristic	1573905071	340814953	30380097	102237546	3.09	85812	4.89	12588	3.33	4596	30.11	10045196	642591	642200	391	0
hprcv2-25k	HG02132_mat_hprc_r2_v1.0.1.merged	edit-distance	256	heuristic	1573905071	119911489	4224210	34275184	2.83	79304	2.09	12412	0.73	4244	45.43	16396292	642591	611835	30756	0
hprcv2-25k	HG02132_mat_hprc_r2_v1.0.1.merged	edit-distance	32	heuristic	1573905071	237648976	17429400	69459267	2.77	82496	3.58	12480	2.09	4568	22.31	10952776	642591	641655	936	0
hprcv2-25k	HG02132_mat_hprc_r2_v1.0.1.merged	edit-distance	64	heuristic	1573905071	175648334	10316900	50844541	2.69	84344	2.78	16444	1.37	4428	24.63	13674436	642591	638586	4005	0
hprcv2-25k	HG02132_pat_hprc_r2_v1.0.1.merged	diagonal-distance	16	heuristic	2179431854	239072677	16567666	73621093	3.71	86184	3.87	14776	1.85	4620	65.06	32582796	901474	899719	1755	0
hprcv2-25k	HG02132_pat_hprc_r2_v1.0.1.merged	diagonal-distance	32	heuristic	2179431854	197647253	10833380	58781947	3.73	87884	3.26	14864	1.33	4532	88.57	38602844	901474	896536	4938	0
hprcv2-25k	HG02132_pat_hprc_r2_v1.0.1.merged	diagonal-distance	64	heuristic	2179431854	173653512	7543679	50108823	3.83	84652	2.91	14840	1.06	4756	121.64	43899124	901474	882386	19088	0
hprcv2-25k	HG02132_pat_hprc_r2_v1.0.1.merged	edit-distance	128	heuristic	2179431854	199096809	9221181	57491246	3.96	89160	3.3	18936	1.39	4528	39.77	16220968	901474	872782	28692	0
hprcv2-25k	HG02132_pat_hprc_r2_v1.0.1.merged	edit-distance	16	heuristic	2179431854	478673927	42731954	143881981	4.44	95840	6.96	19060	4.69	4920	41.09	9366152	901474	900888	586	0
hprcv2-25k	HG02132_pat_hprc_r2_v1.0.1.merged	edit-distance	256	heuristic	2179431854	170703066	6099917	48720218	3.92	88616	2.9	19000	1.06	4672	61.35	16618580	901474	855385	46089	0
hprcv2-25k	HG02132_pat_hprc_r2_v1.0.1.merged	edit-distance	32	heuristic	2179431854	335407170	24655691	98082712	3.95	92332	5.07	19000	2.95	4692	30.39	11650308	901474	900033	1441	0
hprcv2-25k	HG02132_pat_hprc_r2_v1.0.1.merged	edit-distance	64	heuristic	2179431854	249009562	14702449	72050497	3.77	83324	3.95	12736	1.93	4552	33.42	14484080	901474	895547	5927	0
hprcv2-25k	HG02135_mat_hprc_r2_v1.0.1.merged	diagonal-distance	16	heuristic	2100717205	220003989	15216441	67678977	3.47	85696	3.62	14108	1.71	4548	75.45	36316104	827543	826078	1465	0
hprcv2-25k	HG02135_mat_hprc_r2_v1.0.1.merged	diagonal-distance	32	heuristic	2100717205	181598339	9922865	53934395	3.47	88908	3.05	18136	1.23	4552	93.01	41795568	827543	823182	4361	0
hprcv2-25k	HG02135_mat_hprc_r2_v1.0.1.merged	diagonal-distance	64	heuristic	2100717205	159355544	6886303	45903663	3.26	87648	2.65	18260	0.96	4508	121.83	49682428	827543	810728	16815	0
hprcv2-25k	HG02135_mat_hprc_r2_v1.0.1.merged	edit-distance	128	heuristic	2100717205	184852630	8644411	53254140	3.47	88168	3.07	18356	1.29	4592	38.64	18257296	827543	802544	24999	0
hprcv2-25k	HG02135_mat_hprc_r2_v1.0.1.merged	edit-distance	16	heuristic	2100717205	453084530	40874863	135828758	3.96	91628	6.49	12328	4.48	4676	39.75	10354840	827543	827069	474	0
hprcv2-25k	HG02135_mat_hprc_r2_v1.0.1.merged	edit-distance	256	heuristic	2100717205	157605230	5644769	44847279	3.81	88332	2.66	18164	0.99	4452	60.08	16626196	827543	787170	40373	0
hprcv2-25k	HG02135_mat_hprc_r2_v1.0.1.merged	edit-distance	32	heuristic	2100717205	315167012	23458178	92054902	3.71	87376	4.74	14300	2.76	4716	29.35	11108228	827543	826329	1214	0
hprcv2-25k	HG02135_mat_hprc_r2_v1.0.1.merged	edit-distance	64	heuristic	2100717205	232298135	13884101	67144944	3.33	85984	3.7	16172	1.83	4672	32.36	15013324	827543	822280	5263	0
hprcv2-25k	HG02135_pat_hprc_r2_v1.0.1.merged	diagonal-distance	16	heuristic	2029552622	218099630	15227417	67239630	3.55	83636	3.57	14144	1.71	4800	58.43	30670052	813443	811936	1507	0
hprcv2-25k	HG02135_pat_hprc_r2_v1.0.1.merged	diagonal-distance	32	heuristic	2029552622	179932122	9960143	53576304	3.53	86616	2.99	18232	1.22	4568	80.74	36475536	813443	808995	4448	0
hprcv2-25k	HG02135_pat_hprc_r2_v1.0.1.merged	diagonal-distance	64	heuristic	2029552622	157971705	6962616	45648333	3.61	87752	2.66	20144	0.96	4504	110.05	42885272	813443	796555	16888	0
hprcv2-25k	HG02135_pat_hprc_r2_v1.0.1.merged	edit-distance	128	heuristic	2029552622	181919570	8568719	52647623	3.67	82564	3	14132	1.28	4456	37.67	16036412	813443	788337	25106	0
hprcv2-25k	HG02135_pat_hprc_r2_v1.0.1.merged	edit-distance	16	heuristic	2029552622	441274576	39612127	132863984	4.04	93180	6.35	18360	4.35	4640	40.54	10386776	813443	812950	493	0
hprcv2-25k	HG02135_pat_hprc_r2_v1.0.1.merged	edit-distance	256	heuristic	2029552622	155541820	5670842	44502621	3.5	82376	2.65	14156	0.98	4508	57.61	15798288	813443	772686	40757	0
hprcv2-25k	HG02135_pat_hprc_r2_v1.0.1.merged	edit-distance	32	heuristic	2029552622	308259876	22842182	90277156	3.57	89876	4.71	18228	2.76	4748	29.14	10997692	813443	812206	1237	0
hprcv2-25k	HG02135_pat_hprc_r2_v1.0.1.merged	edit-distance	64	heuristic	2029552622	228073752	13613295	66085021	3.74	83672	3.61	12088	1.8	4700	31.59	14901368	813443	808265	5178	0
hprcv2-25k	HG02145_mat_hprc_r2_v1.0.1.merged	diagonal-distance	16	heuristic	2422241768	246249234	17174159	76125931	4.22	92992	3.92	19132	1.95	4676	68.9	34483424	920452	918831	1621	0
hprcv2-25k	HG02145_mat_hprc_r2_v1.0.1.merged	diagonal-distance	32	heuristic	2422241768	202065521	11092873	60310601	4.26	90808	3.34	19064	1.37	4768	110.87	47666484	920452	915670	4782	0
hprcv2-25k	HG02145_mat_hprc_r2_v1.0.1.merged	diagonal-distance	64	heuristic	2422241768	176799447	7661040	51191604	4.08	90416	2.98	21060	1.07	4576	137.62	51636272	920452	901822	18630	0
hprcv2-25k	HG02145_mat_hprc_r2_v1.0.1.merged	edit-distance	128	heuristic	2422241768	206566059	9745759	59708618	4.26	90836	3.43	19060	1.43	4760	40.88	15415528	920452	892550	27902	0
hprcv2-25k	HG02145_mat_hprc_r2_v1.0.1.merged	edit-distance	16	heuristic	2422241768	515581948	46567449	154101742	4.4	93784	7.3	15092	5.11	4676	40.11	10006460	920452	919886	566	0
hprcv2-25k	HG02145_mat_hprc_r2_v1.0.1.merged	edit-distance	256	heuristic	2422241768	175712863	6379395	50263089	4.14	91152	3.01	21112	1.08	4508	65.48	14534144	920452	874851	45601	0
hprcv2-25k	HG02145_mat_hprc_r2_v1.0.1.merged	edit-distance	32	heuristic	2422241768	356732128	26639033	103975753	4.19	94908	5.31	19060	3.18	4720	30.85	11742832	920452	919090	1362	0
hprcv2-25k	HG02145_mat_hprc_r2_v1.0.1.merged	edit-distance	64	heuristic	2422241768	261266079	15694779	75500714	4.35	92344	4.14	19016	2.06	4668	34.13	13767804	920452	914792	5660	0
hprcv2-25k	HG02145_pat_hprc_r2_v1.0.1.merged	diagonal-distance	16	heuristic	1798738096	184128929	13158009	57250703	3.06	89764	2.97	17060	1.46	4724	88.22	47019172	675048	673682	1366	0
hprcv2-25k	HG02145_pat_hprc_r2_v1.0.1.merged	diagonal-distance	32	heuristic	1798738096	150852786	8563950	45337442	3.16	88428	2.49	16968	1.05	4412	91.78	48137420	675048	671374	3674	0
hprcv2-25k	HG02145_pat_hprc_r2_v1.0.1.merged	diagonal-distance	64	heuristic	1798738096	131499063	5918546	38338358	2.99	87804	2.19	17020	0.81	4616	117.08	53006916	675048	660678	14370	0
hprcv2-25k	HG02145_pat_hprc_r2_v1.0.1.merged	edit-distance	128	heuristic	1798738096	153130367	7390590	44477669	2.98	88484	2.54	17040	1.09	4504	31.13	14121552	675048	653644	21404	0
hprcv2-25k	HG02145_pat_hprc_r2_v1.0.1.merged	edit-distance	16	heuristic	1798738096	383571263	34931524	115115100	3.33	94304	5.4	15024	3.83	4720	30.25	9696344	675048	674616	432	0
hprcv2-25k	HG02145_pat_hprc_r2_v1.0.1.merged	edit-distance	256	heuristic	1798738096	129734299	4824282	37277619	3.03	83112	2.24	12928	0.82	4648	50.07	16284084	675048	640352	34696	0
hprcv2-25k	HG02145_pat_hprc_r2_v1.0.1.merged	edit-distance	32	heuristic	1798738096	265272395	20043890	77609376	3.12	91428	3.99	16992	2.4	4740	23.83	12783760	675048	673936	1112	0
hprcv2-25k	HG02145_pat_hprc_r2_v1.0.1.merged	edit-distance	64	heuristic	1798738096	194255294	11876743	56349589	3.09	90132	3.06	16932	1.54	4444	25.94	14319672	675048	670543	4505	0
hprcv2-25k	HG02148_mat_hprc_r2_v1.0.1.merged	diagonal-distance	16	heuristic	1797313187	187911333	13043800	57838163	3.2	85580	2.99	13172	1.45	4644	49.45	29048492	704994	703640	1354	0
hprcv2-25k	HG02148_mat_hprc_r2_v1.0.1.merged	diagonal-distance	32	heuristic	1797313187	154969325	8499968	46043331	3.08	86676	2.53	17272	1.07	4508	58.34	32243180	704994	701000	3994	0
hprcv2-25k	HG02148_mat_hprc_r2_v1.0.1.merged	diagonal-distance	64	heuristic	1797313187	135848976	5887358	39137129	3.03	85384	2.25	17288	0.82	4428	80.5	37966504	704994	690295	14699	0
hprcv2-25k	HG02148_mat_hprc_r2_v1.0.1.merged	edit-distance	128	heuristic	1797313187	157718603	7395311	45441447	3.28	86748	2.64	17292	1.09	4448	32.81	15945824	704994	682916	22078	0
hprcv2-25k	HG02148_mat_hprc_r2_v1.0.1.merged	edit-distance	16	heuristic	1797313187	387637634	35001968	116194152	3.66	87028	5.52	13308	3.8	4596	34.7	10289300	704994	704556	438	0
hprcv2-25k	HG02148_mat_hprc_r2_v1.0.1.merged	edit-distance	256	heuristic	1797313187	134342301	4821085	38229866	3.13	85968	2.29	19192	0.84	4500	52.26	15979516	704994	669806	35188	0
hprcv2-25k	HG02148_mat_hprc_r2_v1.0.1.merged	edit-distance	32	heuristic	1797313187	269388442	20079744	78663645	3.1	90348	4	17388	2.45	4648	25.38	13671912	704994	703849	1145	0
hprcv2-25k	HG02148_mat_hprc_r2_v1.0.1.merged	edit-distance	64	heuristic	1797313187	198388691	11890647	57357109	2.86	87220	3.11	17268	1.56	4736	27.61	14240508	704994	700187	4807	0
hprcv2-25k	HG02148_pat_hprc_r2_v1.0.1.merged	diagonal-distance	16	heuristic	2157614977	227038424	15361247	69435233	3.88	85244	3.67	12424	1.75	4744	63.71	30768368	871274	869744	1530	0
hprcv2-25k	HG02148_pat_hprc_r2_v1.0.1.merged	diagonal-distance	32	heuristic	2157614977	187883037	9988113	55446753	3.57	84348	3.13	14416	1.24	4488	98.83	43416220	871274	866809	4465	0
hprcv2-25k	HG02148_pat_hprc_r2_v1.0.1.merged	diagonal-distance	64	heuristic	2157614977	165387157	6936741	47350032	3.8	83024	2.78	14588	0.99	4528	131.95	51931016	871274	853999	17275	0
hprcv2-25k	HG02148_pat_hprc_r2_v1.0.1.merged	edit-distance	128	heuristic	2157614977	191635501	8764842	55074628	3.69	88528	3.18	18516	1.3	4584	39.52	16785524	871274	845504	25770	0
hprcv2-25k	HG02148_pat_hprc_r2_v1.0.1.merged	edit-distance	16	heuristic	2157614977	465994176	41493755	139371426	4.28	94504	6.68	18532	4.52	4744	41.92	13376752	871274	870771	503	0
hprcv2-25k	HG02148_pat_hprc_r2_v1.0.1.merged	edit-distance	256	heuristic	2157614977	164224586	5775488	46655299	3.82	88216	2.83	14492	1.01	4504	60.9	15687588	871274	829246	42028	0
hprcv2-25k	HG02148_pat_hprc_r2_v1.0.1.merged	edit-distance	32	heuristic	2157614977	324683511	23765767	94586394	3.91	85944	4.87	12652	2.86	4612	31.04	15089228	871274	869977	1297	0
hprcv2-25k	HG02148_pat_hprc_r2_v1.0.1.merged	edit-distance	64	heuristic	2157614977	239987101	14052939	69185946	3.92	84724	3.79	12568	1.87	4680	33.44	13320104	871274	865949	5325	0
hprcv2-25k	HG02155_hap1_hprc_r2_v1.0.1.merged	diagonal-distance	16	heuristic	1898116633	197994973	13640651	60902414	3.42	84560	3.22	13452	1.53	4836	51.13	30223356	749644	748263	1381	0
hprcv2-25k	HG02155_hap1_hprc_r2_v1.0.1.merged	diagonal-distance	32	heuristic	1898116633	164014811	8964673	48747832	3.15	83096	2.7	13396	1.13	4564	59.81	31704996	749644	745576	4068	0
hprcv2-25k	HG02155_hap1_hprc_r2_v1.0.1.merged	diagonal-distance	64	heuristic	1898116633	144148783	6257185	41575965	3.25	80904	2.42	13476	0.87	4540	85.36	39636392	749644	733616	16028	0
hprcv2-25k	HG02155_hap1_hprc_r2_v1.0.1.merged	edit-distance	128	heuristic	1898116633	166829756	7810734	48183269	3.36	87096	2.77	17628	1.16	4448	34.95	17238272	749644	725533	24111	0
hprcv2-25k	HG02155_hap1_hprc_r2_v1.0.1.merged	edit-distance	16	heuristic	1898116633	407594526	36659253	122294723	3.84	90848	5.84	13464	4.06	4664	33.52	9610104	749644	749173	471	0
hprcv2-25k	HG02155_hap1_hprc_r2_v1.0.1.merged	edit-distance	256	heuristic	1898116633	142408573	5126913	40641341	3.27	82884	2.44	13336	0.89	4456	53.95	16818972	749644	710102	39542	0
hprcv2-25k	HG02155_hap1_hprc_r2_v1.0.1.merged	edit-distance	32	heuristic	1898116633	283846675	21057809	82967097	3.24	90656	4.23	17544	2.5	4800	26.9	11006596	749644	748467	1177	0
hprcv2-25k	HG02155_hap1_hprc_r2_v1.0.1.merged	edit-distance	64	heuristic	1898116633	209475953	12504795	60660383	3.4	88112	3.33	17528	1.66	4564	28.96	14445888	749644	744776	4868	0
hprcv2-25k	HG02155_hap2_hprc_r2_v1.0.1.merged	diagonal-distance	16	heuristic	1766544470	183251705	13084589	56781232	2.92	82580	2.98	12744	1.45	4376	47.28	29025312	667404	666087	1317	0
hprcv2-25k	HG02155_hap2_hprc_r2_v1.0.1.merged	diagonal-distance	32	heuristic	1766544470	150794739	8596872	45149648	2.87	81196	2.5	12560	1.07	4380	53.84	30977180	667404	663603	3801	0
hprcv2-25k	HG02155_hap2_hprc_r2_v1.0.1.merged	diagonal-distance	64	heuristic	1766544470	131512181	5953597	38173320	2.94	80756	2.2	12588	0.8	4228	76.92	37363212	667404	652990	14414	0
hprcv2-25k	HG02155_hap2_hprc_r2_v1.0.1.merged	edit-distance	128	heuristic	1766544470	152564857	7369254	44187757	2.84	81392	2.51	12712	1.07	4432	32.73	17349412	667404	645806	21598	0
hprcv2-25k	HG02155_hap2_hprc_r2_v1.0.1.merged	edit-distance	16	heuristic	1766544470	378990043	34634698	113952849	3.36	87196	5.52	12668	3.74	4612	27.74	8682052	667404	666955	449	0
hprcv2-25k	HG02155_hap2_hprc_r2_v1.0.1.merged	edit-distance	256	heuristic	1766544470	129348619	4802294	37009483	2.94	81236	2.21	12628	0.81	4392	50.86	16044548	667404	632502	34902	0
hprcv2-25k	HG02155_hap2_hprc_r2_v1.0.1.merged	edit-distance	32	heuristic	1766544470	262866479	19926509	77005914	3.07	88464	3.92	14752	2.36	4620	25.13	10936820	667404	666320	1084	0
hprcv2-25k	HG02155_hap2_hprc_r2_v1.0.1.merged	edit-distance	64	heuristic	1766544470	192875575	11833508	55976234	2.87	80292	3.04	10744	1.51	4528	27.66	13732876	667404	662822	4582	0
hprcv2-25k	HG02165_hap1_hprc_r2_v1.0.1.merged	diagonal-distance	16	heuristic	2066739459	214950322	14839968	66303055	3.69	85520	3.48	14180	1.67	4740	146.4	59230012	817000	815445	1555	0
hprcv2-25k	HG02165_hap1_hprc_r2_v1.0.1.merged	diagonal-distance	32	heuristic	2066739459	177346755	9670441	52851832	3.66	83264	2.95	14088	1.21	4504	138.84	57873512	817000	812365	4635	0
hprcv2-25k	HG02165_hap1_hprc_r2_v1.0.1.merged	diagonal-distance	64	heuristic	2066739459	155338687	6675289	44914807	3.69	87348	2.63	18232	0.95	4576	156.5	59870644	817000	799555	17445	0
hprcv2-25k	HG02165_hap1_hprc_r2_v1.0.1.merged	edit-distance	128	heuristic	2066739459	180451273	8392523	52181956	3.75	87928	3.07	18276	1.24	4564	38.33	16848968	817000	791142	25858	0
hprcv2-25k	HG02165_hap1_hprc_r2_v1.0.1.merged	edit-distance	16	heuristic	2066739459	444751347	39979806	133460093	4.02	90564	6.51	18180	4.33	4728	38.69	9435252	817000	816485	515	0
hprcv2-25k	HG02165_hap1_hprc_r2_v1.0.1.merged	edit-distance	256	heuristic	2066739459	153684113	5462689	43948246	3.72	87028	2.62	18148	0.96	4520	58.75	15971028	817000	775572	41428	0
hprcv2-25k	HG02165_hap1_hprc_r2_v1.0.1.merged	edit-distance	32	heuristic	2066739459	308650437	22892122	90316555	3.66	90604	4.66	18332	2.73	4728	29.58	10983216	817000	815703	1297	0
hprcv2-25k	HG02165_hap1_hprc_r2_v1.0.1.merged	edit-distance	64	heuristic	2066739459	227273637	13529683	65856397	3.53	88896	3.63	18312	1.79	4668	32.01	14589032	817000	811495	5505	0
hprcv2-25k	HG02165_hap2_hprc_r2_v1.0.1.merged	diagonal-distance	16	heuristic	2188613991	230315476	15843006	70825319	3.8	85732	3.76	14648	1.78	4748	56.31	28659652	875360	873740	1620	0
hprcv2-25k	HG02165_hap2_hprc_r2_v1.0.1.merged	diagonal-distance	32	heuristic	2188613991	190182872	10324643	56472735	3.87	83740	3.17	14692	1.29	4688	65.83	32772552	875360	870629	4731	0
hprcv2-25k	HG02165_hap2_hprc_r2_v1.0.1.merged	diagonal-distance	64	heuristic	2188613991	166713560	7128678	48005733	3.61	83224	2.79	20624	1	4712	103.25	41203264	875360	857509	17851	0
hprcv2-25k	HG02165_hap2_hprc_r2_v1.0.1.merged	edit-distance	128	heuristic	2188613991	193200900	8933849	55711220	3.93	83344	3.23	14612	1.34	4660	40.54	16040336	875360	848404	26956	0
hprcv2-25k	HG02165_hap2_hprc_r2_v1.0.1.merged	edit-distance	16	heuristic	2188613991	473092070	42435762	141844236	4.26	95164	6.83	18736	4.63	4728	38.53	10301892	875360	874826	534	0
hprcv2-25k	HG02165_hap2_hprc_r2_v1.0.1.merged	edit-distance	256	heuristic	2188613991	164888326	5836758	46992139	3.78	83228	2.87	14672	1.03	4632	63.07	17382136	875360	831495	43865	0
hprcv2-25k	HG02165_hap2_hprc_r2_v1.0.1.merged	edit-distance	32	heuristic	2188613991	329214198	24332709	96184879	3.78	87120	4.92	14644	2.92	4676	31.13	11272988	875360	873997	1363	0
hprcv2-25k	HG02165_hap2_hprc_r2_v1.0.1.merged	edit-distance	64	heuristic	2188613991	242762853	14387381	70220935	3.87	84732	3.88	14620	1.88	4796	33.67	15808240	875360	869724	5636	0
hprcv2-25k	HG02178_hap1_hprc_r2_v1.0.1.merged	diagonal-distance	16	heuristic	2378263859	243710599	17562031	75784595	4.16	90668	3.91	18704	1.91	4604	113.87	42951136	878435	876679	1756	0
hprcv2-25k	HG02178_hap1_hprc_r2_v1.0.1.merged	diagonal-distance	32	heuristic	2378263859	199764380	11473881	60036137	4.14	88392	3.28	18600	1.37	4784	135.21	49991084	878435	873321	5114	0
hprcv2-25k	HG02178_hap1_hprc_r2_v1.0.1.merged	diagonal-distance	64	heuristic	2378263859	174448726	8002283	50884601	4.1	84364	2.9	14668	1.08	4380	284.65	72598604	878435	858856	19579	0
hprcv2-25k	HG02178_hap1_hprc_r2_v1.0.1.merged	edit-distance	128	heuristic	2378263859	202871362	9947430	59014504	4.09	84704	3.36	14612	1.4	4592	42.19	18108392	878435	849306	29129	0
hprcv2-25k	HG02178_hap1_hprc_r2_v1.0.1.merged	edit-distance	16	heuristic	2378263859	506490040	46617526	152543286	4.67	95616	7.24	18904	5.05	4700	45.54	9102092	878435	877859	576	0
hprcv2-25k	HG02178_hap1_hprc_r2_v1.0.1.merged	edit-distance	256	heuristic	2378263859	171959298	6529382	49485362	3.69	85016	2.94	18600	1.12	4572	66.72	15484452	878435	831675	46760	0
hprcv2-25k	HG02178_hap1_hprc_r2_v1.0.1.merged	edit-distance	32	heuristic	2378263859	350839919	26830598	102977667	4.02	88660	5.3	14752	3.16	4684	32.81	11457880	878435	876949	1486	0
hprcv2-25k	HG02178_hap1_hprc_r2_v1.0.1.merged	edit-distance	64	heuristic	2378263859	256939829	15927238	74759065	4.08	86200	4.08	14676	2.04	4792	35.81	15430184	878435	872397	6038	0
hprcv2-25k	HG02178_hap2_hprc_r2_v1.0.1.merged	diagonal-distance	16	heuristic	1870021719	193967725	13708559	60223380	3.14	82312	3.11	11220	1.53	4676	67.1	32415836	714878	713568	1310	0
hprcv2-25k	HG02178_hap2_hprc_r2_v1.0.1.merged	diagonal-distance	32	heuristic	1870021719	158894397	8890029	47681946	3.24	82976	2.62	13192	1.11	4532	89.8	36540840	714878	710846	4032	0
hprcv2-25k	HG02178_hap2_hprc_r2_v1.0.1.merged	diagonal-distance	64	heuristic	1870021719	138693410	6147137	40403766	3.26	82724	2.31	13148	0.85	4508	123.91	41725736	714878	699405	15473	0
hprcv2-25k	HG02178_hap2_hprc_r2_v1.0.1.merged	edit-distance	128	heuristic	1870021719	161489708	7703421	47020983	3.15	80848	2.7	11204	1.14	4580	34.84	17772332	714878	691507	23371	0
hprcv2-25k	HG02178_hap2_hprc_r2_v1.0.1.merged	edit-distance	16	heuristic	1870021719	401691988	36325355	121009314	3.65	88836	5.83	13440	3.95	4664	32.44	9580280	714878	714445	433	0
hprcv2-25k	HG02178_hap2_hprc_r2_v1.0.1.merged	edit-distance	256	heuristic	1870021719	137284013	5072353	39598426	3.2	80332	2.37	11224	0.87	4576	54.4	16561140	714878	677454	37424	0
hprcv2-25k	HG02178_hap2_hprc_r2_v1.0.1.merged	edit-distance	32	heuristic	1870021719	278320314	20847376	81734007	3.31	84244	4.17	11224	2.5	4676	26.5	10303088	714878	713759	1119	0
hprcv2-25k	HG02178_hap2_hprc_r2_v1.0.1.merged	edit-distance	64	heuristic	1870021719	204088932	12344475	59427666	3.28	81692	3.25	11048	1.57	4704	28.81	14640048	714878	710074	4804	0
hprcv2-25k	HG02257_mat_hprc_r2_v1.1.0.merged	diagonal-distance	16	heuristic	1432699946	147619192	10203101	45440165	2.47	81332	2.37	11688	1.13	4424	34.48	25989428	553184	552245	939	0
hprcv2-25k	HG02257_mat_hprc_r2_v1.1.0.merged	diagonal-distance	32	heuristic	1432699946	121527368	6624067	36112525	2.45	80364	2.04	11576	0.81	4308	55.68	31009944	553184	550455	2729	0
hprcv2-25k	HG02257_mat_hprc_r2_v1.1.0.merged	diagonal-distance	64	heuristic	1432699946	106627456	4604418	30740735	2.58	79324	1.78	11592	0.65	4356	103.25	41697008	553184	542958	10226	0
hprcv2-25k	HG02257_mat_hprc_r2_v1.1.0.merged	edit-distance	128	heuristic	1432699946	123993762	5806976	35747381	2.49	80164	2.07	11464	0.86	4284	25.69	14557972	553184	537843	15341	0
hprcv2-25k	HG02257_mat_hprc_r2_v1.1.0.merged	edit-distance	16	heuristic	1432699946	306511235	27465767	91499830	2.92	86352	4.35	9736	3.04	4496	21.93	7758240	553184	552869	315	0
hprcv2-25k	HG02257_mat_hprc_r2_v1.1.0.merged	edit-distance	256	heuristic	1432699946	105818862	3826935	30168370	2.5	83476	1.8	15676	0.71	4172	41.4	16174812	553184	528160	25024	0
hprcv2-25k	HG02257_mat_hprc_r2_v1.1.0.merged	edit-distance	32	heuristic	1432699946	212560095	15734524	61874878	2.45	86968	3.15	11844	1.88	4604	19.51	11033500	553184	552369	815	0
hprcv2-25k	HG02257_mat_hprc_r2_v1.1.0.merged	edit-distance	64	heuristic	1432699946	156243864	9305885	45074069	2.45	80828	2.47	11808	1.22	4376	42.35	11898872	553184	550010	3174	0
hprcv2-25k	HG02257_pat_hprc_r2_v1.1.0.merged	diagonal-distance	16	heuristic	2098459449	219552975	15109827	67351330	3.58	90364	3.53	14212	1.71	4668	51.67	31673680	829967	828385	1582	0
hprcv2-25k	HG02257_pat_hprc_r2_v1.1.0.merged	diagonal-distance	32	heuristic	2098459449	181208615	9820756	53610540	3.77	85416	2.99	12108	1.22	4532	56.09	29447696	829967	825348	4619	0
hprcv2-25k	HG02257_pat_hprc_r2_v1.1.0.merged	diagonal-distance	64	heuristic	2098459449	159031817	6800678	45598857	3.63	84592	2.65	14092	0.94	4448	87.5	36506052	829967	812307	17660	0
hprcv2-25k	HG02257_pat_hprc_r2_v1.1.0.merged	edit-distance	128	heuristic	2098459449	184512081	8577615	52973886	3.61	85224	3.05	14192	1.29	4364	35.69	14200388	829967	803355	26612	0
hprcv2-25k	HG02257_pat_hprc_r2_v1.1.0.merged	edit-distance	16	heuristic	2098459449	452198861	40535038	134748072	4.16	91192	6.45	14168	4.47	4768	36.58	9513296	829967	829453	514	0
hprcv2-25k	HG02257_pat_hprc_r2_v1.1.0.merged	edit-distance	256	heuristic	2098459449	157620435	5629066	44690890	3.83	84620	2.68	14120	0.97	4488	57.83	16974800	829967	787075	42892	0
hprcv2-25k	HG02257_pat_hprc_r2_v1.1.0.merged	edit-distance	32	heuristic	2098459449	314417918	23231026	91310613	3.8	88380	4.69	14096	2.79	4760	26.9	10261036	829967	828613	1354	0
hprcv2-25k	HG02257_pat_hprc_r2_v1.1.0.merged	edit-distance	64	heuristic	2098459449	231841633	13749287	66673111	3.8	86296	3.71	13924	1.9	4708	29.75	12866216	829967	824434	5533	0
hprcv2-25k	HG02258_mat_hprc_r2_v1.0.1.merged	diagonal-distance	16	heuristic	1890776730	191328278	13254220	59188473	3.29	83920	3.08	13112	1.49	4468	46.73	29534992	725185	723965	1220	0
hprcv2-25k	HG02258_mat_hprc_r2_v1.0.1.merged	diagonal-distance	32	heuristic	1890776730	157524728	8618616	47101272	3.31	81528	2.59	12992	1.07	4480	56.56	32997836	725185	721534	3651	0
hprcv2-25k	HG02258_mat_hprc_r2_v1.0.1.merged	diagonal-distance	64	heuristic	1890776730	137816167	5943057	39986737	3.17	81268	2.31	13100	0.84	4332	80.78	38160336	725185	711000	14185	0
hprcv2-25k	HG02258_mat_hprc_r2_v1.0.1.merged	edit-distance	128	heuristic	1890776730	161099009	7576071	46663011	3.31	81604	2.69	13108	1.11	4496	32.74	16899000	725185	703741	21444	0
hprcv2-25k	HG02258_mat_hprc_r2_v1.0.1.merged	edit-distance	16	heuristic	1890776730	401807518	36141761	120132269	3.6	87876	5.76	13208	3.95	4656	33.17	8279540	725185	724802	383	0
hprcv2-25k	HG02258_mat_hprc_r2_v1.0.1.merged	edit-distance	256	heuristic	1890776730	137047658	4952521	39281990	3.27	80836	2.39	13200	0.86	4232	52.83	16045628	725185	690615	34570	0
hprcv2-25k	HG02258_mat_hprc_r2_v1.0.1.merged	edit-distance	32	heuristic	1890776730	277859361	20651982	81045775	3.4	89500	4.14	17364	2.48	4464	24.91	9864680	725185	724219	966	0
hprcv2-25k	HG02258_mat_hprc_r2_v1.0.1.merged	edit-distance	64	heuristic	1890776730	203590555	12182591	58922095	3.22	83452	3.46	13008	1.59	4388	27.31	13384552	725185	720871	4314	0
hprcv2-25k	HG02258_pat_hprc_r2_v1.0.1.merged	diagonal-distance	16	heuristic	2263639241	235559407	16616543	72776628	4.01	90016	3.75	18708	1.82	4592	64.75	33421136	870183	868453	1730	0
hprcv2-25k	HG02258_pat_hprc_r2_v1.0.1.merged	diagonal-distance	32	heuristic	2263639241	193129064	10747698	57584417	4.1	89040	3.18	14564	1.33	4440	72.27	33388912	870183	865158	5025	0
hprcv2-25k	HG02258_pat_hprc_r2_v1.0.1.merged	diagonal-distance	64	heuristic	2263639241	168470301	7367081	48649360	4.08	83876	2.81	14380	1.03	4576	102.01	38787952	870183	850500	19683	0
hprcv2-25k	HG02258_pat_hprc_r2_v1.0.1.merged	edit-distance	128	heuristic	2263639241	195727647	9213385	56367980	4.06	88416	3.3	18644	1.36	4500	38.92	15994184	870183	840683	29500	0
hprcv2-25k	HG02258_pat_hprc_r2_v1.0.1.merged	edit-distance	16	heuristic	2263639241	487049176	44053740	145701052	4.19	91588	6.94	14564	4.81	4648	36.02	10015732	870183	869665	518	0
hprcv2-25k	HG02258_pat_hprc_r2_v1.0.1.merged	edit-distance	256	heuristic	2263639241	166162153	5962108	47248196	3.94	92296	2.85	18612	1.04	4604	64.25	16534296	870183	822834	47349	0
hprcv2-25k	HG02258_pat_hprc_r2_v1.0.1.merged	edit-distance	32	heuristic	2263639241	337916954	25251116	98318739	3.58	88420	5.04	18668	2.97	4540	29.38	12365788	870183	868783	1400	0
hprcv2-25k	HG02258_pat_hprc_r2_v1.0.1.merged	edit-distance	64	heuristic	2263639241	247820153	14911584	71424286	3.98	89952	3.89	18476	1.97	4692	32.02	12190532	870183	864166	6017	0
hprcv2-25k	HG02273_hap1_hprc_r2_v1.0.1.merged	diagonal-distance	16	heuristic	2227023528	240580847	15746009	73042671	3.99	85956	3.94	15216	1.82	4768	54.01	27376476	958141	956583	1558	0
hprcv2-25k	HG02273_hap1_hprc_r2_v1.0.1.merged	diagonal-distance	32	heuristic	2227023528	201130397	10335078	58949392	4.27	89500	3.35	19352	1.32	4600	64.7	29692116	958141	953647	4494	0
hprcv2-25k	HG02273_hap1_hprc_r2_v1.0.1.merged	diagonal-distance	64	heuristic	2227023528	178089287	7200648	50643785	4.23	88808	2.99	19220	1.05	4656	96.89	36593120	958141	941064	17077	0
hprcv2-25k	HG02273_hap1_hprc_r2_v1.0.1.merged	edit-distance	128	heuristic	2227023528	204822398	9070850	58587344	4.24	88784	3.46	19348	1.38	4684	40.78	14011488	958141	932714	25427	0
hprcv2-25k	HG02273_hap1_hprc_r2_v1.0.1.merged	edit-distance	16	heuristic	2227023528	486085218	42711104	145075998	4.74	91720	7.06	15328	4.73	4748	39.46	10489708	958141	957655	486	0
hprcv2-25k	HG02273_hap1_hprc_r2_v1.0.1.merged	edit-distance	256	heuristic	2227023528	176643021	5974584	49887084	4	84724	3.02	19368	1.08	4432	62.76	15482972	958141	916934	41207	0
hprcv2-25k	HG02273_hap1_hprc_r2_v1.0.1.merged	edit-distance	32	heuristic	2227023528	341108602	24484774	99123168	4.29	92576	5.16	19348	2.97	4684	31.9	13706724	958141	956864	1277	0
hprcv2-25k	HG02273_hap1_hprc_r2_v1.0.1.merged	edit-distance	64	heuristic	2227023528	254307576	14497603	73038240	4.22	90452	4.09	19312	1.95	4688	34.74	14665000	958141	952835	5306	0
hprcv2-25k	HG02273_hap2_hprc_r2_v1.0.1.merged	diagonal-distance	16	heuristic	1481783321	155389557	10818442	47892640	2.51	87948	2.49	16004	1.21	4416	39.61	28506108	577101	575887	1214	0
hprcv2-25k	HG02273_hap2_hprc_r2_v1.0.1.merged	diagonal-distance	32	heuristic	1481783321	127495147	6988891	37923072	2.59	82784	2.11	11848	0.87	4428	58.74	39119276	577101	573640	3461	0
hprcv2-25k	HG02273_hap2_hprc_r2_v1.0.1.merged	diagonal-distance	64	heuristic	1481783321	111580066	4831569	32200048	2.4	80128	1.87	11804	0.68	4220	89.21	49996712	577101	563821	13280	0
hprcv2-25k	HG02273_hap2_hprc_r2_v1.0.1.merged	edit-distance	128	heuristic	1481783321	129845275	6088124	37540237	2.51	84548	2.16	16112	0.92	4320	28.23	15462308	577101	557202	19899	0
hprcv2-25k	HG02273_hap2_hprc_r2_v1.0.1.merged	edit-distance	16	heuristic	1481783321	320325031	28733476	96273822	2.72	90204	4.62	16164	3.14	4772	28.42	10068920	577101	576695	406	0
hprcv2-25k	HG02273_hap2_hprc_r2_v1.0.1.merged	edit-distance	256	heuristic	1481783321	110724240	4013069	31673492	2.63	84152	1.9	16036	0.7	4288	42.74	16292332	577101	545259	31842	0
hprcv2-25k	HG02273_hap2_hprc_r2_v1.0.1.merged	edit-distance	32	heuristic	1481783321	222354344	16473153	65057988	2.62	87220	3.33	16156	1.97	4528	21.77	13024392	577101	576115	986	0
hprcv2-25k	HG02273_hap2_hprc_r2_v1.0.1.merged	edit-distance	64	heuristic	1481783321	163483566	9742296	47343661	2.52	81640	2.59	12036	1.3	4376	24.09	15555404	577101	573002	4099	0
hprcv2-25k	HG02280_mat_hprc_r2_v1.0.1.merged	diagonal-distance	16	heuristic	2242585465	221751744	16011244	68967720	3.57	89652	3.55	18008	1.77	4576	63.45	32596844	787318	785789	1529	0
hprcv2-25k	HG02280_mat_hprc_r2_v1.0.1.merged	diagonal-distance	32	heuristic	2242585465	180581801	10359790	54241399	3.75	88188	3.01	17940	1.23	4516	71.47	34142140	787318	783028	4290	0
hprcv2-25k	HG02280_mat_hprc_r2_v1.0.1.merged	diagonal-distance	64	heuristic	2242585465	157085478	7177362	45766817	3.78	88152	2.63	17912	0.96	4508	98.18	38780208	787318	770744	16574	0
hprcv2-25k	HG02280_mat_hprc_r2_v1.0.1.merged	edit-distance	128	heuristic	2242585465	184699440	9095369	53627681	3.53	88400	3.04	18060	1.31	4440	38.44	16700192	787318	762363	24955	0
hprcv2-25k	HG02280_mat_hprc_r2_v1.0.1.merged	edit-distance	16	heuristic	2242585465	471808594	43129633	141242429	4.25	95052	6.64	18024	4.65	4568	39.25	9261612	787318	786832	486	0
hprcv2-25k	HG02280_mat_hprc_r2_v1.0.1.merged	edit-distance	256	heuristic	2242585465	156057619	5985258	44872224	3.54	87764	2.67	17852	1	4456	60.85	14924624	787318	747052	40266	0
hprcv2-25k	HG02280_mat_hprc_r2_v1.0.1.merged	edit-distance	32	heuristic	2242585465	324212120	24686008	94630267	3.78	91556	4.81	17664	2.93	4688	29.57	11645744	787318	786092	1226	0
hprcv2-25k	HG02280_mat_hprc_r2_v1.0.1.merged	edit-distance	64	heuristic	2242585465	235531568	14587812	68246374	3.73	89608	3.69	17892	1.89	4684	32.34	13927676	787318	782095	5223	0
hprcv2-25k	HG02280_pat_hprc_r2_v1.0.1.merged	diagonal-distance	16	heuristic	2802848722	285429396	19858269	87848146	5.08	87756	4.71	13980	2.24	4556	143.53	49776936	1068844	1067058	1786	0
hprcv2-25k	HG02280_pat_hprc_r2_v1.0.1.merged	diagonal-distance	32	heuristic	2802848722	234559523	12839533	69620674	4.96	84520	3.85	14136	1.59	4704	143.1	49498660	1068844	1063383	5461	0
hprcv2-25k	HG02280_pat_hprc_r2_v1.0.1.merged	diagonal-distance	64	heuristic	2802848722	205549359	8891114	59143457	4.93	90376	3.4	20304	1.24	4768	149.92	49254720	1068844	1047738	21106	0
hprcv2-25k	HG02280_pat_hprc_r2_v1.0.1.merged	edit-distance	128	heuristic	2802848722	239885782	11313792	68950480	5.03	90228	3.94	20160	1.68	4620	46.52	14146384	1068844	1036593	32251	0
hprcv2-25k	HG02280_pat_hprc_r2_v1.0.1.merged	edit-distance	16	heuristic	2802848722	596356886	54006787	177766671	5.5	97672	8.47	16252	5.83	4960	45.44	10265088	1068844	1068233	611	0
hprcv2-25k	HG02280_pat_hprc_r2_v1.0.1.merged	edit-distance	256	heuristic	2802848722	204088556	7386298	57970942	4.98	85704	3.5	16236	1.27	4676	76.29	17324544	1068844	1016626	52218	0
hprcv2-25k	HG02280_pat_hprc_r2_v1.0.1.merged	edit-distance	32	heuristic	2802848722	413069142	30898897	119976173	4.93	94076	6.17	20340	3.63	4544	35.32	13014028	1068844	1067282	1562	0
hprcv2-25k	HG02280_pat_hprc_r2_v1.0.1.merged	edit-distance	64	heuristic	2802848722	303139067	18232150	87205893	4.76	95580	4.76	22200	2.36	4700	38.82	13792740	1068844	1062293	6551	0
hprcv2-25k	HG02293_mat_hprc_r2_v1.0.1.merged	diagonal-distance	16	heuristic	1456759911	151127976	10776829	46740110	2.59	77508	2.44	9648	1.19	4484	49.71	35215512	549442	548353	1089	0
hprcv2-25k	HG02293_mat_hprc_r2_v1.0.1.merged	diagonal-distance	32	heuristic	1456759911	123334772	6939984	36782367	2.58	75952	2.04	9548	0.84	4292	59.78	41574616	549442	546308	3134	0
hprcv2-25k	HG02293_mat_hprc_r2_v1.0.1.merged	diagonal-distance	64	heuristic	1456759911	107416138	4765978	31038273	2.51	74776	1.78	9636	0.66	4360	85.18	49464584	549442	537595	11847	0
hprcv2-25k	HG02293_mat_hprc_r2_v1.0.1.merged	edit-distance	128	heuristic	1456759911	125465374	6017435	36223681	2.45	82072	2.06	15796	0.89	4156	27.65	16938592	549442	531847	17595	0
hprcv2-25k	HG02293_mat_hprc_r2_v1.0.1.merged	edit-distance	16	heuristic	1456759911	313840567	28689079	94381373	2.84	87928	4.46	15948	3.13	4580	28.73	10287892	549442	549082	360	0
hprcv2-25k	HG02293_mat_hprc_r2_v1.0.1.merged	edit-distance	256	heuristic	1456759911	106385401	3928049	30377135	2.47	81312	1.82	17812	0.68	4256	42.02	15077280	549442	521059	28383	0
hprcv2-25k	HG02293_mat_hprc_r2_v1.0.1.merged	edit-distance	32	heuristic	1456759911	217156888	16434785	63525638	2.47	78980	3.24	9608	1.94	4424	20.71	12391764	549442	548580	862	0
hprcv2-25k	HG02293_mat_hprc_r2_v1.0.1.merged	edit-distance	64	heuristic	1456759911	158862165	9693236	45967292	2.45	76676	2.49	9772	1.28	4432	23.24	16638412	549442	545708	3734	0
hprcv2-25k	HG02293_pat_hprc_r2_v1.0.1.merged	diagonal-distance	16	heuristic	1419772581	147955874	10273995	45462255	2.47	83064	2.37	15884	1.16	4344	37.71	28629828	549686	548700	986	0
hprcv2-25k	HG02293_pat_hprc_r2_v1.0.1.merged	diagonal-distance	32	heuristic	1419772581	121781367	6682290	36103365	2.37	82160	2.01	15788	0.82	4356	45.26	30713732	549686	546705	2981	0
hprcv2-25k	HG02293_pat_hprc_r2_v1.0.1.merged	diagonal-distance	64	heuristic	1419772581	106575940	4617769	30626071	2.46	80944	1.76	15776	0.64	4316	64.67	35597340	549686	538693	10993	0
hprcv2-25k	HG02293_pat_hprc_r2_v1.0.1.merged	edit-distance	128	heuristic	1419772581	123881796	5803210	35658740	2.54	82224	2.05	15632	0.87	4332	26.98	16159504	549686	533090	16596	0
hprcv2-25k	HG02293_pat_hprc_r2_v1.0.1.merged	edit-distance	16	heuristic	1419772581	305762532	27472923	91717594	2.87	81496	4.41	11772	3.02	4616	29.13	10092272	549686	549361	325	0
hprcv2-25k	HG02293_pat_hprc_r2_v1.0.1.merged	edit-distance	256	heuristic	1419772581	105546678	3799778	30012024	2.46	81024	1.81	15856	0.65	4268	43.21	17929292	549686	523029	26657	0
hprcv2-25k	HG02293_pat_hprc_r2_v1.0.1.merged	edit-distance	32	heuristic	1419772581	212201293	15750367	61952826	2.48	82976	3.19	15876	1.93	4376	21.19	13455376	549686	548856	830	0
hprcv2-25k	HG02293_pat_hprc_r2_v1.0.1.merged	edit-distance	64	heuristic	1419772581	156086488	9317476	45054348	2.5	82668	2.47	15656	1.22	4412	23.13	13385924	549686	546157	3529	0
hprcv2-25k	HG02300_mat_hprc_r2_v1.0.1.merged	diagonal-distance	16	heuristic	2375427953	248296099	16882350	76123733	4.15	90552	3.99	19400	1.9	4764	66.42	28222444	950600	948775	1825	0
hprcv2-25k	HG02300_mat_hprc_r2_v1.0.1.merged	diagonal-distance	32	heuristic	2375427953	205039843	10949172	60665081	4.17	88632	3.39	21328	1.4	4552	81.09	30212024	950600	945525	5075	0
hprcv2-25k	HG02300_mat_hprc_r2_v1.0.1.merged	diagonal-distance	64	heuristic	2375427953	180099155	7568062	51693299	4	82532	3.07	13280	1.08	4692	123	35586536	950600	931391	19209	0
hprcv2-25k	HG02300_mat_hprc_r2_v1.0.1.merged	edit-distance	128	heuristic	2375427953	209164529	9586933	60177444	4.37	85292	3.47	15208	1.47	4676	42.9	17165304	950600	922023	28577	0
hprcv2-25k	HG02300_mat_hprc_r2_v1.0.1.merged	edit-distance	16	heuristic	2375427953	512003414	45631748	153256780	4.64	95340	7.3	17440	5	4880	47.13	9089292	950600	950065	535	0
hprcv2-25k	HG02300_mat_hprc_r2_v1.0.1.merged	edit-distance	256	heuristic	2375427953	178953823	6305450	50919515	4.3	84440	3.06	15064	1.12	4756	67	16805208	950600	904998	45602	0
hprcv2-25k	HG02300_mat_hprc_r2_v1.0.1.merged	edit-distance	32	heuristic	2375427953	356114388	26104165	103789115	4.39	92500	5.28	15212	3.14	4756	33.57	14579648	950600	949154	1446	0
hprcv2-25k	HG02300_mat_hprc_r2_v1.0.1.merged	edit-distance	64	heuristic	2375427953	262619295	15405118	75734119	4.25	85064	4.13	15152	2.05	4604	36.2	14356452	950600	944499	6101	0
hprcv2-25k	HG02300_pat_hprc_r2_v1.0.1.merged	diagonal-distance	16	heuristic	2074636769	216136985	15143993	66705446	3.69	87640	3.45	11940	1.68	4660	56.39	30610492	801436	799815	1621	0
hprcv2-25k	HG02300_pat_hprc_r2_v1.0.1.merged	diagonal-distance	32	heuristic	2074636769	178113980	9901577	53094155	3.57	80040	2.93	11800	1.21	4448	87.64	41217892	801436	796828	4608	0
hprcv2-25k	HG02300_pat_hprc_r2_v1.0.1.merged	diagonal-distance	64	heuristic	2074636769	155964160	6876057	45091349	3.51	79328	2.57	11880	0.95	4432	121.04	47986196	801436	784226	17210	0
hprcv2-25k	HG02300_pat_hprc_r2_v1.0.1.merged	edit-distance	128	heuristic	2074636769	181085416	8600139	52347988	3.73	85612	3	18032	1.27	4488	37.63	15865972	801436	775517	25919	0
hprcv2-25k	HG02300_pat_hprc_r2_v1.0.1.merged	edit-distance	16	heuristic	2074636769	446543275	40388962	133934598	3.9	86552	6.37	11916	4.41	4676	38.17	9499472	801436	800885	551	0
hprcv2-25k	HG02300_pat_hprc_r2_v1.0.1.merged	edit-distance	256	heuristic	2074636769	154302459	5660887	44104159	3.58	86048	2.63	13744	0.96	4564	60.96	17493452	801436	759274	42162	0
hprcv2-25k	HG02300_pat_hprc_r2_v1.0.1.merged	edit-distance	32	heuristic	2074636769	309978300	23198355	90634930	3.62	89856	4.65	13972	2.74	4656	29.08	11801936	801436	800065	1371	0
hprcv2-25k	HG02300_pat_hprc_r2_v1.0.1.merged	edit-distance	64	heuristic	2074636769	228025677	13759818	66034856	3.8	87404	3.6	17948	1.8	4756	31.61	14556332	801436	796054	5382	0
hprcv2-25k	HG02391_hap1_hprc_r2_v1.0.1.merged	diagonal-distance	16	heuristic	1523830626	164788332	11463885	50931131	2.73	78500	2.64	10252	1.27	4472	51.94	35775068	618987	617750	1237	0
hprcv2-25k	HG02391_hap1_hprc_r2_v1.0.1.merged	diagonal-distance	32	heuristic	1523830626	135678093	7455678	40524125	2.76	79720	2.26	16356	0.92	4328	63.5	39240324	618987	615405	3582	0
hprcv2-25k	HG02391_hap1_hprc_r2_v1.0.1.merged	diagonal-distance	64	heuristic	1523830626	119105470	5198528	34551926	2.7	81272	1.97	18360	0.73	4256	78.32	41975348	618987	605505	13482	0
hprcv2-25k	HG02391_hap1_hprc_r2_v1.0.1.merged	edit-distance	128	heuristic	1523830626	137242408	6407076	39874853	2.58	84904	2.28	18396	0.96	4420	29.16	16877852	618987	598802	20185	0
hprcv2-25k	HG02391_hap1_hprc_r2_v1.0.1.merged	edit-distance	16	heuristic	1523830626	332965455	29709330	100384417	2.97	83448	4.8	12456	3.25	4560	27.92	8984556	618987	618557	430	0
hprcv2-25k	HG02391_hap1_hprc_r2_v1.0.1.merged	edit-distance	256	heuristic	1523830626	117476248	4248067	33771175	2.68	79420	2.05	10300	0.73	4180	44.66	17109624	618987	586425	32562	0
hprcv2-25k	HG02391_hap1_hprc_r2_v1.0.1.merged	edit-distance	32	heuristic	1523830626	232399820	17112156	68240990	2.69	85480	3.49	16512	2.13	4508	22.24	11119172	618987	617910	1077	0
hprcv2-25k	HG02391_hap1_hprc_r2_v1.0.1.merged	edit-distance	64	heuristic	1523830626	172013142	10192234	50012276	2.75	84468	2.73	16468	1.35	4468	24.66	15034228	618987	614714	4273	0
hprcv2-25k	HG02391_hap2_hprc_r2_v1.0.1.merged	diagonal-distance	16	heuristic	1630239822	168210391	11713149	51948952	2.73	81748	2.67	16464	1.31	4404	45.6	29998672	631042	629894	1148	0
hprcv2-25k	HG02391_hap2_hprc_r2_v1.0.1.merged	diagonal-distance	32	heuristic	1630239822	138474376	7631260	41315776	2.72	84516	2.3	16480	0.93	4348	54.35	33546292	631042	627756	3286	0
hprcv2-25k	HG02391_hap2_hprc_r2_v1.0.1.merged	diagonal-distance	64	heuristic	1630239822	121143818	5273952	35062235	2.63	84440	2	16348	0.73	4336	75.22	39804812	631042	618327	12715	0
hprcv2-25k	HG02391_hap2_hprc_r2_v1.0.1.merged	edit-distance	128	heuristic	1630239822	141101824	6649455	40832755	2.86	81628	2.34	12280	0.98	4292	30.54	17054704	631042	611936	19106	0
hprcv2-25k	HG02391_hap2_hprc_r2_v1.0.1.merged	edit-distance	16	heuristic	1630239822	349864165	31556306	104957987	3.18	91656	4.96	16628	3.47	4644	30.67	9065104	631042	630691	351	0
hprcv2-25k	HG02391_hap2_hprc_r2_v1.0.1.merged	edit-distance	256	heuristic	1630239822	119996494	4338364	34331502	2.71	77984	2.08	10388	0.75	4280	47.11	15572544	631042	599869	31173	0
hprcv2-25k	HG02391_hap2_hprc_r2_v1.0.1.merged	edit-distance	32	heuristic	1630239822	242335868	18067387	70876072	2.8	88972	3.64	18444	2.15	4504	23.44	11103192	631042	630120	922	0
hprcv2-25k	HG02391_hap2_hprc_r2_v1.0.1.merged	edit-distance	64	heuristic	1630239822	177967130	10685675	51576058	2.96	82124	2.81	10392	1.39	4476	25.91	13953948	631042	627122	3920	0
hprcv2-25k	HG02392_hap1_hprc_r2_v1.0.1.merged	diagonal-distance	16	heuristic	1772800937	196321729	12953557	59597986	3.4	81552	3.16	11680	1.45	4744	46.9	28967720	774506	773164	1342	0
hprcv2-25k	HG02392_hap1_hprc_r2_v1.0.1.merged	diagonal-distance	32	heuristic	1772800937	163446715	8432444	47852305	3.14	82492	2.67	13524	1.08	4560	54.24	31125584	774506	770696	3810	0
hprcv2-25k	HG02392_hap1_hprc_r2_v1.0.1.merged	diagonal-distance	64	heuristic	1772800937	144655046	5876752	41076890	3.04	86096	2.42	17656	0.85	4484	82.56	38880760	774506	759835	14671	0
hprcv2-25k	HG02392_hap1_hprc_r2_v1.0.1.merged	edit-distance	128	heuristic	1772800937	165562558	7295729	47253246	3.31	81540	2.8	13580	1.11	4504	32.38	15698068	774506	752747	21759	0
hprcv2-25k	HG02392_hap1_hprc_r2_v1.0.1.merged	edit-distance	16	heuristic	1772800937	391124470	34214536	116777860	3.39	88120	5.64	11616	3.81	4624	31.79	8682556	774506	774039	467	0
hprcv2-25k	HG02392_hap1_hprc_r2_v1.0.1.merged	edit-distance	256	heuristic	1772800937	142999606	4829911	40307078	3.23	85952	2.45	11552	0.87	4460	50.74	16542308	774506	739362	35144	0
hprcv2-25k	HG02392_hap1_hprc_r2_v1.0.1.merged	edit-distance	32	heuristic	1772800937	275200955	19637418	79797646	3.2	85524	4.19	13704	2.4	4656	25.03	10648192	774506	773374	1132	0
hprcv2-25k	HG02392_hap1_hprc_r2_v1.0.1.merged	edit-distance	64	heuristic	1772800937	205436578	11650590	58862376	3.25	87196	3.33	13788	1.56	4488	27.15	13672892	774506	769803	4703	0
hprcv2-25k	HG02392_hap2_hprc_r2_v1.0.1.merged	diagonal-distance	16	heuristic	1804789850	189534265	13045232	58169826	3.16	82144	3.03	13300	1.47	4388	47.21	28288536	719486	718116	1370	0
hprcv2-25k	HG02392_hap2_hprc_r2_v1.0.1.merged	diagonal-distance	32	heuristic	1804789850	156724072	8514276	46423709	3.29	81328	2.59	11132	1.07	4448	59.85	31718212	719486	715634	3852	0
hprcv2-25k	HG02392_hap2_hprc_r2_v1.0.1.merged	diagonal-distance	64	heuristic	1804789850	137454287	5878026	39462676	3.17	80728	2.27	13064	0.84	4576	82.16	37194180	719486	705225	14261	0
hprcv2-25k	HG02392_hap2_hprc_r2_v1.0.1.merged	edit-distance	128	heuristic	1804789850	159125766	7364569	45727803	2.97	81452	2.63	15228	1.12	4432	32.76	16439628	719486	697777	21709	0
hprcv2-25k	HG02392_hap2_hprc_r2_v1.0.1.merged	edit-distance	16	heuristic	1804789850	389344648	35111338	116555915	3.49	90916	5.62	17440	3.87	4728	32.89	8780488	719486	719026	460	0
hprcv2-25k	HG02392_hap2_hprc_r2_v1.0.1.merged	edit-distance	256	heuristic	1804789850	135951336	4815517	38592289	3.13	81408	2.34	13268	0.84	4520	51.65	16055256	719486	684589	34897	0
hprcv2-25k	HG02392_hap2_hprc_r2_v1.0.1.merged	edit-distance	32	heuristic	1804789850	271138367	20135121	79042568	3.09	88412	4.07	17136	2.38	4724	25.13	10029496	719486	718342	1144	0
hprcv2-25k	HG02392_hap2_hprc_r2_v1.0.1.merged	edit-distance	64	heuristic	1804789850	199958569	11884581	57656830	3.16	80576	3.21	13328	1.56	4500	27.87	14843128	719486	715063	4423	0
hprcv2-25k	HG02451_mat_hprc_r2_v1.0.1.merged	diagonal-distance	16	heuristic	1901648580	196321626	13532135	60302721	3.47	86248	3.17	13496	1.53	4480	43.29	28381212	740644	739344	1300	0
hprcv2-25k	HG02451_mat_hprc_r2_v1.0.1.merged	diagonal-distance	32	heuristic	1901648580	161645517	8754582	47882592	3.46	83888	2.67	13392	1.11	4588	51.36	29984680	740644	736840	3804	0
hprcv2-25k	HG02451_mat_hprc_r2_v1.0.1.merged	diagonal-distance	64	heuristic	1901648580	141942369	6077233	40774036	3.34	87268	2.37	15476	0.84	4620	82.13	37162700	740644	726391	14253	0
hprcv2-25k	HG02451_mat_hprc_r2_v1.0.1.merged	edit-distance	128	heuristic	1901648580	165136351	7714792	47479907	3.11	88592	2.74	13352	1.14	4468	32.51	14338608	740644	718692	21952	0
hprcv2-25k	HG02451_mat_hprc_r2_v1.0.1.merged	edit-distance	16	heuristic	1901648580	407178525	36607283	121334556	3.48	94664	5.8	17572	4.03	4740	29.66	10490216	740644	740217	427	0
hprcv2-25k	HG02451_mat_hprc_r2_v1.0.1.merged	edit-distance	256	heuristic	1901648580	140930517	5057523	40026894	3.4	87512	2.43	17488	0.87	4580	53.39	17224176	740644	705171	35473	0
hprcv2-25k	HG02451_mat_hprc_r2_v1.0.1.merged	edit-distance	32	heuristic	1901648580	282742876	20959212	82092981	3.34	91872	4.22	17420	2.48	4752	24.47	11726748	740644	739588	1056	0
hprcv2-25k	HG02451_mat_hprc_r2_v1.0.1.merged	edit-distance	64	heuristic	1901648580	207909272	12378347	59829108	3.18	89604	3.3	17360	1.62	4584	26.71	12052256	740644	736132	4512	0
hprcv2-25k	HG02451_pat_hprc_r2_v1.0.1.merged	diagonal-distance	16	heuristic	2422783686	244281227	17115355	75456366	4.25	89388	3.94	18744	1.89	4620	75.24	35523312	903915	902181	1734	0
hprcv2-25k	HG02451_pat_hprc_r2_v1.0.1.merged	diagonal-distance	32	heuristic	2422783686	200936237	11143720	59946543	4.2	87564	3.43	18844	1.38	4540	147.45	53304004	903915	898993	4922	0
hprcv2-25k	HG02451_pat_hprc_r2_v1.0.1.merged	diagonal-distance	64	heuristic	2422783686	175782568	7714428	50858035	4.12	87772	2.95	14676	1.06	4496	219.72	61460200	903915	885380	18535	0
hprcv2-25k	HG02451_pat_hprc_r2_v1.0.1.merged	edit-distance	128	heuristic	2422783686	205340372	9782049	59245254	3.86	85652	3.39	14816	1.43	4532	40.71	15802084	903915	875815	28100	0
hprcv2-25k	HG02451_pat_hprc_r2_v1.0.1.merged	edit-distance	16	heuristic	2422783686	514130488	46747963	153471801	4.6	94884	7.37	21116	5.03	4732	41.45	9741132	903915	903392	523	0
hprcv2-25k	HG02451_pat_hprc_r2_v1.0.1.merged	edit-distance	256	heuristic	2422783686	174174664	6361716	49685076	4.13	82676	2.98	14800	1.08	4612	65.43	16646252	903915	858364	45551	0
hprcv2-25k	HG02451_pat_hprc_r2_v1.0.1.merged	edit-distance	32	heuristic	2422783686	355177539	26719452	103394108	4.1	90640	5.27	18772	3.16	4688	31.22	11427528	903915	902536	1379	0
hprcv2-25k	HG02451_pat_hprc_r2_v1.0.1.merged	edit-distance	64	heuristic	2422783686	259961772	15766017	75033824	3.94	88784	4.1	18904	2.04	4640	34.01	13265060	903915	898199	5716	0
hprcv2-25k	HG02486_mat_hprc_r2_v1.0.1.merged	diagonal-distance	16	heuristic	2121230430	218980567	15254586	67691847	3.62	89984	3.67	18176	1.71	4608	55.6	30996796	825299	823826	1473	0
hprcv2-25k	HG02486_mat_hprc_r2_v1.0.1.merged	diagonal-distance	32	heuristic	2121230430	179727207	9857147	53655458	3.81	88376	3.01	18120	1.23	4560	85.93	42263556	825299	820891	4408	0
hprcv2-25k	HG02486_mat_hprc_r2_v1.0.1.merged	diagonal-distance	64	heuristic	2121230430	157145990	6786083	45505740	3.73	87248	2.65	18176	0.95	4516	116.47	49615444	825299	809007	16292	0
hprcv2-25k	HG02486_mat_hprc_r2_v1.0.1.merged	edit-distance	128	heuristic	2121230430	183018669	8568381	52941322	3.46	88344	3.04	18212	1.28	4532	37.1	14691184	825299	800807	24492	0
hprcv2-25k	HG02486_mat_hprc_r2_v1.0.1.merged	edit-distance	16	heuristic	2121230430	454869639	40930646	136156707	4.24	95344	6.45	18132	4.48	4692	38.99	8892276	825299	824815	484	0
hprcv2-25k	HG02486_mat_hprc_r2_v1.0.1.merged	edit-distance	256	heuristic	2121230430	155891320	5612839	44617951	3.57	87828	2.65	18020	0.98	4540	59.53	15870176	825299	785604	39695	0
hprcv2-25k	HG02486_mat_hprc_r2_v1.0.1.merged	edit-distance	32	heuristic	2121230430	315280838	23419942	91958410	3.83	87888	4.74	14076	2.78	4680	28.67	12109196	825299	824012	1287	0
hprcv2-25k	HG02486_mat_hprc_r2_v1.0.1.merged	edit-distance	64	heuristic	2121230430	231203538	13809908	66866040	3.49	85020	3.66	13968	1.81	4680	30.73	13257152	825299	820048	5251	0
hprcv2-25k	HG02486_pat_hprc_r2_v1.0.1.merged	diagonal-distance	16	heuristic	1757773764	185417850	13138098	57558895	3.06	88548	2.97	16760	1.44	4364	43.09	31320892	685407	684088	1319	0
hprcv2-25k	HG02486_pat_hprc_r2_v1.0.1.merged	diagonal-distance	32	heuristic	1757773764	152123541	8539114	45639798	2.79	86788	2.5	18844	1.05	4272	51.89	32905200	685407	681474	3933	0
hprcv2-25k	HG02486_pat_hprc_r2_v1.0.1.merged	diagonal-distance	64	heuristic	1757773764	133047079	5934343	38744414	3.15	86524	2.22	16860	0.79	4340	78.36	38442648	685407	670814	14593	0
hprcv2-25k	HG02486_pat_hprc_r2_v1.0.1.merged	edit-distance	128	heuristic	1757773764	154031505	7349745	44733710	3.16	87028	2.57	16880	1.08	4396	30.07	13566668	685407	663436	21971	0
hprcv2-25k	HG02486_pat_hprc_r2_v1.0.1.merged	edit-distance	16	heuristic	1757773764	379849798	34309793	113995591	3.19	93780	5.38	12848	3.75	4656	29.14	9099020	685407	684945	462	0
hprcv2-25k	HG02486_pat_hprc_r2_v1.0.1.merged	edit-distance	256	heuristic	1757773764	131246043	4849214	37713158	2.99	85928	2.25	16996	0.82	4252	49.62	16163440	685407	649743	35664	0
hprcv2-25k	HG02486_pat_hprc_r2_v1.0.1.merged	edit-distance	32	heuristic	1757773764	264017759	19737044	77216708	3.04	90176	3.97	16960	2.35	4612	23.07	11418992	685407	684315	1092	0
hprcv2-25k	HG02486_pat_hprc_r2_v1.0.1.merged	edit-distance	64	heuristic	1757773764	194231153	11726798	56335896	3.01	87488	3.07	16908	1.53	4480	25.25	11783428	685407	680848	4559	0
hprcv2-25k	HG02514_mat_hprc_r2_v1.0.1.merged	diagonal-distance	16	heuristic	1875970077	204300712	13882754	62752676	3.51	89456	3.36	17752	1.59	4716	49.31	29478388	791214	789843	1371	0
hprcv2-25k	HG02514_mat_hprc_r2_v1.0.1.merged	diagonal-distance	32	heuristic	1875970077	169150693	9041725	50172845	3.53	90384	2.88	19980	1.15	4568	71.55	37928576	791214	787222	3992	0
hprcv2-25k	HG02514_mat_hprc_r2_v1.0.1.merged	diagonal-distance	64	heuristic	1875970077	148853626	6276127	42849543	3.34	80764	2.52	11820	0.89	4568	112.32	48700208	791214	776196	15018	0
hprcv2-25k	HG02514_mat_hprc_r2_v1.0.1.merged	edit-distance	128	heuristic	1875970077	171232586	7788149	49407907	3.35	83716	2.85	13804	1.18	4520	35.23	16195692	791214	768814	22400	0
hprcv2-25k	HG02514_mat_hprc_r2_v1.0.1.merged	edit-distance	16	heuristic	1875970077	410908645	36465621	123437162	3.7	93228	5.95	15956	4.03	4620	36.67	10757872	791214	790735	479	0
hprcv2-25k	HG02514_mat_hprc_r2_v1.0.1.merged	edit-distance	256	heuristic	1875970077	146890938	5119128	41902663	3.56	88544	2.53	13820	0.91	4444	54.16	16350484	791214	754804	36410	0
hprcv2-25k	HG02514_mat_hprc_r2_v1.0.1.merged	edit-distance	32	heuristic	1875970077	287884765	20977036	84176990	3.52	87052	4.36	13976	2.53	4620	27.38	10502628	791214	790073	1141	0
hprcv2-25k	HG02514_mat_hprc_r2_v1.0.1.merged	edit-distance	64	heuristic	1875970077	213830186	12452023	61838469	3.28	84892	3.42	11736	1.68	4616	29.6	13891956	791214	786556	4658	0
hprcv2-25k	HG02514_pat_hprc_r2_v1.0.1.merged	diagonal-distance	16	heuristic	2462632470	266535684	18458511	82359997	4.61	87196	4.31	19700	2.04	4688	79.43	32851668	1013844	1011974	1870	0
hprcv2-25k	HG02514_pat_hprc_r2_v1.0.1.merged	diagonal-distance	32	heuristic	2462632470	221193046	12190748	66127658	4.58	84296	3.63	15668	1.51	4720	115.78	44907716	1013844	1008214	5630	0
hprcv2-25k	HG02514_pat_hprc_r2_v1.0.1.merged	diagonal-distance	64	heuristic	2462632470	194535311	8533231	56489712	4.38	83592	3.25	15784	1.19	4624	199.85	60024324	1013844	992140	21704	0
hprcv2-25k	HG02514_pat_hprc_r2_v1.0.1.merged	edit-distance	128	heuristic	2462632470	223198766	10444077	64822797	4.22	81716	3.74	19756	1.66	4656	44.9	15616136	1013844	981051	32793	0
hprcv2-25k	HG02514_pat_hprc_r2_v1.0.1.merged	edit-distance	16	heuristic	2462632470	536959556	48133961	161676005	4.89	90296	7.78	15796	5.27	4824	41.89	9062376	1013844	1013198	646	0
hprcv2-25k	HG02514_pat_hprc_r2_v1.0.1.merged	edit-distance	256	heuristic	2462632470	191254969	6916494	54950604	4.46	87920	3.26	19772	1.21	4796	68.43	16167112	1013844	960444	53400	0
hprcv2-25k	HG02514_pat_hprc_r2_v1.0.1.merged	edit-distance	32	heuristic	2462632470	375882531	27802702	110356044	4.63	87392	5.67	15724	3.37	4680	34.33	11277180	1013844	1012232	1612	0
hprcv2-25k	HG02514_pat_hprc_r2_v1.0.1.merged	edit-distance	64	heuristic	2462632470	279065235	16607478	81159867	4.45	89356	4.4	19920	2.19	4672	37.44	14780900	1013844	1007177	6667	0
hprcv2-25k	HG02523_mat_hprc_r2_v1.0.1.merged	diagonal-distance	16	heuristic	2121356174	217178282	15376497	67651409	3.54	88592	3.54	18136	1.71	4684	77.74	36748296	812547	810895	1652	0
hprcv2-25k	HG02523_mat_hprc_r2_v1.0.1.merged	diagonal-distance	32	heuristic	2121356174	178333305	10015162	53746288	3.76	82984	2.95	14084	1.25	4432	104.98	46488352	812547	807861	4686	0
hprcv2-25k	HG02523_mat_hprc_r2_v1.0.1.merged	diagonal-distance	64	heuristic	2121356174	155619648	6905062	45534730	3.68	82548	2.62	14144	0.97	4484	257.58	66298860	812547	794472	18075	0
hprcv2-25k	HG02523_mat_hprc_r2_v1.0.1.merged	edit-distance	128	heuristic	2121356174	181441306	8683922	52932647	3.7	83144	3.05	13876	1.26	4412	38.93	16893784	812547	785370	27177	0
hprcv2-25k	HG02523_mat_hprc_r2_v1.0.1.merged	edit-distance	16	heuristic	2121356174	453608130	41416332	136596590	3.92	90136	6.44	14312	4.51	4644	39.1	9523660	812547	812033	514	0
hprcv2-25k	HG02523_mat_hprc_r2_v1.0.1.merged	edit-distance	256	heuristic	2121356174	153770747	5631040	44395702	3.59	82128	2.63	14032	0.96	4572	61.27	15515492	812547	769049	43498	0
hprcv2-25k	HG02523_mat_hprc_r2_v1.0.1.merged	edit-distance	32	heuristic	2121356174	313746702	23737529	92249629	3.75	86216	4.79	14196	2.8	4548	29.67	10599908	812547	811223	1324	0
hprcv2-25k	HG02523_mat_hprc_r2_v1.0.1.merged	edit-distance	64	heuristic	2121356174	229715047	14024008	67041803	3.81	84500	3.65	14088	1.83	4704	32.55	13568692	812547	806999	5548	0
hprcv2-25k	HG02523_pat_hprc_r2_v1.0.1.merged	diagonal-distance	16	heuristic	1900417084	206677095	13624857	62839064	3.3	84360	3.34	14016	1.56	4656	48.5	29092504	816187	814845	1342	0
hprcv2-25k	HG02523_pat_hprc_r2_v1.0.1.merged	diagonal-distance	32	heuristic	1900417084	172289295	8891711	50540184	3.59	85100	2.85	18032	1.13	4500	65.13	35642424	816187	812083	4104	0
hprcv2-25k	HG02523_pat_hprc_r2_v1.0.1.merged	diagonal-distance	64	heuristic	1900417084	152397709	6180542	43366273	3.63	84108	2.51	18116	0.9	4536	108.61	51697104	816187	800383	15804	0
hprcv2-25k	HG02523_pat_hprc_r2_v1.0.1.merged	edit-distance	128	heuristic	1900417084	175009883	7731834	50017960	3.42	84808	2.91	18068	1.2	4468	34.94	16025428	816187	791977	24210	0
hprcv2-25k	HG02523_pat_hprc_r2_v1.0.1.merged	edit-distance	16	heuristic	1900417084	416199135	36702661	124273063	3.82	86452	6.03	14096	4.03	4680	37.61	8492316	816187	815711	476	0
hprcv2-25k	HG02523_pat_hprc_r2_v1.0.1.merged	edit-distance	256	heuristic	1900417084	150761371	5068987	42534459	3.51	84932	2.58	18172	0.92	4524	53.58	15992908	816187	776675	39512	0
hprcv2-25k	HG02523_pat_hprc_r2_v1.0.1.merged	edit-distance	32	heuristic	1900417084	292187245	21054543	84948879	3.67	88128	4.42	16064	2.54	4752	26.78	9578936	816187	815049	1138	0
hprcv2-25k	HG02523_pat_hprc_r2_v1.0.1.merged	edit-distance	64	heuristic	1900417084	217673354	12449263	62547259	3.64	81196	3.48	14032	1.66	4600	29.55	16196744	816187	811406	4781	0
hprcv2-25k	HG02559_mat_hprc_r2_v1.0.1.merged	diagonal-distance	16	heuristic	2098616627	213918059	15021604	65879475	3.54	90732	3.43	17840	1.66	4592	61.44	34643832	782253	780844	1409	0
hprcv2-25k	HG02559_mat_hprc_r2_v1.0.1.merged	diagonal-distance	32	heuristic	2098616627	174925752	9669503	51943298	3.51	88856	2.87	13824	1.22	4560	69.94	35672032	782253	778021	4232	0
hprcv2-25k	HG02559_mat_hprc_r2_v1.0.1.merged	diagonal-distance	64	heuristic	2098616627	152821850	6674472	43974788	3.63	88212	2.52	18004	0.93	4524	103.97	41822888	782253	766191	16062	0
hprcv2-25k	HG02559_mat_hprc_r2_v1.0.1.merged	edit-distance	128	heuristic	2098616627	178632364	8472907	51399166	3.46	85188	2.94	13816	1.25	4540	36.28	15820824	782253	757718	24535	0
hprcv2-25k	HG02559_mat_hprc_r2_v1.0.1.merged	edit-distance	16	heuristic	2098616627	447679389	40370312	133553023	4.15	95008	6.35	18052	4.46	4664	38.33	10439552	782253	781738	515	0
hprcv2-25k	HG02559_mat_hprc_r2_v1.0.1.merged	edit-distance	256	heuristic	2098616627	151990412	5576713	43234288	3.47	88496	2.56	17944	0.96	4580	58.51	17262568	782253	742472	39781	0
hprcv2-25k	HG02559_mat_hprc_r2_v1.0.1.merged	edit-distance	32	heuristic	2098616627	309317902	23083812	89854179	3.58	92672	4.57	18008	2.74	4692	27.86	11596080	782253	781027	1226	0
hprcv2-25k	HG02559_mat_hprc_r2_v1.0.1.merged	edit-distance	64	heuristic	2098616627	226088354	13602589	65071529	3.6	89912	3.53	17864	1.77	4488	30.21	13535932	782253	777085	5168	0
hprcv2-25k	HG02559_pat_hprc_r2_v1.0.1.merged	diagonal-distance	16	heuristic	2326754186	231670350	16472264	72067170	3.85	90892	3.82	18404	1.82	4772	85.45	42904828	850185	848581	1604	0
hprcv2-25k	HG02559_pat_hprc_r2_v1.0.1.merged	diagonal-distance	32	heuristic	2326754186	189427734	10651177	56945316	3.95	88948	3.13	18256	1.29	4508	90.32	41891352	850185	845467	4718	0
hprcv2-25k	HG02559_pat_hprc_r2_v1.0.1.merged	diagonal-distance	64	heuristic	2326754186	165103196	7337161	48158486	3.92	84372	2.77	18536	1.01	4496	115.39	44451508	850185	831856	18329	0
hprcv2-25k	HG02559_pat_hprc_r2_v1.0.1.merged	edit-distance	128	heuristic	2326754186	193840844	9365644	56348755	4.1	83296	3.21	12396	1.34	4652	39.83	15663028	850185	822676	27509	0
hprcv2-25k	HG02559_pat_hprc_r2_v1.0.1.merged	edit-distance	16	heuristic	2326754186	491336952	44937084	147118178	4.45	96372	7.01	14568	4.91	4712	39.01	10504400	850185	849669	516	0
hprcv2-25k	HG02559_pat_hprc_r2_v1.0.1.merged	edit-distance	256	heuristic	2326754186	164136639	6116622	47254672	3.87	84204	2.83	18316	1.05	4532	64.47	16986036	850185	805905	44280	0
hprcv2-25k	HG02559_pat_hprc_r2_v1.0.1.merged	edit-distance	32	heuristic	2326754186	338510354	25691700	98926107	3.78	92552	5.14	18568	3.05	4696	29.79	13422684	850185	848854	1331	0
hprcv2-25k	HG02559_pat_hprc_r2_v1.0.1.merged	edit-distance	64	heuristic	2326754186	246496737	15118024	71545416	3.96	86432	3.88	14256	1.95	4584	33.13	13836848	850185	844595	5590	0
hprcv2-25k	HG02572_mat_hprc_r2_v1.0.1.merged	diagonal-distance	16	heuristic	2392515048	237631539	17360326	74435532	4.07	91812	3.88	14384	2.01	4508	66.52	35221984	845285	843597	1688	0
hprcv2-25k	HG02572_mat_hprc_r2_v1.0.1.merged	diagonal-distance	32	heuristic	2392515048	193315005	11261484	58573731	3.85	90728	3.22	18312	1.33	4560	79.84	35266712	845285	840446	4839	0
hprcv2-25k	HG02572_mat_hprc_r2_v1.0.1.merged	diagonal-distance	64	heuristic	2392515048	167801719	7787090	49353182	3.75	90692	2.81	18156	1.04	4344	111.08	39721392	845285	826741	18544	0
hprcv2-25k	HG02572_mat_hprc_r2_v1.0.1.merged	edit-distance	128	heuristic	2392515048	197163946	9819899	57651155	3.9	86056	3.25	16428	1.41	4524	40.87	13922668	845285	817752	27533	0
hprcv2-25k	HG02572_mat_hprc_r2_v1.0.1.merged	edit-distance	16	heuristic	2392515048	504382382	46428596	151492620	4.52	98156	7.19	18524	5.03	4800	40.2	8889276	845285	844707	578	0
hprcv2-25k	HG02572_mat_hprc_r2_v1.0.1.merged	edit-distance	256	heuristic	2392515048	166321978	6445073	48182963	3.93	90204	2.86	18408	1.07	4420	65.19	18040192	845285	800848	44437	0
hprcv2-25k	HG02572_mat_hprc_r2_v1.0.1.merged	edit-distance	32	heuristic	2392515048	346358536	26635456	101676936	4.09	90072	5.15	18564	3.11	4684	30.81	10563984	845285	843846	1439	0
hprcv2-25k	HG02572_mat_hprc_r2_v1.0.1.merged	edit-distance	64	heuristic	2392515048	251567971	15737430	73330179	4.02	91684	3.99	16452	2.03	4680	34.38	12731964	845285	839426	5859	0
hprcv2-25k	HG02572_pat_hprc_r2_v1.0.1.merged	diagonal-distance	16	heuristic	2098044184	216193756	15253323	67103934	3.65	86416	3.46	18076	1.71	4844	57.25	33539360	805337	803834	1503	0
hprcv2-25k	HG02572_pat_hprc_r2_v1.0.1.merged	diagonal-distance	32	heuristic	2098044184	177805451	9953614	53362033	3.65	89144	2.96	20080	1.22	4536	77.86	37414864	805337	800923	4414	0
hprcv2-25k	HG02572_pat_hprc_r2_v1.0.1.merged	diagonal-distance	64	heuristic	2098044184	155496478	6901329	45294304	3.67	88456	2.59	17868	0.94	4452	122.04	48742924	805337	788491	16846	0
hprcv2-25k	HG02572_pat_hprc_r2_v1.0.1.merged	edit-distance	128	heuristic	2098044184	180675442	8631765	52474791	3.79	89156	2.98	17900	1.27	4384	35.83	15195124	805337	780308	25029	0
hprcv2-25k	HG02572_pat_hprc_r2_v1.0.1.merged	edit-distance	16	heuristic	2098044184	449322291	40747868	134687381	4.03	91656	6.4	14000	4.45	4676	33.46	8647228	805337	804856	481	0
hprcv2-25k	HG02572_pat_hprc_r2_v1.0.1.merged	edit-distance	256	heuristic	2098044184	153516917	5637637	44097802	3.65	88324	2.63	18116	0.97	4508	57.98	17341872	805337	764676	40661	0
hprcv2-25k	HG02572_pat_hprc_r2_v1.0.1.merged	edit-distance	32	heuristic	2098044184	311263655	23367108	90990000	3.73	92992	4.77	18076	2.79	4772	26.91	11252912	805337	804112	1225	0
hprcv2-25k	HG02572_pat_hprc_r2_v1.0.1.merged	edit-distance	64	heuristic	2098044184	228402477	13847532	66253440	3.68	85564	3.61	14056	1.81	4696	29.78	12143432	805337	800098	5239	0
hprcv2-25k	HG02583_hap1_hprc_r2_v1.0.1.merged	diagonal-distance	16	heuristic	2484862860	249813191	17838188	77672451	4.17	91548	4.04	18892	1.99	4684	68.47	33337784	912964	911281	1683	0
hprcv2-25k	HG02583_hap1_hprc_r2_v1.0.1.merged	diagonal-distance	32	heuristic	2484862860	203984306	11530676	61262403	4.07	90340	3.36	21000	1.4	4540	72.11	32948348	912964	907921	5043	0
hprcv2-25k	HG02583_hap1_hprc_r2_v1.0.1.merged	diagonal-distance	64	heuristic	2484862860	177751619	7962198	51785811	4.35	89564	2.96	19068	1.1	4516	109.29	40114680	912964	893909	19055	0
hprcv2-25k	HG02583_hap1_hprc_r2_v1.0.1.merged	edit-distance	128	heuristic	2484862860	208399813	10095542	60498774	4.32	91580	3.47	18924	1.46	4536	42.42	13729452	912964	884292	28672	0
hprcv2-25k	HG02583_hap1_hprc_r2_v1.0.1.merged	edit-distance	16	heuristic	2484862860	526819890	47979648	157702689	4.48	96504	7.42	15028	6.16	4772	42.38	9594012	912964	912390	574	0
hprcv2-25k	HG02583_hap1_hprc_r2_v1.0.1.merged	edit-distance	256	heuristic	2484862860	176442798	6604760	50696430	4.26	89820	3	18816	1.12	4452	67.62	15384332	912964	866483	46481	0
hprcv2-25k	HG02583_hap1_hprc_r2_v1.0.1.merged	edit-distance	32	heuristic	2484862860	362978112	27455172	106017728	4.32	93196	5.37	18904	3.22	4612	31.79	10472108	912964	911595	1369	0
hprcv2-25k	HG02583_hap1_hprc_r2_v1.0.1.merged	edit-distance	64	heuristic	2484862860	264688434	16221572	76757765	4.41	91228	4.13	18960	2.12	4604	35.32	13141492	912964	906905	6059	0
hprcv2-25k	HG02583_hap2_hprc_r2_v1.0.1.merged	diagonal-distance	16	heuristic	2202434958	214645267	15478981	66832738	3.68	87116	3.45	17612	1.69	4512	64.2	32580296	771581	770215	1366	0
hprcv2-25k	HG02583_hap2_hprc_r2_v1.0.1.merged	diagonal-distance	32	heuristic	2202434958	175569253	10099187	52840084	3.74	85896	2.88	17636	1.22	4436	65.86	32067692	771581	767496	4085	0
hprcv2-25k	HG02583_hap2_hprc_r2_v1.0.1.merged	diagonal-distance	64	heuristic	2202434958	153054349	7039256	44715781	3.65	85128	2.51	17808	0.94	4576	93.77	36060308	771581	755993	15588	0
hprcv2-25k	HG02583_hap2_hprc_r2_v1.0.1.merged	edit-distance	128	heuristic	2202434958	179940555	8929099	52320862	3.66	88172	3.03	17588	1.3	4508	37.2	14087252	771581	747757	23824	0
hprcv2-25k	HG02583_hap2_hprc_r2_v1.0.1.merged	edit-distance	16	heuristic	2202434958	459872739	42426049	137676186	4.22	92712	6.46	17812	4.58	4756	37.4	8548268	771581	771108	473	0
hprcv2-25k	HG02583_hap2_hprc_r2_v1.0.1.merged	edit-distance	256	heuristic	2202434958	152015273	5877727	43773557	3.43	86208	2.62	17656	0.96	4556	61.24	15654932	771581	732660	38921	0
hprcv2-25k	HG02583_hap2_hprc_r2_v1.0.1.merged	edit-distance	32	heuristic	2202434958	315729619	24270309	92294294	3.75	89060	4.68	17728	2.85	4544	27.84	10878608	771581	770420	1161	0
hprcv2-25k	HG02583_hap2_hprc_r2_v1.0.1.merged	edit-distance	64	heuristic	2202434958	229415816	14343045	66619162	3.85	83120	3.54	17624	1.82	4392	30.37	12822328	771581	766830	4751	0
hprcv2-25k	HG02602_mat_hprc_r2_v1.0.1.merged	diagonal-distance	16	heuristic	2207145343	229720346	16014081	71019945	3.76	88664	3.75	18608	1.79	4556	56.82	28264040	863427	861846	1581	0
hprcv2-25k	HG02602_mat_hprc_r2_v1.0.1.merged	diagonal-distance	32	heuristic	2207145343	189720004	10502032	56711775	3.61	86812	3.13	18668	1.31	4736	65.62	31108648	863427	858870	4557	0
hprcv2-25k	HG02602_mat_hprc_r2_v1.0.1.merged	diagonal-distance	64	heuristic	2207145343	166269765	7298526	48242476	3.58	82460	2.76	14428	1.02	4532	98.86	37609412	863427	845727	17700	0
hprcv2-25k	HG02602_mat_hprc_r2_v1.0.1.merged	edit-distance	128	heuristic	2207145343	192965061	9145050	55975616	3.73	86544	3.23	18444	1.36	4700	39.15	14883828	863427	836430	26997	0
hprcv2-25k	HG02602_mat_hprc_r2_v1.0.1.merged	edit-distance	16	heuristic	2207145343	474165389	42891667	142362342	4.32	93944	6.89	18444	4.77	4676	40.81	8246928	863427	862907	520	0
hprcv2-25k	HG02602_mat_hprc_r2_v1.0.1.merged	edit-distance	256	heuristic	2207145343	164420460	6009064	47204621	3.73	83316	2.83	14440	1.03	4556	62.84	14136648	863427	818973	44454	0
hprcv2-25k	HG02602_mat_hprc_r2_v1.0.1.merged	edit-distance	32	heuristic	2207145343	329765846	24656518	96557049	3.94	86168	4.94	14548	2.93	4808	30.31	10341020	863427	862087	1340	0
hprcv2-25k	HG02602_mat_hprc_r2_v1.0.1.merged	edit-distance	64	heuristic	2207145343	242844405	14638051	70521590	3.85	81836	3.88	12568	1.91	4704	33.01	14329536	863427	857942	5485	0
hprcv2-25k	HG02602_pat_hprc_r2_v1.0.1.merged	diagonal-distance	16	heuristic	1729337959	184109404	12888852	56884534	3.03	86220	3	17068	1.44	4724	48.37	30444976	684691	683408	1283	0
hprcv2-25k	HG02602_pat_hprc_r2_v1.0.1.merged	diagonal-distance	32	heuristic	1729337959	151642772	8422900	45280365	2.83	84520	2.5	16924	1.04	4504	56.14	32414332	684691	680922	3769	0
hprcv2-25k	HG02602_pat_hprc_r2_v1.0.1.merged	diagonal-distance	64	heuristic	1729337959	132823418	5860223	38495610	2.91	83676	2.18	17060	0.81	4660	80.35	36608400	684691	670091	14600	0
hprcv2-25k	HG02602_pat_hprc_r2_v1.0.1.merged	edit-distance	128	heuristic	1729337959	153533395	7256771	44533365	2.84	80992	2.56	13072	1.07	4456	32.2	16543336	684691	663069	21622	0
hprcv2-25k	HG02602_pat_hprc_r2_v1.0.1.merged	edit-distance	16	heuristic	1729337959	375610032	33745423	113051894	3.08	90260	5.37	17140	3.72	4712	30.7	8053736	684691	684258	433	0
hprcv2-25k	HG02602_pat_hprc_r2_v1.0.1.merged	edit-distance	256	heuristic	1729337959	131049812	4798524	37607473	2.97	84160	2.24	17124	0.84	4480	49.28	16106644	684691	649862	34829	0
hprcv2-25k	HG02602_pat_hprc_r2_v1.0.1.merged	edit-distance	32	heuristic	1729337959	261499344	19426453	76669430	3.01	87940	3.91	17192	2.34	4784	24.49	9842888	684691	683615	1076	0
hprcv2-25k	HG02602_pat_hprc_r2_v1.0.1.merged	edit-distance	64	heuristic	1729337959	192902068	11550965	56002911	2.86	81436	3.05	13032	1.51	4536	26.98	15243560	684691	680109	4582	0
hprcv2-25k	HG02615_mat_hprc_r2_v1.0.1.merged	diagonal-distance	16	heuristic	2266573392	233388485	16422375	71951871	3.89	90476	3.75	18500	1.79	4748	65.86	36216820	859563	857929	1634	0
hprcv2-25k	HG02615_mat_hprc_r2_v1.0.1.merged	diagonal-distance	32	heuristic	2266573392	191536046	10650669	56966272	3.92	90496	3.16	18568	1.31	4468	75.24	35559168	859563	854721	4842	0
hprcv2-25k	HG02615_mat_hprc_r2_v1.0.1.merged	diagonal-distance	64	heuristic	2266573392	167172699	7324829	48155977	3.78	86804	2.78	18392	1.01	4576	110.8	41223720	859563	840847	18716	0
hprcv2-25k	HG02615_mat_hprc_r2_v1.0.1.merged	edit-distance	128	heuristic	2266573392	194666820	9215159	55961618	3.91	88884	3.2	18380	1.36	4592	38.87	14411964	859563	831301	28262	0
hprcv2-25k	HG02615_mat_hprc_r2_v1.0.1.merged	edit-distance	16	heuristic	2266573392	485891472	44017328	145076039	4.35	95984	6.94	18616	4.77	4604	35.55	7645260	859563	859028	535	0
hprcv2-25k	HG02615_mat_hprc_r2_v1.0.1.merged	edit-distance	256	heuristic	2266573392	165306686	5992448	46930389	3.66	87888	2.79	18516	1.04	4536	61.96	17238584	859563	813617	45946	0
hprcv2-25k	HG02615_mat_hprc_r2_v1.0.1.merged	edit-distance	32	heuristic	2266573392	336262660	25202963	97799962	3.68	92572	4.99	18548	3	4684	28.99	10317084	859563	858186	1377	0
hprcv2-25k	HG02615_mat_hprc_r2_v1.0.1.merged	edit-distance	64	heuristic	2266573392	246477069	14874419	70943737	3.91	89948	3.87	18540	1.92	4556	32.25	11778544	859563	853809	5754	0
hprcv2-25k	HG02615_pat_hprc_r2_v1.0.1.merged	diagonal-distance	16	heuristic	2506578310	260577635	17931279	79934813	4.39	95556	4.15	19376	2.03	4752	81.92	38312848	976845	975171	1674	0
hprcv2-25k	HG02615_pat_hprc_r2_v1.0.1.merged	diagonal-distance	32	heuristic	2506578310	214549820	11612483	63471845	4.24	89760	3.58	15444	1.46	4688	235.15	67795200	976845	971975	4870	0
hprcv2-25k	HG02615_pat_hprc_r2_v1.0.1.merged	diagonal-distance	64	heuristic	2506578310	188166866	8032354	53947840	4.29	93072	3.12	19472	1.13	4592	344.31	79715372	976845	958146	18699	0
hprcv2-25k	HG02615_pat_hprc_r2_v1.0.1.merged	edit-distance	128	heuristic	2506578310	218728405	10159497	62764600	4.31	94784	3.61	19568	1.51	4788	42.69	14889892	976845	948801	28044	0
hprcv2-25k	HG02615_pat_hprc_r2_v1.0.1.merged	edit-distance	16	heuristic	2506578310	538259793	48102953	160323803	5.03	100988	7.57	19744	5.26	5028	43.23	9095324	976845	976276	569	0
hprcv2-25k	HG02615_pat_hprc_r2_v1.0.1.merged	edit-distance	256	heuristic	2506578310	186964340	6697005	53013857	4.33	93156	3.19	19548	1.16	4744	69.32	17890088	976845	931745	45100	0
hprcv2-25k	HG02615_pat_hprc_r2_v1.0.1.merged	edit-distance	32	heuristic	2506578310	373911745	27540537	108445136	4.59	92112	5.59	15524	3.31	4696	32.46	11195800	976845	975472	1373	0
hprcv2-25k	HG02615_pat_hprc_r2_v1.0.1.merged	edit-distance	64	heuristic	2506578310	275185024	16277221	79042147	4.59	91004	4.41	15356	2.14	4672	132.43	12601152	976845	971043	5802	0
hprcv2-25k	HG02622_mat_hprc_r2_v1.0.1.merged	diagonal-distance	16	heuristic	2423913176	246477115	17358301	76396809	4.18	91596	4.01	12912	1.94	4796	58.19	30384048	913107	911506	1601	0
hprcv2-25k	HG02622_mat_hprc_r2_v1.0.1.merged	diagonal-distance	32	heuristic	2423913176	202559669	11311592	60678224	4.15	84540	3.35	12808	1.34	4648	68.9	31429264	913107	908308	4799	0
hprcv2-25k	HG02622_mat_hprc_r2_v1.0.1.merged	diagonal-distance	64	heuristic	2423913176	177190106	7855252	51510178	4.07	83692	2.98	12808	1.07	4452	111.85	37373048	913107	894509	18598	0
hprcv2-25k	HG02622_mat_hprc_r2_v1.0.1.merged	edit-distance	128	heuristic	2423913176	206511217	9890943	59882356	4.27	91048	3.39	18920	1.43	4704	40.87	13543496	913107	885004	28103	0
hprcv2-25k	HG02622_mat_hprc_r2_v1.0.1.merged	edit-distance	16	heuristic	2423913176	515727000	46816671	154277875	4.83	97552	7.42	19172	5.12	4708	39.51	8146524	913107	912577	530	0
hprcv2-25k	HG02622_mat_hprc_r2_v1.0.1.merged	edit-distance	256	heuristic	2423913176	175551123	6503277	50387111	4.3	83896	3	12884	1.12	4644	67.81	16167728	913107	867332	45775	0
hprcv2-25k	HG02622_mat_hprc_r2_v1.0.1.merged	edit-distance	32	heuristic	2423913176	356700389	26832831	104157070	4.15	87612	5.35	12940	3.18	4712	31.14	10145816	913107	911794	1313	0
hprcv2-25k	HG02622_mat_hprc_r2_v1.0.1.merged	edit-distance	64	heuristic	2423913176	261175556	15864326	75690535	4.3	91460	4.12	18772	2.07	4688	33.97	13402176	913107	907408	5699	0
hprcv2-25k	HG02622_pat_hprc_r2_v1.0.1.merged	diagonal-distance	16	heuristic	1714174610	172245709	12361271	53489754	2.93	84268	2.76	16440	1.34	4408	53.62	39734648	620778	619654	1124	0
hprcv2-25k	HG02622_pat_hprc_r2_v1.0.1.merged	diagonal-distance	32	heuristic	1714174610	140230934	7952912	42022128	2.95	82720	2.31	16400	0.96	4260	63.92	41762372	620778	617367	3411	0
hprcv2-25k	HG02622_pat_hprc_r2_v1.0.1.merged	diagonal-distance	64	heuristic	1714174610	121942566	5465446	35417906	2.74	81580	2.04	18512	0.75	4164	95.62	50132572	620778	607810	12968	0
hprcv2-25k	HG02622_pat_hprc_r2_v1.0.1.merged	edit-distance	128	heuristic	1714174610	143109824	6928916	41396718	2.94	76700	2.35	10256	0.99	4148	29.88	13018872	620778	601235	19543	0
hprcv2-25k	HG02622_pat_hprc_r2_v1.0.1.merged	edit-distance	16	heuristic	1714174610	363732934	33198069	108836270	3.15	84600	5.09	10396	3.63	4608	29.39	8116944	620778	620381	397	0
hprcv2-25k	HG02622_pat_hprc_r2_v1.0.1.merged	edit-distance	256	heuristic	1714174610	120981522	4518092	34628573	2.63	82720	2.05	16320	0.76	4240	47.75	15689904	620778	589331	31447	0
hprcv2-25k	HG02622_pat_hprc_r2_v1.0.1.merged	edit-distance	32	heuristic	1714174610	250355508	18974970	72984622	2.94	79500	3.7	10372	2.22	4552	22.73	10882052	620778	619859	919	0
hprcv2-25k	HG02622_pat_hprc_r2_v1.0.1.merged	edit-distance	64	heuristic	1714174610	182238673	11177716	52671281	2.91	77760	2.88	10124	1.44	4388	24.49	11286404	620778	616818	3960	0
hprcv2-25k	HG02630_mat_hprc_r2_v1.0.1.merged	diagonal-distance	16	heuristic	2198747176	213686102	15745163	66860926	3.73	86604	3.42	11592	1.72	4608	68.37	35137320	750115	748657	1458	0
hprcv2-25k	HG02630_mat_hprc_r2_v1.0.1.merged	diagonal-distance	32	heuristic	2198747176	173051190	10140232	52310244	3.63	89488	2.91	17760	1.21	4380	71.69	35112808	750115	745854	4261	0
hprcv2-25k	HG02630_mat_hprc_r2_v1.0.1.merged	diagonal-distance	64	heuristic	2198747176	149942528	6988394	43955714	3.47	84116	2.5	13500	0.92	4384	99.56	37799332	750115	733717	16398	0
hprcv2-25k	HG02630_mat_hprc_r2_v1.0.1.merged	edit-distance	128	heuristic	2198747176	177412397	8930043	51684089	3.39	84328	2.98	13564	1.27	4544	37.51	13419388	750115	725448	24667	0
hprcv2-25k	HG02630_mat_hprc_r2_v1.0.1.merged	edit-distance	16	heuristic	2198747176	459449026	42714441	137772781	4.19	90540	6.5	11784	4.61	4624	33.49	9118440	750115	749636	479	0
hprcv2-25k	HG02630_mat_hprc_r2_v1.0.1.merged	edit-distance	256	heuristic	2198747176	148996905	5817666	42995684	3.74	82068	2.53	11472	0.96	4504	62.09	17586160	750115	709555	40560	0
hprcv2-25k	HG02630_mat_hprc_r2_v1.0.1.merged	edit-distance	32	heuristic	2198747176	314616641	24453246	92097373	3.59	88648	4.64	11712	2.93	4676	28.35	11974720	750115	748896	1219	0
hprcv2-25k	HG02630_mat_hprc_r2_v1.0.1.merged	edit-distance	64	heuristic	2198747176	227512067	14409686	66133433	3.52	86932	3.58	13608	1.83	4780	31.15	13947396	750115	744990	5125	0
hprcv2-25k	HG02630_pat_hprc_r2_v1.0.1.merged	diagonal-distance	16	heuristic	2116874983	206919567	15268395	64761411	3.4	84772	3.3	13216	1.67	4688	55.69	32923392	723327	721728	1599	0
hprcv2-25k	HG02630_pat_hprc_r2_v1.0.1.merged	diagonal-distance	32	heuristic	2116874983	168010821	9909204	50831293	3.47	83384	2.74	13228	1.18	4412	66.1	35243232	723327	718906	4421	0
hprcv2-25k	HG02630_pat_hprc_r2_v1.0.1.merged	diagonal-distance	64	heuristic	2116874983	145303466	6811090	42615066	3.47	82376	2.42	13244	0.9	4464	95.7	41786548	723327	706070	17257	0
hprcv2-25k	HG02630_pat_hprc_r2_v1.0.1.merged	edit-distance	128	heuristic	2116874983	171466751	8626396	49998145	3.38	86372	2.81	17368	1.26	4520	35.88	14101684	723327	697593	25734	0
hprcv2-25k	HG02630_pat_hprc_r2_v1.0.1.merged	edit-distance	16	heuristic	2116874983	443514649	41015910	132968284	4.04	93820	6.25	15496	4.43	4748	35.91	8497268	723327	722832	495	0
hprcv2-25k	HG02630_pat_hprc_r2_v1.0.1.merged	edit-distance	256	heuristic	2116874983	144086492	5631033	41594009	3.48	81640	2.45	13268	0.93	4540	58.84	17313484	723327	681702	41625	0
hprcv2-25k	HG02630_pat_hprc_r2_v1.0.1.merged	edit-distance	32	heuristic	2116874983	303726818	23496640	88900880	3.42	88448	4.5	13448	2.75	4772	27.15	10439152	723327	722052	1275	0
hprcv2-25k	HG02630_pat_hprc_r2_v1.0.1.merged	edit-distance	64	heuristic	2116874983	219783956	13890280	63930511	3.59	84504	3.44	13184	1.76	4672	30.29	12928436	723327	718092	5235	0
hprcv2-25k	HG02647_mat_hprc_r2_v1.0.1.merged	diagonal-distance	16	heuristic	2634794052	275007099	18860271	84625402	4.64	89148	4.48	15768	2.12	4624	67.53	33141760	1055986	1054144	1842	0
hprcv2-25k	HG02647_mat_hprc_r2_v1.0.1.merged	diagonal-distance	32	heuristic	2634794052	226673599	12195219	67326229	4.47	91600	3.81	20124	1.52	4680	74.43	31963060	1055986	1050586	5400	0
hprcv2-25k	HG02647_mat_hprc_r2_v1.0.1.merged	diagonal-distance	64	heuristic	2634794052	198617877	8367823	57192821	4.67	91284	3.38	20052	1.2	4588	111.5	38555212	1055986	1035134	20852	0
hprcv2-25k	HG02647_mat_hprc_r2_v1.0.1.merged	edit-distance	128	heuristic	2634794052	230751011	10604713	66385153	4.5	87648	3.9	16016	1.59	4616	44.58	15215980	1055986	1024128	31858	0
hprcv2-25k	HG02647_mat_hprc_r2_v1.0.1.merged	edit-distance	16	heuristic	2634794052	567439866	50868601	169317896	4.93	94808	8.21	16100	5.63	4656	40.23	9140144	1055986	1055364	622	0
hprcv2-25k	HG02647_mat_hprc_r2_v1.0.1.merged	edit-distance	256	heuristic	2634794052	196782269	6880758	55960516	4.73	87612	3.36	14000	1.22	4612	75.86	16558392	1055986	1003941	52045	0
hprcv2-25k	HG02647_mat_hprc_r2_v1.0.1.merged	edit-distance	32	heuristic	2634794052	394573627	29086278	114672178	4.83	90840	6	16124	3.48	4680	33.71	9615008	1055986	1054460	1526	0
hprcv2-25k	HG02647_mat_hprc_r2_v1.0.1.merged	edit-distance	64	heuristic	2634794052	290450573	17133616	83651713	4.63	88928	4.61	13852	2.29	4688	36.92	12249864	1055986	1049484	6502	0
hprcv2-25k	HG02647_pat_hprc_r2_v1.0.1.merged	diagonal-distance	16	heuristic	2168065053	224138343	15984581	69796666	3.67	90076	3.57	18188	1.78	4692	49.18	28280240	828539	826903	1636	0
hprcv2-25k	HG02647_pat_hprc_r2_v1.0.1.merged	diagonal-distance	32	heuristic	2168065053	184329299	10476923	55540848	3.65	87816	3.04	16188	1.29	4448	57.15	30577592	828539	823818	4721	0
hprcv2-25k	HG02647_pat_hprc_r2_v1.0.1.merged	diagonal-distance	64	heuristic	2168065053	161216336	7304688	47169708	3.67	87048	2.7	18248	0.99	4500	96.17	39061124	828539	810454	18085	0
hprcv2-25k	HG02647_pat_hprc_r2_v1.0.1.merged	edit-distance	128	heuristic	2168065053	187003575	9074580	54549643	3.87	84008	3.09	14200	1.34	4476	36.39	13798696	828539	801418	27121	0
hprcv2-25k	HG02647_pat_hprc_r2_v1.0.1.merged	edit-distance	16	heuristic	2168065053	464460743	42390456	139537999	4.05	91164	6.63	16260	4.65	4768	36.02	9425136	828539	828031	508	0
hprcv2-25k	HG02647_pat_hprc_r2_v1.0.1.merged	edit-distance	256	heuristic	2168065053	158917872	5965027	45863617	3.69	83836	2.74	14020	1.01	4436	59.24	17710160	828539	784294	44245	0
hprcv2-25k	HG02647_pat_hprc_r2_v1.0.1.merged	edit-distance	32	heuristic	2168065053	322118311	24376579	94394421	3.64	87680	4.87	14264	2.86	4744	27.77	10287504	828539	827222	1317	0
hprcv2-25k	HG02647_pat_hprc_r2_v1.0.1.merged	edit-distance	64	heuristic	2168065053	236376220	14496345	68821905	3.92	84908	3.73	14140	1.87	4736	29.98	12353812	828539	822992	5547	0
hprcv2-25k	HG02668_mat_hprc_r2_v1.0.1.merged	diagonal-distance	16	heuristic	2257878441	229078333	15996346	70914183	4.1	89264	3.67	18276	1.78	4756	66.21	38907628	860475	858930	1545	0
hprcv2-25k	HG02668_mat_hprc_r2_v1.0.1.merged	diagonal-distance	32	heuristic	2257878441	188092925	10351790	56241504	3.66	87732	3.12	18460	1.38	4584	72.17	36917896	860475	855897	4578	0
hprcv2-25k	HG02668_mat_hprc_r2_v1.0.1.merged	diagonal-distance	64	heuristic	2257878441	164777988	7183008	47827010	3.99	87744	2.78	18276	1	4516	99.57	40816436	860475	842531	17944	0
hprcv2-25k	HG02668_mat_hprc_r2_v1.0.1.merged	edit-distance	128	heuristic	2257878441	192259703	9112374	55705538	3.82	88296	3.24	18460	1.36	4508	37.94	14208992	860475	832919	27556	0
hprcv2-25k	HG02668_mat_hprc_r2_v1.0.1.merged	edit-distance	16	heuristic	2257878441	479181204	43412949	143328967	4.34	94212	6.84	18448	4.72	4708	38.96	9329352	860475	859963	512	0
hprcv2-25k	HG02668_mat_hprc_r2_v1.0.1.merged	edit-distance	256	heuristic	2257878441	163499130	5956496	46855955	3.85	87372	2.78	18440	1.03	4444	62.27	16613544	860475	816005	44470	0
hprcv2-25k	HG02668_mat_hprc_r2_v1.0.1.merged	edit-distance	32	heuristic	2257878441	331716389	24855434	96837154	3.87	90616	4.94	18384	2.97	4480	28.81	10867124	860475	859163	1312	0
hprcv2-25k	HG02668_mat_hprc_r2_v1.0.1.merged	edit-distance	64	heuristic	2257878441	243045136	14668578	70419496	4.05	90736	3.84	18508	1.9	4628	31.62	12339788	860475	854905	5570	0
hprcv2-25k	HG02668_pat_hprc_r2_v1.0.1.merged	diagonal-distance	16	heuristic	2469033834	258578340	18121088	79681833	4.32	93796	4.13	19312	2.05	4664	70.18	34770500	960964	959110	1854	0
hprcv2-25k	HG02668_pat_hprc_r2_v1.0.1.merged	diagonal-distance	32	heuristic	2469033834	212457351	11737258	63154408	4.3	95348	3.57	19276	1.43	4384	77.84	36708600	960964	955334	5630	0
hprcv2-25k	HG02668_pat_hprc_r2_v1.0.1.merged	diagonal-distance	64	heuristic	2469033834	185694055	8068421	53462086	4.06	91684	3.08	19256	1.11	4512	111.26	41152592	960964	939520	21444	0
hprcv2-25k	HG02668_pat_hprc_r2_v1.0.1.merged	edit-distance	128	heuristic	2469033834	215471842	10107079	61920214	4.23	88664	3.54	15264	1.49	4484	41.84	14792596	960964	928669	32295	0
hprcv2-25k	HG02668_pat_hprc_r2_v1.0.1.merged	edit-distance	16	heuristic	2469033834	532672281	48137794	159196738	4.81	94456	7.5	15252	5.24	4808	36.37	10699012	960964	960356	608	0
hprcv2-25k	HG02668_pat_hprc_r2_v1.0.1.merged	edit-distance	256	heuristic	2469033834	183407296	6578052	52051605	4.25	92068	3.14	19328	1.14	4572	67.44	16277756	960964	908653	52311	0
hprcv2-25k	HG02668_pat_hprc_r2_v1.0.1.merged	edit-distance	32	heuristic	2469033834	370071262	27589255	107555539	4.19	95524	5.64	15200	3.29	4588	31.58	11778044	960964	959440	1524	0
hprcv2-25k	HG02668_pat_hprc_r2_v1.0.1.merged	edit-distance	64	heuristic	2469033834	272087689	16306793	78273214	4.3	88764	4.27	15104	2.14	4764	34.38	13111048	960964	954343	6621	0
hprcv2-25k	HG02698_mat_hprc_r2_v1.0.1.merged	diagonal-distance	16	heuristic	2165508407	225034765	15780728	69398036	3.76	89832	3.69	18352	1.74	4680	61.92	30401308	829092	827608	1484	0
hprcv2-25k	HG02698_mat_hprc_r2_v1.0.1.merged	diagonal-distance	32	heuristic	2165508407	184832956	10252716	55014089	3.68	88188	3.07	16172	1.27	4456	94.53	41553340	829092	824648	4444	0
hprcv2-25k	HG02698_mat_hprc_r2_v1.0.1.merged	diagonal-distance	64	heuristic	2165508407	161674280	7103716	46665268	3.69	88860	2.72	18280	0.96	4516	134.03	50772368	829092	812180	16912	0
hprcv2-25k	HG02698_mat_hprc_r2_v1.0.1.merged	edit-distance	128	heuristic	2165508407	188174292	8928332	54322435	3.75	87992	3.09	14168	1.3	4416	39.79	16844760	829092	803251	25841	0
hprcv2-25k	HG02698_mat_hprc_r2_v1.0.1.merged	edit-distance	16	heuristic	2165508407	465606021	42040031	139618370	4.05	95208	6.7	18496	4.55	4548	41.03	9172872	829092	828599	493	0
hprcv2-25k	HG02698_mat_hprc_r2_v1.0.1.merged	edit-distance	256	heuristic	2165508407	160051064	5847867	45667867	3.59	83564	2.7	14256	1.01	4512	61.72	15670900	829092	787173	41919	0
hprcv2-25k	HG02698_mat_hprc_r2_v1.0.1.merged	edit-distance	32	heuristic	2165508407	322946139	24128931	94339847	3.84	87368	4.82	14320	2.84	4672	31.02	10399188	829092	827833	1259	0
hprcv2-25k	HG02698_mat_hprc_r2_v1.0.1.merged	edit-distance	64	heuristic	2165508407	237221984	14286373	68596688	3.84	85372	3.71	12180	1.87	4664	33.57	13647812	829092	823766	5326	0
hprcv2-25k	HG02698_pat_hprc_r2_v1.0.1.merged	diagonal-distance	16	heuristic	2175731161	237506249	16433614	73066057	3.66	86436	3.86	14796	1.85	4768	59.24	29895304	892805	891233	1572	0
hprcv2-25k	HG02698_pat_hprc_r2_v1.0.1.merged	diagonal-distance	32	heuristic	2175731161	196523034	10775526	58392451	4.06	85148	3.27	14708	1.35	4724	64.98	31741248	892805	888120	4685	0
hprcv2-25k	HG02698_pat_hprc_r2_v1.0.1.merged	diagonal-distance	64	heuristic	2175731161	172706469	7516830	49786437	3.94	88884	2.84	18668	1.03	4740	96.37	37872356	892805	874743	18062	0
hprcv2-25k	HG02698_pat_hprc_r2_v1.0.1.merged	edit-distance	128	heuristic	2175731161	198160151	9193735	57182682	3.87	82856	3.3	12768	1.39	4644	39.89	17930620	892805	865081	27724	0
hprcv2-25k	HG02698_pat_hprc_r2_v1.0.1.merged	edit-distance	16	heuristic	2175731161	477146410	42583199	143337429	4.38	95752	6.8	18872	4.68	4656	36.56	8469408	892805	892274	531	0
hprcv2-25k	HG02698_pat_hprc_r2_v1.0.1.merged	edit-distance	256	heuristic	2175731161	169814607	6083841	48438228	3.87	85204	2.93	14820	1.05	4660	60.51	17831040	892805	847852	44953	0
hprcv2-25k	HG02698_pat_hprc_r2_v1.0.1.merged	edit-distance	32	heuristic	2175731161	333997381	24565403	97668992	3.84	85996	5.03	12740	2.98	4688	30.34	10795220	892805	891423	1382	0
hprcv2-25k	HG02698_pat_hprc_r2_v1.0.1.merged	edit-distance	64	heuristic	2175731161	247804219	14645879	71697555	4.02	83540	3.92	12704	1.93	4772	33.52	14109684	892805	887211	5594	0
hprcv2-25k	HG02717_mat_hprc_r2_v1.0.1.merged	diagonal-distance	16	heuristic	1763960051	178615281	12574422	55140721	3.08	85576	2.85	10480	1.41	4352	43.52	30698660	656824	655586	1238	0
hprcv2-25k	HG02717_mat_hprc_r2_v1.0.1.merged	diagonal-distance	32	heuristic	1763960051	146011762	8092952	43471326	2.96	83960	2.39	10580	0.99	4516	47.75	30032012	656824	653222	3602	0
hprcv2-25k	HG02717_mat_hprc_r2_v1.0.1.merged	diagonal-distance	64	heuristic	1763960051	127346960	5561370	36738431	3.03	82484	2.12	10580	0.77	4356	73.84	36110140	656824	642942	13882	0
hprcv2-25k	HG02717_mat_hprc_r2_v1.0.1.merged	edit-distance	128	heuristic	1763960051	149140600	7077196	42952795	3.05	88164	2.47	16572	1.04	4388	30.35	13202588	656824	635917	20907	0
hprcv2-25k	HG02717_mat_hprc_r2_v1.0.1.merged	edit-distance	16	heuristic	1763960051	375257245	33934527	111997407	3.28	97124	5.32	10604	3.69	4572	27.58	8106116	656824	656419	405	0
hprcv2-25k	HG02717_mat_hprc_r2_v1.0.1.merged	edit-distance	256	heuristic	1763960051	126483182	4608473	35991065	3.07	89452	2.14	16676	0.8	4316	49.6	15576708	656824	623001	33823	0
hprcv2-25k	HG02717_mat_hprc_r2_v1.0.1.merged	edit-distance	32	heuristic	1763960051	259013575	19389858	75309804	3.03	90980	3.83	16544	2.26	4572	23.28	10354536	656824	655783	1041	0
hprcv2-25k	HG02717_mat_hprc_r2_v1.0.1.merged	edit-distance	64	heuristic	1763960051	189197364	11421756	54511910	2.99	90664	2.97	16696	1.46	4400	25.46	12608880	656824	652507	4317	0
hprcv2-25k	HG02717_pat_hprc_r2_v1.0.1.merged	diagonal-distance	16	heuristic	2017212783	207653624	15128686	64717101	3.34	84776	3.33	11352	1.65	4632	55.46	33568708	738056	736509	1547	0
hprcv2-25k	HG02717_pat_hprc_r2_v1.0.1.merged	diagonal-distance	32	heuristic	2017212783	168939962	9779684	50854914	3.2	83368	2.73	11408	1.19	4448	58.12	31610608	738056	733660	4396	0
hprcv2-25k	HG02717_pat_hprc_r2_v1.0.1.merged	diagonal-distance	64	heuristic	2017212783	146574428	6719368	42763036	3.35	84312	2.45	11324	0.91	4608	85.33	37053288	738056	721327	16729	0
hprcv2-25k	HG02717_pat_hprc_r2_v1.0.1.merged	edit-distance	128	heuristic	2017212783	171147753	8380329	49711985	3.42	82924	2.82	11244	1.23	4620	35.14	14460188	738056	713027	25029	0
hprcv2-25k	HG02717_pat_hprc_r2_v1.0.1.merged	edit-distance	16	heuristic	2017212783	432656097	39593588	129962491	3.71	90512	6.15	11456	4.26	4628	32.11	8810552	738056	737572	484	0
hprcv2-25k	HG02717_pat_hprc_r2_v1.0.1.merged	edit-distance	256	heuristic	2017212783	144681817	5482988	41577327	3.42	88320	2.46	13448	0.92	4520	57.34	17316800	738056	697848	40208	0
hprcv2-25k	HG02717_pat_hprc_r2_v1.0.1.merged	edit-distance	32	heuristic	2017212783	298730974	22743388	87386770	3.21	86528	4.42	11424	2.72	4688	26.78	11739980	738056	736848	1208	0
hprcv2-25k	HG02717_pat_hprc_r2_v1.0.1.merged	edit-distance	64	heuristic	2017212783	217889301	13469603	63198834	3.4	83316	3.42	11476	1.74	4772	29.08	13315496	738056	732892	5164	0
hprcv2-25k	HG02723_mat_hprc_r2_v1.0.1.merged	diagonal-distance	16	heuristic	1849788630	186168556	12962026	57623302	3.24	83044	2.99	12948	1.46	4452	43.5	31426280	699915	698751	1164	0
hprcv2-25k	HG02723_mat_hprc_r2_v1.0.1.merged	diagonal-distance	32	heuristic	1849788630	153075520	8419010	45785506	3.32	85848	2.57	17008	1.04	4356	53.43	33354620	699915	696492	3423	0
hprcv2-25k	HG02723_mat_hprc_r2_v1.0.1.merged	diagonal-distance	64	heuristic	1849788630	133891904	5819319	38870453	3.12	82980	2.22	14936	0.8	4200	86.38	39515632	699915	687126	12789	0
hprcv2-25k	HG02723_mat_hprc_r2_v1.0.1.merged	edit-distance	128	heuristic	1849788630	156534931	7408522	45343868	3.23	86112	2.6	16872	1.11	4408	31.63	14121956	699915	680726	19189	0
hprcv2-25k	HG02723_mat_hprc_r2_v1.0.1.merged	edit-distance	16	heuristic	1849788630	391293549	35339773	116969673	3.56	87936	5.59	10920	3.85	4604	30.4	8509144	699915	699553	362	0
hprcv2-25k	HG02723_mat_hprc_r2_v1.0.1.merged	edit-distance	256	heuristic	1849788630	133072879	4856261	38182115	3.23	85712	2.3	16720	0.83	4340	52.14	15982644	699915	668784	31131	0
hprcv2-25k	HG02723_mat_hprc_r2_v1.0.1.merged	edit-distance	32	heuristic	1849788630	270540700	20211504	78921635	3.27	83392	4.05	13008	2.41	4384	24.12	9512824	699915	698997	918	0
hprcv2-25k	HG02723_mat_hprc_r2_v1.0.1.merged	edit-distance	64	heuristic	1849788630	198088106	11920307	57338750	3.31	82680	3.15	12732	1.55	4512	26.23	12069240	699915	695819	4096	0
hprcv2-25k	HG02723_pat_hprc_r2_v1.0.1.merged	diagonal-distance	16	heuristic	2189557352	218986028	15846569	68477744	3.8	83968	3.5	13680	1.73	4712	54.71	31928640	789131	787638	1493	0
hprcv2-25k	HG02723_pat_hprc_r2_v1.0.1.merged	diagonal-distance	32	heuristic	2189557352	178896930	10325540	54129499	3.65	87144	2.94	17748	1.25	4472	62.41	32050152	789131	784852	4279	0
hprcv2-25k	HG02723_pat_hprc_r2_v1.0.1.merged	diagonal-distance	64	heuristic	2189557352	155759705	7174108	45771906	3.63	81936	2.62	13808	0.96	4520	92.34	37863908	789131	772802	16329	0
hprcv2-25k	HG02723_pat_hprc_r2_v1.0.1.merged	edit-distance	128	heuristic	2189557352	182324939	9013889	53332706	3.43	86760	3.01	19800	1.3	4616	37.34	12939568	789131	764022	25109	0
hprcv2-25k	HG02723_pat_hprc_r2_v1.0.1.merged	edit-distance	16	heuristic	2189557352	462221150	42394098	138748404	3.98	93308	6.68	15920	4.68	4608	35.12	8011976	789131	788613	518	0
hprcv2-25k	HG02723_pat_hprc_r2_v1.0.1.merged	edit-distance	256	heuristic	2189557352	154159334	5923606	44675059	3.68	86880	2.62	17756	0.99	4464	60.96	16755280	789131	748369	40762	0
hprcv2-25k	HG02723_pat_hprc_r2_v1.0.1.merged	edit-distance	32	heuristic	2189557352	318397267	24327699	93366151	3.63	90312	4.75	17928	2.87	4756	28.2	10021060	789131	787915	1216	0
hprcv2-25k	HG02723_pat_hprc_r2_v1.0.1.merged	edit-distance	64	heuristic	2189557352	231953696	14418911	67630159	3.42	88020	3.68	18016	1.85	4712	30.95	11224216	789131	784063	5068	0
hprcv2-25k	HG02735_mat_hprc_r2_v1.0.1.merged	diagonal-distance	16	heuristic	1779021652	187067253	12663437	57391188	3.28	85340	3	17344	1.42	4392	65.5	35499520	725941	724657	1284	0
hprcv2-25k	HG02735_mat_hprc_r2_v1.0.1.merged	diagonal-distance	32	heuristic	1779021652	155143361	8279425	45980895	3.31	84424	2.56	17404	1.04	4456	64.23	34980516	725941	722226	3715	0
hprcv2-25k	HG02735_mat_hprc_r2_v1.0.1.merged	diagonal-distance	64	heuristic	1779021652	136621790	5758956	39298420	3.13	84136	2.27	17428	0.8	4464	79.7	36328652	725941	711754	14187	0
hprcv2-25k	HG02735_mat_hprc_r2_v1.0.1.merged	edit-distance	128	heuristic	1779021652	158076068	7247317	45570396	3.26	79964	2.63	13244	1.1	4608	32.37	14528916	725941	704753	21188	0
hprcv2-25k	HG02735_mat_hprc_r2_v1.0.1.merged	edit-distance	16	heuristic	1779021652	383874959	34224152	114876725	3.45	90684	5.51	17452	3.71	4736	31.58	8082480	725941	725547	394	0
hprcv2-25k	HG02735_mat_hprc_r2_v1.0.1.merged	edit-distance	256	heuristic	1779021652	135420178	4768599	38606550	3.21	84184	2.33	17204	0.84	4508	50.25	14383280	725941	691732	34209	0
hprcv2-25k	HG02735_mat_hprc_r2_v1.0.1.merged	edit-distance	32	heuristic	1779021652	267612891	19618806	78063734	3.27	82652	4.01	13372	2.35	4628	24.83	10143728	725941	724918	1023	0
hprcv2-25k	HG02735_mat_hprc_r2_v1.0.1.merged	edit-distance	64	heuristic	1779021652	197892786	11610299	57175439	3.31	80636	3.16	15288	1.53	4448	27.14	14119900	725941	721478	4463	0
hprcv2-25k	HG02735_pat_hprc_r2_v1.0.1.merged	diagonal-distance	16	heuristic	1768104192	194176876	13296031	59727085	3.22	87416	3.15	17636	1.5	4644	49.95	30331536	744270	742926	1344	0
hprcv2-25k	HG02735_pat_hprc_r2_v1.0.1.merged	diagonal-distance	32	heuristic	1768104192	161039554	8727240	47873653	3.25	79224	2.67	11492	1.1	4500	74.29	39644828	744270	740277	3993	0
hprcv2-25k	HG02735_pat_hprc_r2_v1.0.1.merged	diagonal-distance	64	heuristic	1768104192	141876133	6109804	40952852	3.18	81268	2.37	13520	0.86	4488	114.85	53022192	744270	729010	15260	0
hprcv2-25k	HG02735_pat_hprc_r2_v1.0.1.merged	edit-distance	128	heuristic	1768104192	162506445	7476641	47007590	3.33	82276	2.71	13396	1.12	4588	32.82	16837760	744270	721069	23201	0
hprcv2-25k	HG02735_pat_hprc_r2_v1.0.1.merged	edit-distance	16	heuristic	1768104192	388613068	34471487	116817796	3.47	87856	5.58	13496	3.8	4772	34.84	8227356	744270	743785	485	0
hprcv2-25k	HG02735_pat_hprc_r2_v1.0.1.merged	edit-distance	256	heuristic	1768104192	139635112	4961787	39924130	3.02	81468	2.42	13520	0.87	4496	50.23	17261756	744270	706702	37568	0
hprcv2-25k	HG02735_pat_hprc_r2_v1.0.1.merged	edit-distance	32	heuristic	1768104192	272507815	19887117	79762621	3.16	84704	4.11	11468	2.4	4580	25.47	10797208	744270	743200	1070	0
hprcv2-25k	HG02735_pat_hprc_r2_v1.0.1.merged	edit-distance	64	heuristic	1768104192	202652398	11868354	58719474	3.16	82380	3.24	13344	1.58	4756	27.78	13841848	744270	739549	4721	0
hprcv2-25k	HG02738_mat_hprc_r2_v1.0.1.merged	diagonal-distance	16	heuristic	2237849550	231875695	15964225	71173642	4.01	80820	3.75	12588	1.77	4708	142.32	54767116	875327	873695	1632	0
hprcv2-25k	HG02738_mat_hprc_r2_v1.0.1.merged	diagonal-distance	32	heuristic	2237849550	191207803	10373597	56634114	4	80888	3.19	14440	1.27	4660	137.97	57841344	875327	870589	4738	0
hprcv2-25k	HG02738_mat_hprc_r2_v1.0.1.merged	diagonal-distance	64	heuristic	2237849550	167934522	7208773	48241628	4	80828	2.8	14588	1.01	4588	149.23	58658788	875327	857280	18047	0
hprcv2-25k	HG02738_mat_hprc_r2_v1.0.1.merged	edit-distance	128	heuristic	2237849550	195194683	9112364	56190827	4	81708	3.24	14720	1.41	4840	40.24	15950844	875327	847702	27625	0
hprcv2-25k	HG02738_mat_hprc_r2_v1.0.1.merged	edit-distance	16	heuristic	2237849550	479965587	43155626	143654625	4.5	87636	6.76	14668	4.75	4600	39.28	8463552	875327	874746	581	0
hprcv2-25k	HG02738_mat_hprc_r2_v1.0.1.merged	edit-distance	256	heuristic	2237849550	166635801	5987145	47411813	3.92	80956	2.85	14568	1.04	4672	62.46	15937708	875327	830103	45224	0
hprcv2-25k	HG02738_mat_hprc_r2_v1.0.1.merged	edit-distance	32	heuristic	2237849550	333418079	24706809	97148459	3.97	82536	5.01	12532	2.94	4612	30.64	10391512	875327	873920	1407	0
hprcv2-25k	HG02738_mat_hprc_r2_v1.0.1.merged	edit-distance	64	heuristic	2237849550	245425972	14611342	70817163	4.07	82316	3.94	12540	1.92	4676	33.93	13918496	875327	869695	5632	0
hprcv2-25k	HG02738_pat_hprc_r2_v1.0.1.merged	diagonal-distance	16	heuristic	1894914300	207376941	14382781	63794362	3.52	81752	3.35	11616	1.62	4548	57.34	31850112	774407	772897	1510	0
hprcv2-25k	HG02738_pat_hprc_r2_v1.0.1.merged	diagonal-distance	32	heuristic	1894914300	171292286	9405356	50883730	3.36	80340	2.82	11692	1.16	4508	62.47	33372524	774407	770043	4364	0
hprcv2-25k	HG02738_pat_hprc_r2_v1.0.1.merged	diagonal-distance	64	heuristic	1894914300	150608013	6583692	43418614	3.25	79360	2.47	11612	0.91	4512	87.61	38785112	774407	757719	16688	0
hprcv2-25k	HG02738_pat_hprc_r2_v1.0.1.merged	edit-distance	128	heuristic	1894914300	172889711	8059669	49923528	3.32	82664	2.83	11736	1.2	4540	35.37	17514928	774407	749005	25402	0
hprcv2-25k	HG02738_pat_hprc_r2_v1.0.1.merged	edit-distance	16	heuristic	1894914300	415651001	37064620	125001319	3.61	89024	6.03	13852	4.11	4584	36.42	8604964	774407	773889	518	0
hprcv2-25k	HG02738_pat_hprc_r2_v1.0.1.merged	edit-distance	256	heuristic	1894914300	148165230	5346730	42272439	3.54	79756	2.53	11592	0.94	4504	52.74	14676592	774407	732725	41682	0
hprcv2-25k	HG02738_pat_hprc_r2_v1.0.1.merged	edit-distance	32	heuristic	1894914300	291116036	21408541	85194542	3.08	85632	4.36	13832	2.57	4616	27.46	10771628	774407	773151	1256	0
hprcv2-25k	HG02738_pat_hprc_r2_v1.0.1.merged	edit-distance	64	heuristic	1894914300	216098371	12788578	62554337	3.08	81680	3.42	11708	1.71	4628	29.72	13923404	774407	769263	5144	0
hprcv2-25k	HG02809_mat_hprc_r2_v1.0.1.merged	diagonal-distance	16	heuristic	2033368740	204650390	14636221	63657463	3.36	86640	3.28	11232	1.59	4388	62.58	36310528	747996	746494	1502	0
hprcv2-25k	HG02809_mat_hprc_r2_v1.0.1.merged	diagonal-distance	32	heuristic	2033368740	166612884	9394096	50031795	3.55	81976	2.73	11288	1.14	4332	77.03	38552496	747996	743544	4452	0
hprcv2-25k	HG02809_mat_hprc_r2_v1.0.1.merged	diagonal-distance	64	heuristic	2033368740	145074052	6464872	42254936	3.32	83848	2.39	13216	0.89	4476	115.04	48931420	747996	731461	16535	0
hprcv2-25k	HG02809_mat_hprc_r2_v1.0.1.merged	edit-distance	128	heuristic	2033368740	170333888	8230632	49440524	3.45	82448	2.84	11268	1.2	4376	34.9	14032896	747996	722962	25034	0
hprcv2-25k	HG02809_mat_hprc_r2_v1.0.1.merged	edit-distance	16	heuristic	2033368740	431429030	39351254	129234930	3.89	87752	6.08	11460	4.29	4684	34.03	9312700	747996	747489	507	0
hprcv2-25k	HG02809_mat_hprc_r2_v1.0.1.merged	edit-distance	256	heuristic	2033368740	144157842	5378816	41438712	3.49	82460	2.49	13208	0.92	4532	55.77	17028200	747996	707673	40323	0
hprcv2-25k	HG02809_mat_hprc_r2_v1.0.1.merged	edit-distance	32	heuristic	2033368740	297320059	22519000	86870541	3.54	86092	4.42	11228	2.65	4472	26.36	10483192	747996	746732	1264	0
hprcv2-25k	HG02809_mat_hprc_r2_v1.0.1.merged	edit-distance	64	heuristic	2033368740	216668681	13275073	62823262	3.48	83048	3.43	11308	1.72	4548	29.02	11737944	747996	742836	5160	0
hprcv2-25k	HG02809_pat_hprc_r2_v1.0.1.merged	diagonal-distance	16	heuristic	2616927615	259435212	18474769	80801724	4.32	92360	4.2	19356	2.04	4708	75	33682716	950451	948644	1807	0
hprcv2-25k	HG02809_pat_hprc_r2_v1.0.1.merged	diagonal-distance	32	heuristic	2616927615	212026254	11969297	63850228	4.4	90984	3.54	19256	1.45	4660	79.96	34040988	950451	945336	5115	0
hprcv2-25k	HG02809_pat_hprc_r2_v1.0.1.merged	diagonal-distance	64	heuristic	2616927615	184806268	8278833	54025591	4.16	88312	3.13	19148	1.12	4540	120.03	41453996	950451	931312	19139	0
hprcv2-25k	HG02809_pat_hprc_r2_v1.0.1.merged	edit-distance	128	heuristic	2616927615	217063174	10540142	63230262	4.29	90156	3.62	19288	1.55	4616	44.38	14436484	950451	921097	29354	0
hprcv2-25k	HG02809_pat_hprc_r2_v1.0.1.merged	edit-distance	16	heuristic	2616927615	551666822	50259542	165214484	5.06	97828	7.74	19496	5.5	4956	44.34	8942348	950451	949865	586	0
hprcv2-25k	HG02809_pat_hprc_r2_v1.0.1.merged	edit-distance	256	heuristic	2616927615	183604894	6886645	52945528	4.15	90656	3.17	19136	1.15	4544	71.68	18885924	950451	902989	47462	0
hprcv2-25k	HG02809_pat_hprc_r2_v1.0.1.merged	edit-distance	32	heuristic	2616927615	379384839	28715736	110925235	4.58	94144	5.63	13128	3.39	4592	33.97	11186800	950451	948977	1474	0
hprcv2-25k	HG02809_pat_hprc_r2_v1.0.1.merged	edit-distance	64	heuristic	2616927615	276180143	16948007	80259250	4.16	86092	4.31	13244	2.2	4760	37.36	15037268	950451	944353	6098	0
hprcv2-25k	HG02818_mat_hprc_r2_v1.0.1.merged	diagonal-distance	16	heuristic	2013516925	199264273	14208872	61811498	3.01	86120	3.18	13316	1.59	4660	52.07	33393560	726277	724970	1307	0
hprcv2-25k	HG02818_mat_hprc_r2_v1.0.1.merged	diagonal-distance	32	heuristic	2013516925	162531772	9156670	48676378	3.51	82600	2.72	11216	1.13	4356	58.73	33235416	726277	722467	3810	0
hprcv2-25k	HG02818_mat_hprc_r2_v1.0.1.merged	diagonal-distance	64	heuristic	2013516925	141640115	6316510	41136553	3.29	87656	2.35	17372	0.88	4532	88.14	39998528	726277	711563	14714	0
hprcv2-25k	HG02818_mat_hprc_r2_v1.0.1.merged	edit-distance	128	heuristic	2013516925	166602554	8077084	48207795	3.43	88972	2.75	17392	1.18	4536	34.4	15019076	726277	703983	22294	0
hprcv2-25k	HG02818_mat_hprc_r2_v1.0.1.merged	edit-distance	16	heuristic	2013516925	424021402	38782629	126696831	3.79	89220	6.03	11316	4.21	4812	34.03	7638384	726277	725858	419	0
hprcv2-25k	HG02818_mat_hprc_r2_v1.0.1.merged	edit-distance	256	heuristic	2013516925	140886764	5264747	40322895	3.19	84620	2.4	13268	0.9	4516	55.67	15414684	726277	689825	36452	0
hprcv2-25k	HG02818_mat_hprc_r2_v1.0.1.merged	edit-distance	32	heuristic	2013516925	291587845	22147188	84982205	3.58	85856	4.34	13384	2.57	4752	25.97	8927688	726277	725186	1091	0
hprcv2-25k	HG02818_mat_hprc_r2_v1.0.1.merged	edit-distance	64	heuristic	2013516925	212031853	13035550	61328151	3.51	89924	3.31	17376	1.68	4488	28.26	11792508	726277	721626	4651	0
hprcv2-25k	HG02818_pat_hprc_r2_v1.0.1.merged	diagonal-distance	16	heuristic	1897427288	187276410	13529241	58429060	3.05	85376	2.99	10660	1.5	4508	47.26	31625456	677605	676358	1247	0
hprcv2-25k	HG02818_pat_hprc_r2_v1.0.1.merged	diagonal-distance	32	heuristic	1897427288	152969180	8790742	46135711	3.32	87988	2.55	16916	1.07	4316	51.84	30985612	677605	673857	3748	0
hprcv2-25k	HG02818_pat_hprc_r2_v1.0.1.merged	diagonal-distance	64	heuristic	1897427288	133110431	6077338	38950194	3.21	87188	2.21	16836	0.82	4472	81.01	38183420	677605	663033	14572	0
hprcv2-25k	HG02818_pat_hprc_r2_v1.0.1.merged	edit-distance	128	heuristic	1897427288	156318419	7699689	45475224	3.13	83736	2.6	12612	1.1	4344	32.49	15887088	677605	655229	22376	0
hprcv2-25k	HG02818_pat_hprc_r2_v1.0.1.merged	edit-distance	16	heuristic	1897427288	398328273	36716019	119361075	3.57	95016	5.58	16816	3.95	4616	31.33	8596692	677605	677155	450	0
hprcv2-25k	HG02818_pat_hprc_r2_v1.0.1.merged	edit-distance	256	heuristic	1897427288	131935192	5024455	38007778	3.22	82868	2.27	12672	0.84	4456	54.28	18207936	677605	641068	36537	0
hprcv2-25k	HG02818_pat_hprc_r2_v1.0.1.merged	edit-distance	32	heuristic	1897427288	273961901	21052043	80216373	3.26	86776	4.07	10844	2.48	4640	24.26	9509752	677605	676516	1089	0
hprcv2-25k	HG02818_pat_hprc_r2_v1.0.1.merged	edit-distance	64	heuristic	1897427288	199256892	12420033	57918026	3.17	88720	3.22	16692	1.6	4560	26.71	11469888	677605	673101	4504	0
hprcv2-25k	HG02841_mat_hprc_r2_v1.0.1.merged	diagonal-distance	16	heuristic	2129374849	210865855	15263971	65993152	3.25	87792	3.37	17692	1.68	4768	60.39	34278832	763508	761994	1514	0
hprcv2-25k	HG02841_mat_hprc_r2_v1.0.1.merged	diagonal-distance	32	heuristic	2129374849	172392353	9962017	52228567	3.24	86240	2.89	17784	1.21	4552	71.08	35307704	763508	759141	4367	0
hprcv2-25k	HG02841_mat_hprc_r2_v1.0.1.merged	diagonal-distance	64	heuristic	2129374849	150012151	6907780	44141178	3.47	85888	2.52	17640	0.94	4512	108.2	43559308	763508	746878	16630	0
hprcv2-25k	HG02841_mat_hprc_r2_v1.0.1.merged	edit-distance	128	heuristic	2129374849	175968305	8722529	51508122	3.45	85892	2.9	17620	1.27	4572	36.13	14614364	763508	738888	24620	0
hprcv2-25k	HG02841_mat_hprc_r2_v1.0.1.merged	edit-distance	16	heuristic	2129374849	448207888	41272134	134606933	3.86	92444	6.26	17808	4.54	4644	37.57	9263072	763508	763012	496	0
hprcv2-25k	HG02841_mat_hprc_r2_v1.0.1.merged	edit-distance	256	heuristic	2129374849	148574322	5707083	43075847	3.68	80084	2.59	11524	0.96	4500	58.91	16419528	763508	723981	39527	0
hprcv2-25k	HG02841_mat_hprc_r2_v1.0.1.merged	edit-distance	32	heuristic	2129374849	308345948	23640293	90423354	3.7	89640	4.59	17688	2.76	4588	27.13	9865880	763508	762245	1263	0
hprcv2-25k	HG02841_mat_hprc_r2_v1.0.1.merged	edit-distance	64	heuristic	2129374849	224228674	13985622	65403144	3.62	87152	3.53	17752	1.78	4692	29.71	11627112	763508	758276	5232	0
hprcv2-25k	HG02841_pat_hprc_r2_v1.0.1.merged	diagonal-distance	16	heuristic	2567081317	256540904	18371462	79951946	4.53	88092	4.11	15128	2.01	4632	72.44	35274988	935204	933345	1859	0
hprcv2-25k	HG02841_pat_hprc_r2_v1.0.1.merged	diagonal-distance	32	heuristic	2567081317	208864048	11809486	62885995	3.97	87024	3.5	15136	1.44	4604	74.3	33296132	935204	929852	5352	0
hprcv2-25k	HG02841_pat_hprc_r2_v1.0.1.merged	diagonal-distance	64	heuristic	2567081317	181648743	8105279	53054204	4.27	90528	3.07	19124	1.1	4644	113.15	39533360	935204	915021	20183	0
hprcv2-25k	HG02841_pat_hprc_r2_v1.0.1.merged	edit-distance	128	heuristic	2567081317	213353468	10309187	62004712	4.4	86840	3.52	15036	1.51	4760	43.87	13165860	935204	904183	31021	0
hprcv2-25k	HG02841_pat_hprc_r2_v1.0.1.merged	edit-distance	16	heuristic	2567081317	543221936	49611813	162819605	4.88	95528	7.56	17356	5.44	4980	43.88	9330480	935204	934604	600	0
hprcv2-25k	HG02841_pat_hprc_r2_v1.0.1.merged	edit-distance	256	heuristic	2567081317	180069844	6665670	51773124	4.18	90528	3.08	19236	1.15	4668	73.27	17180360	935204	884708	50496	0
hprcv2-25k	HG02841_pat_hprc_r2_v1.0.1.merged	edit-distance	32	heuristic	2567081317	373773010	28335123	109232544	4.63	91056	5.54	15168	3.33	4748	33.16	10549928	935204	933738	1466	0
hprcv2-25k	HG02841_pat_hprc_r2_v1.0.1.merged	edit-distance	64	heuristic	2567081317	271875571	16674576	78880975	4.52	92124	4.35	19156	2.13	4736	36.68	14135220	935204	928906	6298	0
hprcv2-25k	HG02886_mat_hprc_r2_v1.0.1.merged	diagonal-distance	16	heuristic	2436031884	253914559	17425391	78173565	4.45	84800	4.15	13192	1.98	4768	57.03	30290208	973488	971715	1773	0
hprcv2-25k	HG02886_mat_hprc_r2_v1.0.1.merged	diagonal-distance	32	heuristic	2436031884	209326367	11287558	62212697	3.97	85300	3.48	15428	1.4	4708	64.44	29287868	973488	968398	5090	0
hprcv2-25k	HG02886_mat_hprc_r2_v1.0.1.merged	diagonal-distance	64	heuristic	2436031884	183731778	7804057	52968444	4.38	84260	3.1	13340	1.09	4748	107.72	38002692	973488	954503	18985	0
hprcv2-25k	HG02886_mat_hprc_r2_v1.0.1.merged	edit-distance	128	heuristic	2436031884	213310441	9859339	61459058	4.24	85328	3.54	15448	1.48	4788	41.58	14642968	973488	945232	28256	0
hprcv2-25k	HG02886_mat_hprc_r2_v1.0.1.merged	edit-distance	16	heuristic	2436031884	523994568	46876317	156333604	4.92	92312	7.51	13428	5.15	4620	42.28	7482208	973488	972900	588	0
hprcv2-25k	HG02886_mat_hprc_r2_v1.0.1.merged	edit-distance	256	heuristic	2436031884	182280632	6468337	51935709	4.45	84868	3.15	15364	1.14	4668	69.61	16555824	973488	927935	45553	0
hprcv2-25k	HG02886_mat_hprc_r2_v1.0.1.merged	edit-distance	32	heuristic	2436031884	364145973	26829372	105918780	4.36	86632	5.5	13408	3.22	4748	31.6	9448700	973488	972013	1475	0
hprcv2-25k	HG02886_mat_hprc_r2_v1.0.1.merged	edit-distance	64	heuristic	2436031884	268243737	15843813	77327690	3.94	86600	4.28	15352	2.1	4692	34.27	12351456	973488	967426	6062	0
hprcv2-25k	HG02886_pat_hprc_r2_v1.0.1.merged	diagonal-distance	16	heuristic	2472350502	251553037	17809808	77861887	4.22	85648	4.04	13008	1.95	4592	59.56	30648352	924171	922347	1824	0
hprcv2-25k	HG02886_pat_hprc_r2_v1.0.1.merged	diagonal-distance	32	heuristic	2472350502	206153202	11552579	61606154	4.44	83664	3.39	12908	1.4	4752	72.07	33622392	924171	918907	5264	0
hprcv2-25k	HG02886_pat_hprc_r2_v1.0.1.merged	diagonal-distance	64	heuristic	2472350502	179912511	7973300	52116107	4.16	82956	3.05	12980	1.08	4624	110.95	41741704	924171	904527	19644	0
hprcv2-25k	HG02886_pat_hprc_r2_v1.0.1.merged	edit-distance	128	heuristic	2472350502	210090160	10065815	60707492	4.35	86484	3.47	12984	1.46	4676	42.16	14454588	924171	895007	29164	0
hprcv2-25k	HG02886_pat_hprc_r2_v1.0.1.merged	edit-distance	16	heuristic	2472350502	526412298	47804622	157360138	4.75	90440	7.52	13064	5.21	4676	40.86	9312636	924171	923575	596	0
hprcv2-25k	HG02886_pat_hprc_r2_v1.0.1.merged	edit-distance	256	heuristic	2472350502	178261319	6578559	50933331	4.14	83936	3.06	12964	1.13	4540	67.73	16829848	924171	877298	46873	0
hprcv2-25k	HG02886_pat_hprc_r2_v1.0.1.merged	edit-distance	32	heuristic	2472350502	363914631	27381050	106011267	4.34	86932	5.42	12836	3.26	4656	31.92	10349664	924171	922670	1501	0
hprcv2-25k	HG02886_pat_hprc_r2_v1.0.1.merged	edit-distance	64	heuristic	2472350502	266213407	16182956	76900043	4.19	85108	4.21	12892	2.12	4752	34.94	11939804	924171	917966	6205	0
hprcv2-25k	HG02922_hap1_hprc_r2_v1.0.1.merged	diagonal-distance	16	heuristic	2095768186	208976507	15143589	65243957	3.6	82964	3.35	11300	1.66	4752	48.25	29370304	747291	745851	1440	0
hprcv2-25k	HG02922_hap1_hprc_r2_v1.0.1.merged	diagonal-distance	32	heuristic	2095768186	170088570	9787111	51315091	3.31	80876	2.77	11432	1.18	4660	55.06	30326356	747291	742949	4342	0
hprcv2-25k	HG02922_hap1_hprc_r2_v1.0.1.merged	diagonal-distance	64	heuristic	2095768186	147597178	6723388	43184477	3.4	81288	2.43	11408	0.9	4452	91.07	37700800	747291	730832	16459	0
hprcv2-25k	HG02922_hap1_hprc_r2_v1.0.1.merged	edit-distance	128	heuristic	2095768186	173378786	8507672	50464424	3.31	81704	2.86	11440	1.23	4496	36.24	14485412	747291	722365	24926	0
hprcv2-25k	HG02922_hap1_hprc_r2_v1.0.1.merged	edit-distance	16	heuristic	2095768186	442639659	40593232	132739857	3.8	87892	6.24	11532	4.44	4844	35.6	10985896	747291	746833	458	0
hprcv2-25k	HG02922_hap1_hprc_r2_v1.0.1.merged	edit-distance	256	heuristic	2095768186	146138679	5520023	42069915	3.26	80924	2.49	11292	0.93	4592	56.88	15804016	747291	706756	40535	0
hprcv2-25k	HG02922_hap1_hprc_r2_v1.0.1.merged	edit-distance	32	heuristic	2095768186	304404574	23237567	89051359	3.51	84988	4.49	11524	2.7	4696	27.78	13415040	747291	746080	1211	0
hprcv2-25k	HG02922_hap1_hprc_r2_v1.0.1.merged	edit-distance	64	heuristic	2095768186	221209890	13716972	64270017	3.49	84828	3.47	13564	1.76	4664	30.19	13898812	747291	742240	5051	0
hprcv2-25k	HG02922_hap2_hprc_r2_v1.0.1.merged	diagonal-distance	16	heuristic	2330079557	231912569	16747688	72097284	4.03	82756	3.71	12072	1.83	4680	62.4	32731488	827709	826199	1510	0
hprcv2-25k	HG02922_hap2_hprc_r2_v1.0.1.merged	diagonal-distance	32	heuristic	2330079557	189342310	10878357	56856351	3.8	84148	3.15	14240	1.31	4544	91.23	38700572	827709	823264	4445	0
hprcv2-25k	HG02922_hap2_hprc_r2_v1.0.1.merged	diagonal-distance	64	heuristic	2330079557	164793974	7528259	47976605	3.5	83820	2.72	14180	1.02	4476	112.15	42073788	827709	810180	17529	0
hprcv2-25k	HG02922_hap2_hprc_r2_v1.0.1.merged	edit-distance	128	heuristic	2330079557	193163860	9485089	55950845	3.8	82664	3.16	12156	1.38	4660	39.11	12396308	827709	801042	26667	0
hprcv2-25k	HG02922_hap2_hprc_r2_v1.0.1.merged	edit-distance	16	heuristic	2330079557	491318040	45091171	146957566	4.11	90892	6.93	14324	4.93	4680	40.68	10310824	827709	827177	532	0
hprcv2-25k	HG02922_hap2_hprc_r2_v1.0.1.merged	edit-distance	256	heuristic	2330079557	163015508	6175825	46690195	3.78	81464	2.77	12180	1.04	4620	66.33	16379140	827709	784145	43564	0
hprcv2-25k	HG02922_hap2_hprc_r2_v1.0.1.merged	edit-distance	32	heuristic	2330079557	338166563	25837749	98639405	3.89	85360	4.94	12228	3.05	4692	29.95	11042564	827709	826426	1283	0
hprcv2-25k	HG02922_hap2_hprc_r2_v1.0.1.merged	edit-distance	64	heuristic	2330079557	246155032	15272929	71237063	3.87	83164	3.85	12192	1.97	4760	32.47	11285324	827709	822287	5422	0
hprcv2-25k	HG02965_hap1_hprc_r2_v1.0.1.merged	diagonal-distance	16	heuristic	2338692668	239049263	16983356	74157025	3.78	87544	3.83	12568	1.87	4692	61.85	33889892	880353	878589	1764	0
hprcv2-25k	HG02965_hap1_hprc_r2_v1.0.1.merged	diagonal-distance	32	heuristic	2338692668	196234162	11063597	58820627	3.98	84064	3.26	12600	1.37	4580	67.07	32709436	880353	875275	5078	0
hprcv2-25k	HG02965_hap1_hprc_r2_v1.0.1.merged	diagonal-distance	64	heuristic	2338692668	171299728	7648874	49795673	4.08	83332	2.84	12488	1.05	4448	104.04	38975272	880353	861265	19088	0
hprcv2-25k	HG02965_hap1_hprc_r2_v1.0.1.merged	edit-distance	128	heuristic	2338692668	199526962	9602038	57779242	4.1	83664	3.34	12644	1.41	4496	39.27	13344240	880353	851669	28684	0
hprcv2-25k	HG02965_hap1_hprc_r2_v1.0.1.merged	edit-distance	16	heuristic	2338692668	499104965	45593533	149534103	4.49	93096	7.02	12592	5	4764	37.37	10081088	880353	879793	560	0
hprcv2-25k	HG02965_hap1_hprc_r2_v1.0.1.merged	edit-distance	256	heuristic	2338692668	169190765	6249142	48424133	3.88	83092	2.88	12356	1.07	4528	67.54	15267700	880353	833377	46976	0
hprcv2-25k	HG02965_hap1_hprc_r2_v1.0.1.merged	edit-distance	32	heuristic	2338692668	345265614	26129510	100790504	4.15	87492	5.21	12644	3.08	4752	29.7	11035672	880353	878914	1439	0
hprcv2-25k	HG02965_hap1_hprc_r2_v1.0.1.merged	edit-distance	64	heuristic	2338692668	252940592	15460868	73187805	3.82	85008	4	12560	2	4792	32.91	12955056	880353	874393	5960	0
hprcv2-25k	HG02965_hap2_hprc_r2_v1.0.1.merged	diagonal-distance	16	heuristic	2498759459	251451282	17911834	78568497	4.17	84064	4.12	13048	2	4660	64.74	30724616	928806	926971	1835	0
hprcv2-25k	HG02965_hap2_hprc_r2_v1.0.1.merged	diagonal-distance	32	heuristic	2498759459	205996662	11648840	62305582	4.47	82080	3.42	12876	1.41	4556	72.66	32035216	928806	923560	5246	0
hprcv2-25k	HG02965_hap2_hprc_r2_v1.0.1.merged	diagonal-distance	64	heuristic	2498759459	179796146	8077194	52833323	4.1	82056	3.03	12860	1.11	4520	107.74	38171096	928806	908842	19964	0
hprcv2-25k	HG02965_hap2_hprc_r2_v1.0.1.merged	edit-distance	128	heuristic	2498759459	210313132	10211856	61564857	4.42	84688	3.6	15012	1.49	4436	42.03	13424380	928806	898583	30223	0
hprcv2-25k	HG02965_hap2_hprc_r2_v1.0.1.merged	edit-distance	16	heuristic	2498759459	529538681	48307884	158892684	4.65	91212	7.58	13124	5.22	4704	39.8	10931440	928806	928155	651	0
hprcv2-25k	HG02965_hap2_hprc_r2_v1.0.1.merged	edit-distance	256	heuristic	2498759459	178380844	6711296	51758029	4.35	82408	3.05	12924	1.13	4380	68.75	17835004	928806	879825	48981	0
hprcv2-25k	HG02965_hap2_hprc_r2_v1.0.1.merged	edit-distance	32	heuristic	2498759459	365313829	27673589	107157381	4.45	88564	5.5	12920	3.28	4568	31.88	11193032	928806	927244	1562	0
hprcv2-25k	HG02965_hap2_hprc_r2_v1.0.1.merged	edit-distance	64	heuristic	2498759459	266617104	16365580	77834076	4.28	85624	4.21	13048	2.13	4828	35.3	13037968	928806	922542	6264	0
hprcv2-25k	HG02976_hap1_hprc_r2_v1.0.1.merged	diagonal-distance	16	heuristic	2750335972	281516629	19711643	86765075	4.87	85912	4.52	13824	2.2	4756	62.39	27682064	1035854	1034044	1810	0
hprcv2-25k	HG02976_hap1_hprc_r2_v1.0.1.merged	diagonal-distance	32	heuristic	2750335972	230883769	12757377	68655539	4.7	85096	3.77	13824	1.57	4768	79.13	31330616	1035854	1030393	5461	0
hprcv2-25k	HG02976_hap1_hprc_r2_v1.0.1.merged	diagonal-distance	64	heuristic	2750335972	201643833	8785292	58107421	4.66	84648	3.34	13724	1.22	4804	130.75	41188728	1035854	1015342	20512	0
hprcv2-25k	HG02976_hap1_hprc_r2_v1.0.1.merged	edit-distance	128	heuristic	2750335972	235309497	11119223	67723427	4.87	85060	3.99	13888	1.64	4704	46.86	14353740	1035854	1004662	31192	0
hprcv2-25k	HG02976_hap1_hprc_r2_v1.0.1.merged	edit-distance	16	heuristic	2750335972	587529905	52937924	175290009	5.49	91456	8.28	13840	5.7	4960	46.62	11942620	1035854	1035258	596	0
hprcv2-25k	HG02976_hap1_hprc_r2_v1.0.1.merged	edit-distance	256	heuristic	2750335972	200002604	7268538	56888434	4.74	84900	3.41	13792	1.25	4588	74.61	17228964	1035854	985050	50804	0
hprcv2-25k	HG02976_hap1_hprc_r2_v1.0.1.merged	edit-distance	32	heuristic	2750335972	406468600	30288470	118099815	4.85	88624	5.99	13996	3.63	4796	34.99	12912000	1035854	1034345	1509	0
hprcv2-25k	HG02976_hap1_hprc_r2_v1.0.1.merged	edit-distance	64	heuristic	2750335972	297712203	17875907	85694386	4.91	86452	4.64	13928	2.33	4620	38.94	12590972	1035854	1029442	6412	0
hprcv2-25k	HG02976_hap2_hprc_r2_v1.0.1.merged	diagonal-distance	16	heuristic	2094242056	214146398	14947987	65981782	3.48	84532	3.4	11744	1.65	4676	49.2	28223612	795817	794345	1472	0
hprcv2-25k	HG02976_hap2_hprc_r2_v1.0.1.merged	diagonal-distance	32	heuristic	2094242056	175680367	9654164	52217080	3.47	85112	2.86	13888	1.19	4532	57.98	30620712	795817	791346	4471	0
hprcv2-25k	HG02976_hap2_hprc_r2_v1.0.1.merged	diagonal-distance	64	heuristic	2094242056	153344984	6612376	44141458	3.71	84360	2.52	11888	0.92	4596	91.52	37953536	795817	779382	16435	0
hprcv2-25k	HG02976_hap2_hprc_r2_v1.0.1.merged	edit-distance	128	heuristic	2094242056	179203904	8405501	51482942	3.62	83260	2.95	11804	1.25	4380	36.02	12706268	795817	771380	24437	0
hprcv2-25k	HG02976_hap2_hprc_r2_v1.0.1.merged	edit-distance	16	heuristic	2094242056	447931611	40444552	133601715	3.76	90584	6.28	12024	4.4	4636	35.26	11311308	795817	795330	487	0
hprcv2-25k	HG02976_hap2_hprc_r2_v1.0.1.merged	edit-distance	256	heuristic	2094242056	152240460	5469395	43231945	3.47	83348	2.57	11812	0.96	4552	59.55	15344580	795817	756177	39640	0
hprcv2-25k	HG02976_hap2_hprc_r2_v1.0.1.merged	edit-distance	32	heuristic	2094242056	309778024	23104748	89988594	3.54	87136	4.64	11920	2.76	4588	27.26	11303748	795817	794582	1235	0
hprcv2-25k	HG02976_hap2_hprc_r2_v1.0.1.merged	edit-distance	64	heuristic	2094242056	226847335	13605342	65267883	3.73	84604	3.57	11932	1.79	4656	30.01	11571196	795817	790805	5012	0
hprcv2-25k	HG02984_mat_hprc_r2_v1.0.1.merged	diagonal-distance	16	heuristic	2491224465	252322533	17450732	78050940	4.48	86584	4.09	15340	1.98	4616	61.37	31981912	961763	959981	1782	0
hprcv2-25k	HG02984_mat_hprc_r2_v1.0.1.merged	diagonal-distance	32	heuristic	2491224465	207869238	11325534	62138333	4.43	84872	3.45	19192	1.4	4600	69.26	31022096	961763	956572	5191	0
hprcv2-25k	HG02984_mat_hprc_r2_v1.0.1.merged	diagonal-distance	64	heuristic	2491224465	182312135	7841145	52898594	4.4	85296	3.06	15280	1.1	4512	106.17	37880228	961763	942130	19633	0
hprcv2-25k	HG02984_mat_hprc_r2_v1.0.1.merged	edit-distance	128	heuristic	2491224465	212895607	10013194	61671174	4.16	81988	3.53	13112	1.48	4668	41.74	13003836	961763	932141	29622	0
hprcv2-25k	HG02984_mat_hprc_r2_v1.0.1.merged	edit-distance	16	heuristic	2491224465	529640306	47896027	158192347	4.7	89084	7.76	13440	5.25	4736	38.02	7967216	961763	961196	567	0
hprcv2-25k	HG02984_mat_hprc_r2_v1.0.1.merged	edit-distance	256	heuristic	2491224465	181221086	6534737	51936994	4.45	84704	3.12	15144	1.13	4508	68.43	17319628	961763	914031	47732	0
hprcv2-25k	HG02984_mat_hprc_r2_v1.0.1.merged	edit-distance	32	heuristic	2491224465	366487235	27349627	106852631	4.59	85916	5.48	13148	3.25	4600	31.53	9855992	961763	960317	1446	0
hprcv2-25k	HG02984_mat_hprc_r2_v1.0.1.merged	edit-distance	64	heuristic	2491224465	268689943	16123157	77803249	4.18	83432	4.26	13328	2.11	4664	34.79	11515924	961763	955671	6092	0
hprcv2-25k	HG02984_pat_hprc_r2_v1.0.1.merged	diagonal-distance	16	heuristic	2088092740	213380872	15004782	66213470	3.45	85416	3.46	13828	1.66	4584	45.99	29720532	796505	795080	1425	0
hprcv2-25k	HG02984_pat_hprc_r2_v1.0.1.merged	diagonal-distance	32	heuristic	2088092740	175758609	9815004	52751271	3.77	84412	2.92	13804	1.22	4580	59.24	32523124	796505	792279	4226	0
hprcv2-25k	HG02984_pat_hprc_r2_v1.0.1.merged	diagonal-distance	64	heuristic	2088092740	154012580	6843943	44884159	3.27	82812	2.57	13920	0.95	4440	93.8	40061524	796505	780340	16165	0
hprcv2-25k	HG02984_pat_hprc_r2_v1.0.1.merged	edit-distance	128	heuristic	2088092740	178850464	8550456	51990720	3.68	83544	2.96	13836	1.24	4544	34.72	13853512	796505	771948	24557	0
hprcv2-25k	HG02984_pat_hprc_r2_v1.0.1.merged	edit-distance	16	heuristic	2088092740	444234716	40318102	133155702	4	88592	6.33	11756	4.38	4588	34.95	7965368	796505	796044	461	0
hprcv2-25k	HG02984_pat_hprc_r2_v1.0.1.merged	edit-distance	256	heuristic	2088092740	152074284	5607296	43747260	3.53	83904	2.62	13684	0.96	4440	56.6	18111372	796505	756194	40311	0
hprcv2-25k	HG02984_pat_hprc_r2_v1.0.1.merged	edit-distance	32	heuristic	2088092740	308068436	23129982	90035085	3.65	87200	4.6	13864	2.78	4680	26.31	9292884	796505	795352	1153	0
hprcv2-25k	HG02984_pat_hprc_r2_v1.0.1.merged	edit-distance	64	heuristic	2088092740	226094039	13720891	65642459	3.79	85596	3.59	13844	1.79	4552	29.34	12464572	796505	791578	4927	0
hprcv2-25k	HG03017_mat_hprc_r2_v1.0.1.merged	diagonal-distance	16	heuristic	1822725332	194176150	13364898	60007816	3.24	82500	3.08	13344	1.53	4720	73.69	37848432	740632	739286	1346	0
hprcv2-25k	HG03017_mat_hprc_r2_v1.0.1.merged	diagonal-distance	32	heuristic	1822725332	160563293	8738277	47982297	3.33	81176	2.64	13448	1.09	4568	74.44	38386432	740632	736692	3940	0
hprcv2-25k	HG03017_mat_hprc_r2_v1.0.1.merged	diagonal-distance	64	heuristic	1822725332	141090571	6084611	40956830	3.27	80808	2.34	13420	0.83	4580	85.18	38845344	740632	726214	14418	0
hprcv2-25k	HG03017_mat_hprc_r2_v1.0.1.merged	edit-distance	128	heuristic	1822725332	162818554	7554991	47276046	3.23	81056	2.71	13484	1.14	4524	34.18	15831692	740632	718938	21694	0
hprcv2-25k	HG03017_mat_hprc_r2_v1.0.1.merged	edit-distance	16	heuristic	1822725332	395289678	35350843	118812640	3.5	87344	5.67	13512	3.89	4616	35.95	9078796	740632	740163	469	0
hprcv2-25k	HG03017_mat_hprc_r2_v1.0.1.merged	edit-distance	256	heuristic	1822725332	139351276	4981250	40045776	3.23	81424	2.39	13464	0.87	4592	52.67	15874840	740632	705809	34823	0
hprcv2-25k	HG03017_mat_hprc_r2_v1.0.1.merged	edit-distance	32	heuristic	1822725332	275730865	20326725	80861801	3.25	84300	4.18	13560	2.44	4684	26.08	11719104	740632	739486	1146	0
hprcv2-25k	HG03017_mat_hprc_r2_v1.0.1.merged	edit-distance	64	heuristic	1822725332	203942425	12072345	59292949	3.14	82044	3.24	13400	1.61	4756	28.63	13899904	740632	736025	4607	0
hprcv2-25k	HG03017_pat_hprc_r2_v1.0.1.merged	diagonal-distance	16	heuristic	2061571560	219211504	15166667	67774818	3.68	84908	3.52	12228	1.71	4728	54.29	28859916	837042	835507	1535	0
hprcv2-25k	HG03017_pat_hprc_r2_v1.0.1.merged	diagonal-distance	32	heuristic	2061571560	181246617	9929713	54198097	3.72	82884	2.98	12220	1.24	4592	66.06	31074784	837042	832538	4504	0
hprcv2-25k	HG03017_pat_hprc_r2_v1.0.1.merged	diagonal-distance	64	heuristic	2061571560	159081132	6896261	46183301	3.74	83232	2.73	12152	0.97	4388	96.87	37425672	837042	819810	17232	0
hprcv2-25k	HG03017_pat_hprc_r2_v1.0.1.merged	edit-distance	128	heuristic	2061571560	183587900	8554083	53274151	3.67	83452	3.07	12212	1.28	4496	37.49	15549060	837042	811199	25843	0
hprcv2-25k	HG03017_pat_hprc_r2_v1.0.1.merged	edit-distance	16	heuristic	2061571560	447164530	40156147	134489620	3.81	91744	6.4	14380	4.38	4636	38.59	8390816	837042	836514	528	0
hprcv2-25k	HG03017_pat_hprc_r2_v1.0.1.merged	edit-distance	256	heuristic	2061571560	156795622	5596418	44977222	3.54	83768	2.71	12180	0.98	4484	60.01	16145208	837042	795013	42029	0
hprcv2-25k	HG03017_pat_hprc_r2_v1.0.1.merged	edit-distance	32	heuristic	2061571560	311851278	23076616	91374016	3.7	87132	4.69	12168	2.81	4596	28.89	10098476	837042	835779	1263	0
hprcv2-25k	HG03017_pat_hprc_r2_v1.0.1.merged	edit-distance	64	heuristic	2061571560	230430803	13711488	66937914	3.8	84196	3.64	12180	1.83	4616	31.64	13525460	837042	831738	5304	0
hprcv2-25k	HG03041_mat_hprc_r2_v1.0.1.merged	diagonal-distance	16	heuristic	2498195101	249857205	17770846	77758515	4.36	89860	4.04	14936	1.96	4764	80.97	38353588	925049	923313	1736	0
hprcv2-25k	HG03041_mat_hprc_r2_v1.0.1.merged	diagonal-distance	32	heuristic	2498195101	204544673	11525595	61528846	4.28	87788	3.38	12916	1.41	4712	85.89	37881084	925049	920020	5029	0
hprcv2-25k	HG03041_mat_hprc_r2_v1.0.1.merged	diagonal-distance	64	heuristic	2498195101	178235924	7935777	52011154	4.25	87364	2.96	14936	1.09	4592	118.36	43778036	925049	905441	19608	0
hprcv2-25k	HG03041_mat_hprc_r2_v1.0.1.merged	edit-distance	128	heuristic	2498195101	208895951	10080308	60684294	4.45	87496	3.48	12880	1.48	4668	42.4	15582612	925049	896128	28921	0
hprcv2-25k	HG03041_mat_hprc_r2_v1.0.1.merged	edit-distance	16	heuristic	2498195101	528587544	48321135	158254963	4.68	92768	7.49	13000	5.3	4968	41	9177180	925049	924459	590	0
hprcv2-25k	HG03041_mat_hprc_r2_v1.0.1.merged	edit-distance	256	heuristic	2498195101	176955018	6588293	50925132	4.15	89444	3.03	14848	1.11	4328	69.28	16284336	925049	878248	46801	0
hprcv2-25k	HG03041_mat_hprc_r2_v1.0.1.merged	edit-distance	32	heuristic	2498195101	364093152	27617597	106415656	4.27	91076	5.42	15068	3.26	4752	32.21	10966360	925049	923591	1458	0
hprcv2-25k	HG03041_mat_hprc_r2_v1.0.1.merged	edit-distance	64	heuristic	2498195101	265411069	16270572	77023533	4.25	86656	4.16	13004	2.11	4704	34.9	13361852	925049	919052	5997	0
hprcv2-25k	HG03041_pat_hprc_r2_v1.0.1.merged	diagonal-distance	16	heuristic	2044503933	205858989	14382393	63717463	3.49	87964	3.29	13724	1.6	4388	52.17	33261124	772291	770898	1393	0
hprcv2-25k	HG03041_pat_hprc_r2_v1.0.1.merged	diagonal-distance	32	heuristic	2044503933	168846826	9297278	50485910	3.33	85936	2.81	17700	1.14	4564	63.81	32819208	772291	768221	4070	0
hprcv2-25k	HG03041_pat_hprc_r2_v1.0.1.merged	diagonal-distance	64	heuristic	2044503933	147549234	6404177	42802021	3.17	85408	2.46	17520	0.91	4380	95.43	40086772	772291	756528	15763	0
hprcv2-25k	HG03041_pat_hprc_r2_v1.0.1.merged	edit-distance	128	heuristic	2044503933	172692093	8166267	49979141	3.43	85864	2.85	17592	1.21	4480	34.7	14070188	772291	748685	23606	0
hprcv2-25k	HG03041_pat_hprc_r2_v1.0.1.merged	edit-distance	16	heuristic	2044503933	434033883	39284099	129656433	3.77	88380	6.29	13820	4.29	4824	33.75	7851660	772291	771833	458	0
hprcv2-25k	HG03041_pat_hprc_r2_v1.0.1.merged	edit-distance	256	heuristic	2044503933	146484303	5297216	41917049	3.44	81724	2.5	13672	0.96	4628	55.71	15737884	772291	734087	38204	0
hprcv2-25k	HG03041_pat_hprc_r2_v1.0.1.merged	edit-distance	32	heuristic	2044503933	299509840	22422213	87319631	3.63	82872	4.47	11492	2.67	4468	26.48	8915324	772291	771128	1163	0
hprcv2-25k	HG03041_pat_hprc_r2_v1.0.1.merged	edit-distance	64	heuristic	2044503933	218836715	13193578	63317150	3.42	80772	3.45	11560	1.72	4612	28.98	11086372	772291	767439	4852	0
hprcv2-25k	HG03050_mat_hprc_r2_v1.0.1.merged	diagonal-distance	16	heuristic	2354963092	236300384	17081270	73577713	4.08	86668	3.82	12268	1.86	4660	59.11	30594336	846234	844460	1774	0
hprcv2-25k	HG03050_mat_hprc_r2_v1.0.1.merged	diagonal-distance	32	heuristic	2354963092	192277663	11023235	57821112	3.92	85020	3.21	12300	1.31	4752	66.03	30906000	846234	841143	5091	0
hprcv2-25k	HG03050_mat_hprc_r2_v1.0.1.merged	diagonal-distance	64	heuristic	2354963092	166774854	7549848	48602916	4	88052	2.78	12172	1.02	4592	103.9	39302884	846234	826507	19727	0
hprcv2-25k	HG03050_mat_hprc_r2_v1.0.1.merged	edit-distance	128	heuristic	2354963092	195898316	9546235	56821008	4.08	85008	3.25	12368	1.42	4660	40.71	13153048	846234	816664	29570	0
hprcv2-25k	HG03050_mat_hprc_r2_v1.0.1.merged	edit-distance	16	heuristic	2354963092	500049659	45717669	149839581	4.15	94364	7.16	14512	4.94	4556	37.71	8717988	846234	845682	552	0
hprcv2-25k	HG03050_mat_hprc_r2_v1.0.1.merged	edit-distance	256	heuristic	2354963092	165155597	6196814	47401409	4.05	84920	2.8	12292	1.04	4724	65.16	17363648	846234	799172	47062	0
hprcv2-25k	HG03050_mat_hprc_r2_v1.0.1.merged	edit-distance	32	heuristic	2354963092	343925896	26166658	100469916	4.06	90012	5.16	14432	3.09	4744	30.97	11212352	846234	844801	1433	0
hprcv2-25k	HG03050_mat_hprc_r2_v1.0.1.merged	edit-distance	64	heuristic	2354963092	249952672	15424546	72438233	3.77	87564	3.97	12340	2.01	4636	34.26	14195616	846234	840142	6092	0
hprcv2-25k	HG03050_pat_hprc_r2_v1.0.1.merged	diagonal-distance	16	heuristic	2495518770	254450535	17951913	79035769	4.08	82816	4.1	13072	1.99	4584	72.41	35440848	944198	942420	1778	0
hprcv2-25k	HG03050_pat_hprc_r2_v1.0.1.merged	diagonal-distance	32	heuristic	2495518770	209298728	11730969	62882274	4.37	81504	3.47	13068	1.42	4784	95.76	38801676	944198	939109	5089	0
hprcv2-25k	HG03050_pat_hprc_r2_v1.0.1.merged	diagonal-distance	64	heuristic	2495518770	183315515	8186719	53491817	4.17	81048	3.07	13124	1.11	4576	122.89	42671124	944198	925100	19098	0
hprcv2-25k	HG03050_pat_hprc_r2_v1.0.1.merged	edit-distance	128	heuristic	2495518770	213221191	10266038	62068795	4.03	82184	3.55	13088	1.48	4472	41.61	14198576	944198	915426	28772	0
hprcv2-25k	HG03050_pat_hprc_r2_v1.0.1.merged	edit-distance	16	heuristic	2495518770	531548816	48331285	159361697	4.78	88684	7.58	13144	5.25	4552	38.68	8120584	944198	943607	591	0
hprcv2-25k	HG03050_pat_hprc_r2_v1.0.1.merged	edit-distance	256	heuristic	2495518770	181353358	6759195	52264575	4.31	81092	3.12	12992	1.14	4616	66.69	17299744	944198	897416	46782	0
hprcv2-25k	HG03050_pat_hprc_r2_v1.0.1.merged	edit-distance	32	heuristic	2495518770	367839045	27701147	107606895	4.23	87132	5.49	13092	3.3	4748	31.56	9431360	944198	942766	1432	0
hprcv2-25k	HG03050_pat_hprc_r2_v1.0.1.merged	edit-distance	64	heuristic	2495518770	269517036	16418263	78319681	4.06	85036	4.22	15092	2.15	4656	34.73	11659716	944198	938192	6006	0
hprcv2-25k	HG03098_mat_hprc_r2_v1.0.1.merged	diagonal-distance	16	heuristic	2162372604	215904525	15903741	67439715	3.5	87724	3.48	13724	1.72	4740	64.2	34709000	758750	757180	1570	0
hprcv2-25k	HG03098_mat_hprc_r2_v1.0.1.merged	diagonal-distance	32	heuristic	2162372604	174976029	10238351	52758001	3.6	85956	2.92	11684	1.22	4432	70.13	35873472	758750	753977	4773	0
hprcv2-25k	HG03098_mat_hprc_r2_v1.0.1.merged	diagonal-distance	64	heuristic	2162372604	151382156	7011494	44220580	3.63	82980	2.54	11716	0.93	4412	102.68	40889272	758750	740808	17942	0
hprcv2-25k	HG03098_mat_hprc_r2_v1.0.1.merged	edit-distance	128	heuristic	2162372604	178107724	8859247	51707966	3.45	86280	2.93	13520	1.27	4472	36.95	14202628	758750	732008	26742	0
hprcv2-25k	HG03098_mat_hprc_r2_v1.0.1.merged	edit-distance	16	heuristic	2162372604	457598145	42382079	137202478	4.09	93084	6.41	11672	4.6	4712	33.86	9094048	758750	758252	498	0
hprcv2-25k	HG03098_mat_hprc_r2_v1.0.1.merged	edit-distance	256	heuristic	2162372604	149937846	5771168	43080463	3.55	85360	2.56	15632	0.97	4520	60.62	17277004	758750	715397	43353	0
hprcv2-25k	HG03098_mat_hprc_r2_v1.0.1.merged	edit-distance	32	heuristic	2162372604	314361502	24288135	91889046	3.51	89328	4.64	13768	2.86	4636	27.77	10250280	758750	757410	1340	0
hprcv2-25k	HG03098_mat_hprc_r2_v1.0.1.merged	edit-distance	64	heuristic	2162372604	227901111	14318583	66093124	3.61	87216	3.57	11704	1.82	4724	30.13	11738480	758750	753150	5600	0
hprcv2-25k	HG03098_pat_hprc_r2_v1.0.1.merged	diagonal-distance	16	heuristic	2564059069	270558616	19028014	83557556	4.44	92704	4.36	19752	2.1	4784	60.84	30096648	1007951	1005911	2040	0
hprcv2-25k	HG03098_pat_hprc_r2_v1.0.1.merged	diagonal-distance	32	heuristic	2564059069	221784900	12270396	66076586	4.47	90652	3.67	19616	1.51	4724	73.04	31333224	1007951	1002138	5813	0
hprcv2-25k	HG03098_pat_hprc_r2_v1.0.1.merged	diagonal-distance	64	heuristic	2564059069	193565259	8399437	55860119	4.47	90304	3.26	19664	1.18	4724	112.78	37855416	1007951	985478	22473	0
hprcv2-25k	HG03098_pat_hprc_r2_v1.0.1.merged	edit-distance	128	heuristic	2564059069	224642373	10509906	64648673	4.31	84916	3.69	13656	1.59	4744	43.45	14642532	1007951	974587	33364	0
hprcv2-25k	HG03098_pat_hprc_r2_v1.0.1.merged	edit-distance	16	heuristic	2564059069	555647442	50196152	166283018	4.61	91640	8.04	13656	5.44	5028	42.64	8824928	1007951	1007300	651	0
hprcv2-25k	HG03098_pat_hprc_r2_v1.0.1.merged	edit-distance	256	heuristic	2564059069	191272823	6858498	54441414	4.45	86240	3.24	13540	1.2	4744	71.07	16727192	1007951	954143	53808	0
hprcv2-25k	HG03098_pat_hprc_r2_v1.0.1.merged	edit-distance	32	heuristic	2564059069	386028759	28766090	112329489	4.56	95088	5.77	19680	3.45	4704	32.47	11147860	1007951	1006251	1700	0
hprcv2-25k	HG03098_pat_hprc_r2_v1.0.1.merged	edit-distance	64	heuristic	2564059069	283652697	16976430	81714334	4.42	91660	4.44	19552	2.22	4692	36.19	12072964	1007951	1001145	6806	0
hprcv2-25k	HG03130_hap1_hprc_r2_v1.0.1.merged	diagonal-distance	16	heuristic	1659899309	169113052	12280796	52799284	2.66	86824	2.73	16296	1.34	4412	45.69	33430596	607465	606269	1196	0
hprcv2-25k	HG03130_hap1_hprc_r2_v1.0.1.merged	diagonal-distance	32	heuristic	1659899309	138040457	7985922	41665693	2.88	85604	2.29	16228	0.95	4212	50.8	34076164	607465	603855	3610	0
hprcv2-25k	HG03130_hap1_hprc_r2_v1.0.1.merged	diagonal-distance	64	heuristic	1659899309	120091147	5533824	35176791	2.67	81016	1.99	12176	0.74	4308	72.13	37952308	607465	593718	13747	0
hprcv2-25k	HG03130_hap1_hprc_r2_v1.0.1.merged	edit-distance	128	heuristic	1659899309	140090726	6897387	40836852	2.86	86952	2.31	16296	0.98	4424	28.58	14148728	607465	586892	20573	0
hprcv2-25k	HG03130_hap1_hprc_r2_v1.0.1.merged	edit-distance	16	heuristic	1659899309	353470226	32347218	106159269	2.8	92640	5.07	16372	3.52	4696	27.76	10846412	607465	607066	399	0
hprcv2-25k	HG03130_hap1_hprc_r2_v1.0.1.merged	edit-distance	256	heuristic	1659899309	118674307	4551770	34267061	2.77	84468	2.03	16240	0.76	4340	46.39	15356320	607465	573900	33565	0
hprcv2-25k	HG03130_hap1_hprc_r2_v1.0.1.merged	edit-distance	32	heuristic	1659899309	243882336	18588670	71456919	2.76	83528	3.64	12192	2.2	4500	21.94	12179000	607465	606411	1054	0
hprcv2-25k	HG03130_hap1_hprc_r2_v1.0.1.merged	edit-distance	64	heuristic	1659899309	178086327	11034445	51788138	2.82	82740	2.83	12144	1.42	4300	23.7	12026244	607465	603140	4325	0
hprcv2-25k	HG03130_hap2_hprc_r2_v1.0.1.merged	diagonal-distance	16	heuristic	1943662215	198787801	14106529	61859740	3.15	87632	3.21	13184	1.57	4608	48.77	31010096	730938	729546	1392	0
hprcv2-25k	HG03130_hap2_hprc_r2_v1.0.1.merged	diagonal-distance	32	heuristic	1943662215	163035270	9183444	49057557	3.24	85532	2.68	13092	1.13	4404	57.94	32883700	730938	726965	3973	0
hprcv2-25k	HG03130_hap2_hprc_r2_v1.0.1.merged	diagonal-distance	64	heuristic	1943662215	142190682	6338469	41516980	3.28	85576	2.37	13048	0.85	4420	88.59	40441384	730938	716032	14906	0
hprcv2-25k	HG03130_hap2_hprc_r2_v1.0.1.merged	edit-distance	128	heuristic	1943662215	165672297	7940800	48163395	3.22	85972	2.75	13180	1.17	4452	33.55	13724660	730938	708820	22118	0
hprcv2-25k	HG03130_hap2_hprc_r2_v1.0.1.merged	edit-distance	16	heuristic	1943662215	414765778	37600867	124302146	3.71	97108	5.89	17464	4.1	4688	33.76	9595252	730938	730499	439	0
hprcv2-25k	HG03130_hap2_hprc_r2_v1.0.1.merged	edit-distance	256	heuristic	1943662215	140398286	5165367	40371979	3.32	85420	2.39	13292	0.89	4496	54.16	17256200	730938	695098	35840	0
hprcv2-25k	HG03130_hap2_hprc_r2_v1.0.1.merged	edit-distance	32	heuristic	1943662215	286929038	21575210	83903517	3.34	89464	4.25	11196	2.53	4540	25.78	12394892	730938	729786	1152	0
hprcv2-25k	HG03130_hap2_hprc_r2_v1.0.1.merged	edit-distance	64	heuristic	1943662215	210023479	12771026	60964513	3.39	86672	3.27	13184	1.67	4504	27.69	13709992	730938	726196	4742	0
hprcv2-25k	HG03139_hap1_hprc_r2_v1.0.1.merged	diagonal-distance	16	heuristic	1785236347	185769844	12913021	57371058	3.07	88472	3.02	17044	1.44	4464	40.62	28661312	699159	697866	1293	0
hprcv2-25k	HG03139_hap1_hprc_r2_v1.0.1.merged	diagonal-distance	32	heuristic	1785236347	153504198	8457447	45819561	3.33	83104	2.53	10844	1.05	4392	49.7	31467052	699159	695378	3781	0
hprcv2-25k	HG03139_hap1_hprc_r2_v1.0.1.merged	diagonal-distance	64	heuristic	1785236347	134707213	5887800	39013882	3.14	82520	2.21	12884	0.8	4252	79.27	37430420	699159	684322	14837	0
hprcv2-25k	HG03139_hap1_hprc_r2_v1.0.1.merged	edit-distance	128	heuristic	1785236347	156051374	7366656	45128422	3.23	82872	2.58	12980	1.08	4264	30.64	14230728	699159	677027	22132	0
hprcv2-25k	HG03139_hap1_hprc_r2_v1.0.1.merged	edit-distance	16	heuristic	1785236347	383439932	34571610	114659578	3.47	90468	5.5	12904	3.76	4564	27.19	8779188	699159	698741	418	0
hprcv2-25k	HG03139_hap1_hprc_r2_v1.0.1.merged	edit-distance	256	heuristic	1785236347	133240985	4852146	38092875	2.99	87004	2.28	16804	0.84	4272	49.3	15373772	699159	663184	35975	0
hprcv2-25k	HG03139_hap1_hprc_r2_v1.0.1.merged	edit-distance	32	heuristic	1785236347	266596047	19832857	77669029	3.2	87116	3.98	12848	2.38	4548	22.82	8560948	699159	698113	1046	0
hprcv2-25k	HG03139_hap1_hprc_r2_v1.0.1.merged	edit-distance	64	heuristic	1785236347	196353208	11773431	56755165	3.06	84436	3.12	12908	1.53	4308	25.1	11154912	699159	694702	4457	0
hprcv2-25k	HG03139_hap2_hprc_r2_v1.0.1.merged	diagonal-distance	16	heuristic	3073422345	303887530	22196072	95101768	5.02	92684	4.88	14156	2.41	4712	90.38	36383992	1082733	1080553	2180	0
hprcv2-25k	HG03139_hap2_hprc_r2_v1.0.1.merged	diagonal-distance	32	heuristic	3073422345	247266169	14384503	74830053	5.12	85272	4.07	14212	1.74	4616	136.88	44945688	1082733	1076355	6378	0
hprcv2-25k	HG03139_hap2_hprc_r2_v1.0.1.merged	diagonal-distance	64	heuristic	3073422345	214408156	9897450	62944523	4.99	87160	3.55	16208	1.34	4556	173.79	51295264	1082733	1058361	24372	0
hprcv2-25k	HG03139_hap2_hprc_r2_v1.0.1.merged	edit-distance	128	heuristic	3073422345	252154111	12515016	73580901	5.18	91820	4.16	20324	1.81	4640	51.99	14074736	1082733	1046118	36615	0
hprcv2-25k	HG03139_hap2_hprc_r2_v1.0.1.merged	edit-distance	16	heuristic	3073422345	646621952	59730270	194115522	5.85	93984	9.09	16520	6.47	5008	50.56	10167528	1082733	1082035	698	0
hprcv2-25k	HG03139_hap2_hprc_r2_v1.0.1.merged	edit-distance	256	heuristic	3073422345	212158034	8122049	61295296	5.21	86984	3.67	14240	1.36	4484	84.65	17497592	1082733	1023210	59523	0
hprcv2-25k	HG03139_hap2_hprc_r2_v1.0.1.merged	edit-distance	32	heuristic	3073422345	444153535	34211597	130172498	5.14	95196	6.52	20424	4.01	4952	38.49	12603960	1082733	1080971	1762	0
hprcv2-25k	HG03139_hap2_hprc_r2_v1.0.1.merged	edit-distance	64	heuristic	3073422345	322348212	20188894	93823410	5.33	92868	5.02	20404	2.6	4832	42.79	13262336	1082733	1075255	7478	0
hprcv2-25k	HG03195_hap1_hprc_r2_v1.0.1.merged	diagonal-distance	16	heuristic	2019423103	198181732	14236930	61765093	3.32	81584	3.19	11164	1.56	4580	47.27	29107048	718130	716740	1390	0
hprcv2-25k	HG03195_hap1_hprc_r2_v1.0.1.merged	diagonal-distance	32	heuristic	2019423103	161658972	9217602	48700079	3.17	79704	2.7	11176	1.13	4396	59.4	32718248	718130	714203	3927	0
hprcv2-25k	HG03195_hap1_hprc_r2_v1.0.1.merged	diagonal-distance	64	heuristic	2019423103	140675351	6368463	41129248	3.48	79800	2.34	11152	0.86	4504	91.1	38734308	718130	702962	15168	0
hprcv2-25k	HG03195_hap1_hprc_r2_v1.0.1.merged	edit-distance	128	heuristic	2019423103	165666490	8133773	48238774	3.25	80316	2.72	11212	1.18	4596	34.57	13980432	718130	695615	22515	0
hprcv2-25k	HG03195_hap1_hprc_r2_v1.0.1.merged	edit-distance	16	heuristic	2019423103	423801370	38897661	126923151	3.75	88388	5.99	13284	4.23	4680	34.02	8933580	718130	717698	432	0
hprcv2-25k	HG03195_hap1_hprc_r2_v1.0.1.merged	edit-distance	256	heuristic	2019423103	139733220	5295931	40280397	3.22	81480	2.4	13296	0.89	4572	56.99	15655852	718130	681857	36273	0
hprcv2-25k	HG03195_hap1_hprc_r2_v1.0.1.merged	edit-distance	32	heuristic	2019423103	291010786	22221145	85074691	3.47	85628	4.33	13140	2.63	4776	26.03	10802592	718130	717009	1121	0
hprcv2-25k	HG03195_hap1_hprc_r2_v1.0.1.merged	edit-distance	64	heuristic	2019423103	211330447	13097276	61385208	3.41	81228	3.31	11120	1.67	4624	28.76	12654212	718130	713459	4671	0
hprcv2-25k	HG03195_hap2_hprc_r2_v1.0.1.merged	diagonal-distance	16	heuristic	2030367099	203491634	14645959	63476520	3.11	83384	3.28	11380	1.63	4788	66.72	36757088	739997	738558	1439	0
hprcv2-25k	HG03195_hap2_hprc_r2_v1.0.1.merged	diagonal-distance	32	heuristic	2030367099	165913347	9473220	50030794	3.4	81708	2.75	11488	1.16	4500	94.81	44167876	739997	735703	4294	0
hprcv2-25k	HG03195_hap2_hprc_r2_v1.0.1.merged	diagonal-distance	64	heuristic	2030367099	144170571	6512628	42174205	3.35	82828	2.39	11316	0.87	4508	113.27	47123080	739997	723723	16274	0
hprcv2-25k	HG03195_hap2_hprc_r2_v1.0.1.merged	edit-distance	128	heuristic	2030367099	169207293	8253955	49291419	3.4	87428	2.8	11276	1.19	4452	34.45	13664692	739997	715755	24242	0
hprcv2-25k	HG03195_hap2_hprc_r2_v1.0.1.merged	edit-distance	16	heuristic	2030367099	430098163	39306071	128975545	3.75	88712	6.07	11480	4.3	4844	32.79	10108568	739997	739510	487	0
hprcv2-25k	HG03195_hap2_hprc_r2_v1.0.1.merged	edit-distance	256	heuristic	2030367099	142975184	5387939	41240926	3.18	81192	2.49	11324	0.91	4576	57.36	16464620	739997	701059	38938	0
hprcv2-25k	HG03195_hap2_hprc_r2_v1.0.1.merged	edit-distance	32	heuristic	2030367099	296045051	22489043	86605408	3.45	85192	4.43	11488	2.63	4784	26.4	11518484	739997	738796	1201	0
hprcv2-25k	HG03195_hap2_hprc_r2_v1.0.1.merged	edit-distance	64	heuristic	2030367099	215451662	13277391	62611834	3.56	89432	3.43	17556	1.7	4736	28.89	12529964	739997	734856	5141	0
hprcv2-25k	HG03209_hap1_hprc_r2_v1.0.1.merged	diagonal-distance	16	heuristic	2817458144	289844643	20854959	90347719	4.89	92608	4.68	20304	2.3	4716	71.7	32322888	1061458	1059297	2161	0
hprcv2-25k	HG03209_hap1_hprc_r2_v1.0.1.merged	diagonal-distance	32	heuristic	2817458144	236924898	13517651	71380101	4.95	91388	4.01	20244	1.65	4780	82.31	33331136	1061458	1055047	6411	0
hprcv2-25k	HG03209_hap1_hprc_r2_v1.0.1.merged	diagonal-distance	64	heuristic	2817458144	206321186	9315732	60297530	4.76	91204	3.45	20080	1.27	4844	131.96	42872384	1061458	1037115	24343	0
hprcv2-25k	HG03209_hap1_hprc_r2_v1.0.1.merged	edit-distance	128	heuristic	2817458144	240297347	11649441	69908271	4.94	85656	4	14172	1.69	4664	46.89	14506180	1061458	1024777	36681	0
hprcv2-25k	HG03209_hap1_hprc_r2_v1.0.1.merged	edit-distance	16	heuristic	2817458144	603718429	55308021	181260381	5.57	94676	8.63	16272	6.02	4876	43.32	8486232	1061458	1060783	675	0
hprcv2-25k	HG03209_hap1_hprc_r2_v1.0.1.merged	edit-distance	256	heuristic	2817458144	203696482	7614561	58657471	4.89	85144	3.52	14008	1.3	4720	76.55	17036492	1061458	1002100	59358	0
hprcv2-25k	HG03209_hap1_hprc_r2_v1.0.1.merged	edit-distance	32	heuristic	2817458144	417344910	31706505	122102562	4.89	94900	6.23	20132	3.76	5016	35.29	10081412	1061458	1059697	1761	0
hprcv2-25k	HG03209_hap1_hprc_r2_v1.0.1.merged	edit-distance	64	heuristic	2817458144	305027169	18749293	88570628	4.99	92888	4.87	20192	2.44	4740	39.21	12869572	1061458	1053933	7525	0
hprcv2-25k	HG03209_hap2_hprc_r2_v1.0.1.merged	diagonal-distance	16	heuristic	1758203878	170815909	12667473	53533881	2.88	82748	2.78	10024	1.35	4444	47.29	34456992	595867	594688	1179	0
hprcv2-25k	HG03209_hap2_hprc_r2_v1.0.1.merged	diagonal-distance	32	heuristic	1758203878	138611572	8222706	41999452	2.86	83376	2.28	11888	0.98	4412	54.43	35598868	595867	592499	3368	0
hprcv2-25k	HG03209_hap2_hprc_r2_v1.0.1.merged	diagonal-distance	64	heuristic	1758203878	119920470	5669853	35241002	2.78	86172	2.01	16240	0.75	4256	79.16	40444992	595867	582615	13252	0
hprcv2-25k	HG03209_hap2_hprc_r2_v1.0.1.merged	edit-distance	128	heuristic	1758203878	141495870	7171510	41283411	2.75	87404	2.32	16120	1.02	4316	29.9	14547536	595867	575998	19869	0
hprcv2-25k	HG03209_hap2_hprc_r2_v1.0.1.merged	edit-distance	16	heuristic	1758203878	366799163	34147704	110021837	3.29	88484	5.17	10076	3.69	4724	27.12	9282008	595867	595487	380	0
hprcv2-25k	HG03209_hap2_hprc_r2_v1.0.1.merged	edit-distance	256	heuristic	1758203878	118713856	4669361	34300648	2.92	86724	2.04	16148	0.77	4448	49.46	17784272	595867	563833	32034	0
hprcv2-25k	HG03209_hap2_hprc_r2_v1.0.1.merged	edit-distance	32	heuristic	1758203878	251128653	19571063	73564093	2.98	84808	3.72	12276	2.3	4512	22.37	10142896	595867	594934	933	0
hprcv2-25k	HG03209_hap2_hprc_r2_v1.0.1.merged	edit-distance	64	heuristic	1758203878	181538516	11557826	52843224	2.81	89624	2.82	16160	1.47	4232	24.95	12669632	595867	591847	4020	0
hprcv2-25k	HG03225_hap1_hprc_r2_v1.0.1.merged	diagonal-distance	16	heuristic	2012974882	204110908	14513670	63404236	3.36	91280	3.24	17588	1.56	4564	42.86	27492360	750947	749523	1424	0
hprcv2-25k	HG03225_hap1_hprc_r2_v1.0.1.merged	diagonal-distance	32	heuristic	2012974882	167305764	9437702	50235594	3.28	88568	2.81	17428	1.15	4504	50.59	28784680	750947	746689	4258	0
hprcv2-25k	HG03225_hap1_hprc_r2_v1.0.1.merged	diagonal-distance	64	heuristic	2012974882	146196180	6556963	42607643	3.35	83184	2.42	13328	0.91	4488	87.67	37546712	750947	735056	15891	0
hprcv2-25k	HG03225_hap1_hprc_r2_v1.0.1.merged	edit-distance	128	heuristic	2012974882	170589654	8265997	49590547	3.61	87548	2.81	17476	1.21	4484	33.59	14389064	750947	727248	23699	0
hprcv2-25k	HG03225_hap1_hprc_r2_v1.0.1.merged	edit-distance	16	heuristic	2012974882	427667575	39013894	128155421	3.96	90188	6.09	13676	4.26	4816	31.61	8911012	750947	750467	480	0
hprcv2-25k	HG03225_hap1_hprc_r2_v1.0.1.merged	edit-distance	256	heuristic	2012974882	144864802	5442521	41700946	3.09	85968	2.5	13512	0.92	4444	55.94	15970692	750947	712396	38551	0
hprcv2-25k	HG03225_hap1_hprc_r2_v1.0.1.merged	edit-distance	32	heuristic	2012974882	295534473	22343808	86329738	3.57	86680	4.41	13628	2.66	4672	25.21	10339572	750947	749744	1203	0
hprcv2-25k	HG03225_hap1_hprc_r2_v1.0.1.merged	edit-distance	64	heuristic	2012974882	216202136	13224776	62675569	3.42	89312	3.4	17552	1.7	4468	28.22	12291364	750947	746042	4905	0
hprcv2-25k	HG03225_hap2_hprc_r2_v1.0.1.merged	diagonal-distance	16	heuristic	2407528595	238163676	16980340	73900201	4.14	88204	3.87	14564	1.9	4684	70.87	35081268	868358	866691	1667	0
hprcv2-25k	HG03225_hap2_hprc_r2_v1.0.1.merged	diagonal-distance	32	heuristic	2407528595	194632677	10980341	58314013	3.89	87000	3.25	14448	1.32	4560	86.46	37895804	868358	863493	4865	0
hprcv2-25k	HG03225_hap2_hprc_r2_v1.0.1.merged	diagonal-distance	64	heuristic	2407528595	169500051	7552936	49226987	4.04	85944	2.82	14468	1.02	4452	136.93	50913156	868358	849889	18469	0
hprcv2-25k	HG03225_hap2_hprc_r2_v1.0.1.merged	edit-distance	128	heuristic	2407528595	199158234	9641759	57601640	4.22	83800	3.28	12472	1.39	4440	40.26	13375852	868358	840715	27643	0
hprcv2-25k	HG03225_hap2_hprc_r2_v1.0.1.merged	edit-distance	16	heuristic	2407528595	506805767	46415521	151361155	4.73	93668	7.23	14600	5.04	4656	39.72	9263448	868358	867821	537	0
hprcv2-25k	HG03225_hap2_hprc_r2_v1.0.1.merged	edit-distance	256	heuristic	2407528595	168329442	6262027	48150841	3.95	86432	2.88	14544	1.06	4576	68.18	15085804	868358	823451	44907	0
hprcv2-25k	HG03225_hap2_hprc_r2_v1.0.1.merged	edit-distance	32	heuristic	2407528595	348835119	26522658	101584841	3.9	89632	5.2	14688	3.16	4768	30.45	10571536	868358	866925	1433	0
hprcv2-25k	HG03225_hap2_hprc_r2_v1.0.1.merged	edit-distance	64	heuristic	2407528595	253669375	15602342	73331028	3.92	87564	3.96	12352	2.02	4708	33.58	11684532	868358	862684	5674	0
hprcv2-25k	HG03239_mat_hprc_r2_v1.0.1.merged	diagonal-distance	16	heuristic	1967845945	208398192	14301532	64081182	3.6	84200	3.35	13800	1.57	4636	91.26	47428052	794285	792905	1380	0
hprcv2-25k	HG03239_mat_hprc_r2_v1.0.1.merged	diagonal-distance	32	heuristic	1967845945	173194962	9436217	51467808	3.53	87468	2.86	17872	1.17	4444	97.3	49119000	794285	790243	4042	0
hprcv2-25k	HG03239_mat_hprc_r2_v1.0.1.merged	diagonal-distance	64	heuristic	1967845945	153044283	6678706	44179478	3.64	86320	2.51	17724	0.92	4484	110.82	51226004	794285	778834	15451	0
hprcv2-25k	HG03239_mat_hprc_r2_v1.0.1.merged	edit-distance	128	heuristic	1967845945	176133571	8264283	50908098	3.5	82820	2.93	13892	1.24	4584	35.52	16681704	794285	770144	24141	0
hprcv2-25k	HG03239_mat_hprc_r2_v1.0.1.merged	edit-distance	16	heuristic	1967845945	424020050	38157741	127209839	3.85	93792	6.08	15952	4.2	4768	34.66	8672712	794285	793824	461	0
hprcv2-25k	HG03239_mat_hprc_r2_v1.0.1.merged	edit-distance	256	heuristic	1967845945	150928296	5474476	43112400	3.66	82656	2.57	13768	0.94	4608	55.03	15786064	794285	754486	39799	0
hprcv2-25k	HG03239_mat_hprc_r2_v1.0.1.merged	edit-distance	32	heuristic	1967845945	296730348	21997194	86737160	3.5	90500	4.48	18008	2.65	4660	27.01	11297740	794285	793131	1154	0
hprcv2-25k	HG03239_mat_hprc_r2_v1.0.1.merged	edit-distance	64	heuristic	1967845945	220001176	13125646	63753860	3.61	83908	3.5	13716	1.74	4636	29.45	13978868	794285	789415	4870	0
hprcv2-25k	HG03239_pat_hprc_r2_v1.0.1.merged	diagonal-distance	16	heuristic	2175971609	227480653	15869362	70275620	3.84	89400	3.67	18360	1.77	4720	54.62	28452156	853933	852401	1532	0
hprcv2-25k	HG03239_pat_hprc_r2_v1.0.1.merged	diagonal-distance	32	heuristic	2175971609	187602104	10372119	56013504	3.87	88092	3.11	18480	1.26	4436	63.73	31489352	853933	849343	4590	0
hprcv2-25k	HG03239_pat_hprc_r2_v1.0.1.merged	diagonal-distance	64	heuristic	2175971609	164461573	7212208	47656848	3.79	83312	2.76	14472	1.01	4576	93.76	37271236	853933	836588	17345	0
hprcv2-25k	HG03239_pat_hprc_r2_v1.0.1.merged	edit-distance	128	heuristic	2175971609	190694308	9014964	55236622	4.01	87828	3.22	14356	1.31	4540	39.3	16833552	853933	828019	25914	0
hprcv2-25k	HG03239_pat_hprc_r2_v1.0.1.merged	edit-distance	16	heuristic	2175971609	468426679	42320894	140650721	4.26	89588	6.7	14404	4.63	4792	42.3	8278864	853933	853413	520	0
hprcv2-25k	HG03239_pat_hprc_r2_v1.0.1.merged	edit-distance	256	heuristic	2175971609	162440296	5899604	46509398	3.9	87112	2.78	14400	1.02	4384	61.88	15851588	853933	811383	42550	0
hprcv2-25k	HG03239_pat_hprc_r2_v1.0.1.merged	edit-distance	32	heuristic	2175971609	325618586	24312396	95324173	3.83	86608	4.91	14416	2.9	4672	30.19	10545268	853933	852625	1308	0
hprcv2-25k	HG03239_pat_hprc_r2_v1.0.1.merged	edit-distance	64	heuristic	2175971609	239820337	14424521	69570660	3.96	88384	3.83	14376	1.91	4780	33.01	13815988	853933	848484	5449	0
hprcv2-25k	HG03270_hap1_hprc_r2_v1.0.1.merged	diagonal-distance	16	heuristic	2755854249	272282192	19395912	84102729	4.51	89572	4.3	15456	2.11	4740	73.44	32917236	980704	978848	1856	0
hprcv2-25k	HG03270_hap1_hprc_r2_v1.0.1.merged	diagonal-distance	32	heuristic	2755854249	221538498	12434200	65964792	4.59	87660	3.62	15476	1.52	4756	103.85	40542572	980704	975283	5421	0
hprcv2-25k	HG03270_hap1_hprc_r2_v1.0.1.merged	diagonal-distance	64	heuristic	2755854249	192490540	8498971	55493407	4.52	87620	3.19	15484	1.15	4616	147.6	46956964	980704	960157	20547	0
hprcv2-25k	HG03270_hap1_hprc_r2_v1.0.1.merged	edit-distance	128	heuristic	2755854249	227098324	10930902	65291972	4.47	88072	3.68	15508	1.6	4692	47.18	14260096	980704	949561	31143	0
hprcv2-25k	HG03270_hap1_hprc_r2_v1.0.1.merged	edit-distance	16	heuristic	2755854249	580597912	52865783	173158253	5.18	98900	8.17	15552	5.72	5044	46.13	10518404	980704	980079	625	0
hprcv2-25k	HG03270_hap1_hprc_r2_v1.0.1.merged	edit-distance	256	heuristic	2755854249	191759055	7097947	54501152	4.41	87684	3.24	15296	1.21	4704	76.28	16686580	980704	930335	50369	0
hprcv2-25k	HG03270_hap1_hprc_r2_v1.0.1.merged	edit-distance	32	heuristic	2755854249	398855523	30153241	115835438	4.74	91380	5.83	15528	3.75	4596	35.86	10976852	980704	979144	1560	0
hprcv2-25k	HG03270_hap1_hprc_r2_v1.0.1.merged	edit-distance	64	heuristic	2755854249	289765319	17709473	83332680	4.65	89180	4.49	15360	2.3	4700	39.07	13213068	980704	974254	6450	0
hprcv2-25k	HG03270_hap2_hprc_r2_v1.0.1.merged	diagonal-distance	16	heuristic	2248328991	234073701	16351292	72116290	4.02	88448	4.05	14604	1.81	4788	61.06	33819956	874269	872674	1595	0
hprcv2-25k	HG03270_hap2_hprc_r2_v1.0.1.merged	diagonal-distance	32	heuristic	2248328991	191749231	10523982	56964901	3.89	86024	3.17	12548	1.32	4576	78	37331972	874269	869611	4658	0
hprcv2-25k	HG03270_hap2_hprc_r2_v1.0.1.merged	diagonal-distance	64	heuristic	2248328991	167238751	7184999	48106085	3.84	90384	2.81	18552	0.99	4484	110.44	41339852	874269	856377	17892	0
hprcv2-25k	HG03270_hap2_hprc_r2_v1.0.1.merged	edit-distance	128	heuristic	2248328991	194811516	9063283	55901932	3.96	91268	3.23	18628	1.36	4496	38.66	13894964	874269	847810	26459	0
hprcv2-25k	HG03270_hap2_hprc_r2_v1.0.1.merged	edit-distance	16	heuristic	2248328991	484375684	43507611	144534396	4.11	94048	6.84	14584	5.51	4700	38.72	10793620	874269	873771	498	0
hprcv2-25k	HG03270_hap2_hprc_r2_v1.0.1.merged	edit-distance	256	heuristic	2248328991	165495369	5863917	46907076	3.92	85936	2.81	14552	1.03	4488	62.49	17499884	874269	830852	43417	0
hprcv2-25k	HG03270_hap2_hprc_r2_v1.0.1.merged	edit-distance	32	heuristic	2248328991	335746791	24904171	97538944	3.8	90096	5.05	14520	2.99	4760	29.86	12589924	874269	872944	1325	0
hprcv2-25k	HG03270_hap2_hprc_r2_v1.0.1.merged	edit-distance	64	heuristic	2248328991	246422057	14677393	70824640	3.89	87472	3.9	14636	1.92	4736	32.53	12263880	874269	868785	5484	0
hprcv2-25k	HG03369_hap1_hprc_r2_v1.0.1.merged	diagonal-distance	16	heuristic	2615988129	255840389	18092480	79123879	4.4	91228	4.11	19136	2.04	4668	68.24	33637172	935565	933936	1629	0
hprcv2-25k	HG03369_hap1_hprc_r2_v1.0.1.merged	diagonal-distance	32	heuristic	2615988129	209081486	11678355	62407066	4.29	89428	3.48	21288	1.43	4668	104.16	43404672	935565	930896	4669	0
hprcv2-25k	HG03369_hap1_hprc_r2_v1.0.1.merged	diagonal-distance	64	heuristic	2615988129	182339692	8055338	52767163	4.57	91640	3.05	18988	1.09	4432	238.15	68647292	935565	917571	17994	0
hprcv2-25k	HG03369_hap1_hprc_r2_v1.0.1.merged	edit-distance	128	heuristic	2615988129	214921863	10373073	62034495	4.39	83432	3.54	13064	1.5	4632	43.58	14810804	935565	908279	27286	0
hprcv2-25k	HG03369_hap1_hprc_r2_v1.0.1.merged	edit-distance	16	heuristic	2615988129	548506063	50099651	163528818	4.93	97264	7.86	19320	5.57	4672	44.06	10016084	935565	934987	578	0
hprcv2-25k	HG03369_hap1_hprc_r2_v1.0.1.merged	edit-distance	256	heuristic	2615988129	181851082	6772528	51929786	4.26	84168	3.1	15116	1.16	4560	72.41	18092416	935565	891079	44486	0
hprcv2-25k	HG03369_hap1_hprc_r2_v1.0.1.merged	edit-distance	32	heuristic	2615988129	376588680	28540768	109531934	4.54	93884	5.56	19292	3.34	4560	33.53	11793952	935565	934174	1391	0
hprcv2-25k	HG03369_hap1_hprc_r2_v1.0.1.merged	edit-distance	64	heuristic	2615988129	273661103	16763461	78958730	4.38	91172	4.27	19252	2.17	4540	36.69	12633376	935565	929946	5619	0
hprcv2-25k	HG03369_hap2_hprc_r2_v1.0.1.merged	diagonal-distance	16	heuristic	1865234002	191519881	13673384	59343141	3.19	87836	3.06	16968	1.49	4380	48.82	33770748	695650	694334	1316	0
hprcv2-25k	HG03369_hap2_hprc_r2_v1.0.1.merged	diagonal-distance	32	heuristic	1865234002	157503394	8967196	47145148	3.22	86672	2.56	17068	1.1	4404	53.84	32582632	695650	691742	3908	0
hprcv2-25k	HG03369_hap2_hprc_r2_v1.0.1.merged	diagonal-distance	64	heuristic	1865234002	137933219	6291822	40063021	3.13	79364	2.29	10640	0.84	4364	82.31	39429212	695650	679812	15838	0
hprcv2-25k	HG03369_hap2_hprc_r2_v1.0.1.merged	edit-distance	128	heuristic	1865234002	160034335	7818118	46390452	3.33	86628	2.65	16976	1.12	4332	31.25	12799396	695650	671952	23698	0
hprcv2-25k	HG03369_hap2_hprc_r2_v1.0.1.merged	edit-distance	16	heuristic	1865234002	396389648	36203121	118730493	3.59	91300	5.67	17156	3.93	4520	32.8	10595556	695650	695178	472	0
hprcv2-25k	HG03369_hap2_hprc_r2_v1.0.1.merged	edit-distance	256	heuristic	1865234002	136179500	5191598	39054870	3.2	86140	2.3	17040	0.86	4272	50.55	15660352	695650	657070	38580	0
hprcv2-25k	HG03369_hap2_hprc_r2_v1.0.1.merged	edit-distance	32	heuristic	1865234002	275301579	20879113	80373545	3.14	92076	4.1	18952	2.47	4604	23.7	11599064	695650	694524	1126	0
hprcv2-25k	HG03369_hap2_hprc_r2_v1.0.1.merged	edit-distance	64	heuristic	1865234002	202056990	12423790	58519796	3.06	87624	3.19	17004	1.6	4500	26.23	12427236	695650	690944	4706	0
hprcv2-25k	HG03453_mat_hprc_r2_v1.0.1.merged	diagonal-distance	16	heuristic	1936747569	196905040	13536930	60434959	3.4	89144	3.12	17604	1.48	4612	44.95	29306116	743140	741877	1263	0
hprcv2-25k	HG03453_mat_hprc_r2_v1.0.1.merged	diagonal-distance	32	heuristic	1936747569	161895092	8723120	47908040	3.29	88248	2.66	19544	1.08	4544	58.78	31518776	743140	739415	3725	0
hprcv2-25k	HG03453_mat_hprc_r2_v1.0.1.merged	diagonal-distance	64	heuristic	1936747569	142088736	6033436	40758319	3.32	89380	2.36	17492	0.84	4500	91.11	39247552	743140	729175	13965	0
hprcv2-25k	HG03453_mat_hprc_r2_v1.0.1.merged	edit-distance	128	heuristic	1936747569	165928400	7727185	47573102	3.36	89500	2.72	17560	1.16	4600	32.66	14571160	743140	722181	20959	0
hprcv2-25k	HG03453_mat_hprc_r2_v1.0.1.merged	edit-distance	16	heuristic	1936747569	412098666	37057201	122560594	3.84	87380	5.94	11612	4.03	4736	33.94	10597108	743140	742722	418	0
hprcv2-25k	HG03453_mat_hprc_r2_v1.0.1.merged	edit-distance	256	heuristic	1936747569	141436908	5045930	40052939	3.32	87540	2.4	17496	0.86	4556	53.86	16863236	743140	708707	34433	0
hprcv2-25k	HG03453_mat_hprc_r2_v1.0.1.merged	edit-distance	32	heuristic	1936747569	285353968	21164001	82711939	3.34	86784	4.25	13504	2.51	4700	25.33	12689872	743140	742096	1044	0
hprcv2-25k	HG03453_mat_hprc_r2_v1.0.1.merged	edit-distance	64	heuristic	1936747569	209379497	12459844	60117370	3.17	88544	3.32	17528	1.63	4536	27.39	10511760	743140	738718	4422	0
hprcv2-25k	HG03453_pat_hprc_r2_v1.0.1.merged	diagonal-distance	16	heuristic	1729495278	176133379	12737896	54873773	2.95	87260	2.81	16512	1.39	4428	45.97	31648984	632908	631703	1205	0
hprcv2-25k	HG03453_pat_hprc_r2_v1.0.1.merged	diagonal-distance	32	heuristic	1729495278	143917653	8289886	43336571	2.86	85004	2.37	16396	1	4288	53.22	32844772	632908	629391	3517	0
hprcv2-25k	HG03453_pat_hprc_r2_v1.0.1.merged	diagonal-distance	64	heuristic	1729495278	125278510	5742471	36594740	2.78	84288	2.09	16528	0.77	4240	80.36	40341052	632908	619370	13538	0
hprcv2-25k	HG03453_pat_hprc_r2_v1.0.1.merged	edit-distance	128	heuristic	1729495278	146100524	7159398	42469832	2.88	85400	2.42	16492	1.03	4208	29.61	14015592	632908	611982	20926	0
hprcv2-25k	HG03453_pat_hprc_r2_v1.0.1.merged	edit-distance	16	heuristic	1729495278	368215563	33758046	110406500	3.24	92276	5.28	16648	3.71	4648	27.54	9151932	632908	632477	431	0
hprcv2-25k	HG03453_pat_hprc_r2_v1.0.1.merged	edit-distance	256	heuristic	1729495278	123684159	4702422	35593669	2.87	84940	2.1	16388	0.79	4164	48.8	16399160	632908	598783	34125	0
hprcv2-25k	HG03453_pat_hprc_r2_v1.0.1.merged	edit-distance	32	heuristic	1729495278	254300452	19389598	74368631	3.01	89244	3.81	16456	2.29	4564	22.21	10890660	632908	631873	1035	0
hprcv2-25k	HG03453_pat_hprc_r2_v1.0.1.merged	edit-distance	64	heuristic	1729495278	185618021	11487156	53884593	2.76	82336	2.93	12420	1.47	4332	24.6	11655948	632908	628723	4185	0
hprcv2-25k	HG03470_hap1_hprc_r2_v1.0.1.merged	diagonal-distance	16	heuristic	2458711730	244371980	17468573	75934555	4.22	92424	3.92	18580	1.93	4724	62.34	32358484	888298	886578	1720	0
hprcv2-25k	HG03470_hap1_hprc_r2_v1.0.1.merged	diagonal-distance	32	heuristic	2458711730	199497455	11295854	59879578	3.72	84260	3.27	12568	1.38	4584	72.15	31961920	888298	883249	5049	0
hprcv2-25k	HG03470_hap1_hprc_r2_v1.0.1.merged	diagonal-distance	64	heuristic	2458711730	173967304	7827442	50661371	3.9	84096	2.92	12492	1.06	4496	107.88	38411368	888298	869415	18883	0
hprcv2-25k	HG03470_hap1_hprc_r2_v1.0.1.merged	edit-distance	128	heuristic	2458711730	204057821	9918074	59165416	3.89	84288	3.38	12604	1.45	4492	41.84	15270612	888298	859506	28792	0
hprcv2-25k	HG03470_hap1_hprc_r2_v1.0.1.merged	edit-distance	16	heuristic	2458711730	517763907	47311236	154893833	4.76	98388	7.36	18952	5.14	4604	42.52	9267852	888298	887707	591	0
hprcv2-25k	HG03470_hap1_hprc_r2_v1.0.1.merged	edit-distance	256	heuristic	2458711730	172488291	6466578	49489684	3.86	84328	2.91	18624	1.1	4496	67.55	17450120	888298	841420	46878	0
hprcv2-25k	HG03470_hap1_hprc_r2_v1.0.1.merged	edit-distance	32	heuristic	2458711730	356442720	27069758	104052494	4.31	94468	5.32	18796	3.2	4744	30.99	10674692	888298	886838	1460	0
hprcv2-25k	HG03470_hap1_hprc_r2_v1.0.1.merged	edit-distance	64	heuristic	2458711730	259607943	15982696	75249148	4.33	86304	4.09	12548	2.06	4748	34.37	13181608	888298	882418	5880	0
hprcv2-25k	HG03470_hap2_hprc_r2_v1.0.1.merged	diagonal-distance	16	heuristic	2410231021	241936080	17202235	75252259	4.04	85188	3.94	12596	1.92	4644	62.87	33020952	894493	892898	1595	0
hprcv2-25k	HG03470_hap2_hprc_r2_v1.0.1.merged	diagonal-distance	32	heuristic	2410231021	197960696	11143762	59510693	4.13	83120	3.29	12676	1.35	4528	69.89	33891084	894493	889589	4904	0
hprcv2-25k	HG03470_hap2_hprc_r2_v1.0.1.merged	diagonal-distance	64	heuristic	2410231021	172501094	7674580	50309774	4.09	89068	2.93	18820	1.06	4688	106.99	40613384	894493	875762	18731	0
hprcv2-25k	HG03470_hap2_hprc_r2_v1.0.1.merged	edit-distance	128	heuristic	2410231021	202146515	9745059	58735435	3.73	83428	3.34	12748	1.42	4440	40.74	14265016	894493	866451	28042	0
hprcv2-25k	HG03470_hap2_hprc_r2_v1.0.1.merged	edit-distance	16	heuristic	2410231021	510606213	46561391	152791231	4.66	90728	7.26	12696	5.09	4732	38.7	8084312	894493	893982	511	0
hprcv2-25k	HG03470_hap2_hprc_r2_v1.0.1.merged	edit-distance	256	heuristic	2410231021	171306398	6378659	49305579	4.15	82896	2.92	12616	1.1	4460	68.58	16886644	894493	848992	45501	0
hprcv2-25k	HG03470_hap2_hprc_r2_v1.0.1.merged	edit-distance	32	heuristic	2410231021	352001573	26627009	102814776	4.13	93436	5.23	12772	3.15	4692	30.61	9607428	894493	893206	1287	0
hprcv2-25k	HG03470_hap2_hprc_r2_v1.0.1.merged	edit-distance	64	heuristic	2410231021	256673973	15693569	74458485	4.07	84980	4.03	12688	2.05	4676	33.85	13237268	894493	888773	5720	0
hprcv2-25k	HG03471_hap1_hprc_r2_v1.0.1.merged	diagonal-distance	16	heuristic	1476003242	149152129	11133606	46866254	2.38	84928	2.41	17376	1.21	4412	38.87	31336600	517995	516872	1123	0
hprcv2-25k	HG03471_hap1_hprc_r2_v1.0.1.merged	diagonal-distance	32	heuristic	1476003242	120913542	7224328	36745488	2.27	83476	2.01	15264	0.84	4404	55.01	39842352	517995	514713	3282	0
hprcv2-25k	HG03471_hap1_hprc_r2_v1.0.1.merged	diagonal-distance	64	heuristic	1476003242	104411319	4960171	30767317	2.42	82524	1.73	15440	0.64	4256	77.37	44996104	517995	505551	12444	0
hprcv2-25k	HG03471_hap1_hprc_r2_v1.0.1.merged	edit-distance	128	heuristic	1476003242	122303949	6162357	35760687	2.47	77356	2.03	9296	0.87	4212	25.64	13749636	517995	499406	18589	0
hprcv2-25k	HG03471_hap1_hprc_r2_v1.0.1.merged	edit-distance	16	heuristic	1476003242	313872571	29052827	94509961	2.78	83984	4.41	9516	3.11	4608	22.56	7826900	517995	517637	358	0
hprcv2-25k	HG03471_hap1_hprc_r2_v1.0.1.merged	edit-distance	256	heuristic	1476003242	102708231	4003098	29715120	2.29	77296	1.76	9456	0.65	4308	41.99	16333340	517995	487945	30050	0
hprcv2-25k	HG03471_hap1_hprc_r2_v1.0.1.merged	edit-distance	32	heuristic	1476003242	215706624	16704279	63363402	2.49	80804	3.23	9452	1.97	4588	19.4	9950316	517995	517133	862	0
hprcv2-25k	HG03471_hap1_hprc_r2_v1.0.1.merged	edit-distance	64	heuristic	1476003242	156635563	9911934	45672233	2.46	78600	2.46	9476	1.25	4436	21.35	9720128	517995	514245	3750	0
hprcv2-25k	HG03471_hap2_hprc_r2_v1.0.1.merged	diagonal-distance	16	heuristic	1909376902	197686842	13849107	60951097	3.22	89796	3.14	17512	1.55	4744	42.89	28605164	736758	735355	1403	0
hprcv2-25k	HG03471_hap2_hprc_r2_v1.0.1.merged	diagonal-distance	32	heuristic	1909376902	162208374	8959602	48245425	3.22	88816	2.69	17480	1.12	4500	60.7	35896692	736758	732720	4038	0
hprcv2-25k	HG03471_hap2_hprc_r2_v1.0.1.merged	diagonal-distance	64	heuristic	1909376902	141645609	6159924	40816988	3.1	82368	2.35	11284	0.86	4500	90.02	42116224	736758	721728	15030	0
hprcv2-25k	HG03471_hap2_hprc_r2_v1.0.1.merged	edit-distance	128	heuristic	1909376902	164822240	7745370	47379910	3.21	89108	2.72	17532	1.14	4444	32.81	14143716	736758	714441	22317	0
hprcv2-25k	HG03471_hap2_hprc_r2_v1.0.1.merged	edit-distance	16	heuristic	1909376902	409272010	36931565	122185588	3.45	95880	5.85	17568	4.06	4808	29.99	9385348	736758	736272	486	0
hprcv2-25k	HG03471_hap2_hprc_r2_v1.0.1.merged	edit-distance	256	heuristic	1909376902	140072699	5036707	39780766	3.38	88708	2.4	17404	0.88	4416	53.35	15956912	736758	700506	36252	0
hprcv2-25k	HG03471_hap2_hprc_r2_v1.0.1.merged	edit-distance	32	heuristic	1909376902	283878640	21163534	82527293	3.17	92316	4.27	17452	2.54	4848	24.98	10562408	736758	735606	1152	0
hprcv2-25k	HG03471_hap2_hprc_r2_v1.0.1.merged	edit-distance	64	heuristic	1909376902	208362371	12498687	59979651	3.35	91764	3.27	17320	1.62	4596	27.08	11801472	736758	732033	4725	0
hprcv2-25k	HG03486_mat_hprc_r2_v1.0.1.merged	diagonal-distance	16	heuristic	2122880649	210693803	15303418	65617948	3.67	89896	3.33	17628	1.68	4672	57.29	31928260	754047	752592	1455	0
hprcv2-25k	HG03486_mat_hprc_r2_v1.0.1.merged	diagonal-distance	32	heuristic	2122880649	171850097	9950445	51710913	3.68	88292	2.8	17700	1.21	4600	60.79	31540892	754047	749785	4262	0
hprcv2-25k	HG03486_mat_hprc_r2_v1.0.1.merged	diagonal-distance	64	heuristic	2122880649	149170343	6854478	43513511	3.39	88320	2.5	17580	0.92	4540	89.53	37368008	754047	737639	16408	0
hprcv2-25k	HG03486_mat_hprc_r2_v1.0.1.merged	edit-distance	128	heuristic	2122880649	175124856	8647105	50812723	3.39	88444	2.86	17448	1.25	4504	36.1	15082308	754047	728973	25074	0
hprcv2-25k	HG03486_mat_hprc_r2_v1.0.1.merged	edit-distance	16	heuristic	2122880649	447443085	41244719	133948435	4.02	88848	6.33	11716	4.51	4672	32.77	9741748	754047	753584	463	0
hprcv2-25k	HG03486_mat_hprc_r2_v1.0.1.merged	edit-distance	256	heuristic	2122880649	147386071	5592480	42273362	3.55	89036	2.52	17600	0.95	4524	58.54	16749304	754047	713371	40676	0
hprcv2-25k	HG03486_mat_hprc_r2_v1.0.1.merged	edit-distance	32	heuristic	2122880649	307614562	23629436	89844502	3.58	86284	4.56	11536	2.77	4704	27.38	12246292	754047	752827	1220	0
hprcv2-25k	HG03486_mat_hprc_r2_v1.0.1.merged	edit-distance	64	heuristic	2122880649	223533279	13946729	64785153	3.71	83916	3.53	13316	1.79	4672	29.86	14398904	754047	748995	5052	0
hprcv2-25k	HG03486_pat_hprc_r2_v1.0.1.merged	diagonal-distance	16	heuristic	2175671691	217452753	15835489	67980528	3.6	90300	3.48	19764	1.72	4736	75.06	39178004	778510	776990	1520	0
hprcv2-25k	HG03486_pat_hprc_r2_v1.0.1.merged	diagonal-distance	32	heuristic	2175671691	176562583	10203326	53339718	3.69	88556	2.89	17524	1.23	4580	157.04	64805904	778510	773999	4511	0
hprcv2-25k	HG03486_pat_hprc_r2_v1.0.1.merged	diagonal-distance	64	heuristic	2175671691	153037456	7002779	44840404	3.56	86756	2.53	11652	0.95	4572	209.33	73824656	778510	761433	17077	0
hprcv2-25k	HG03486_pat_hprc_r2_v1.0.1.merged	edit-distance	128	heuristic	2175671691	179820210	8830837	52389029	3.48	84604	2.96	13800	1.28	4532	37.04	14102520	778510	752191	26319	0
hprcv2-25k	HG03486_pat_hprc_r2_v1.0.1.merged	edit-distance	16	heuristic	2175671691	460503226	42195894	138216900	4.2	94952	6.51	17920	4.61	4532	37.68	8280360	778510	777988	522	0
hprcv2-25k	HG03486_pat_hprc_r2_v1.0.1.merged	edit-distance	256	heuristic	2175671691	151644448	5766639	43770850	3.72	83744	2.58	11708	0.97	4516	60.07	16659568	778510	735561	42949	0
hprcv2-25k	HG03486_pat_hprc_r2_v1.0.1.merged	edit-distance	32	heuristic	2175671691	316470426	24167900	92676417	3.78	88028	4.65	13596	2.84	4664	28.44	10930776	778510	777210	1300	0
hprcv2-25k	HG03486_pat_hprc_r2_v1.0.1.merged	edit-distance	64	heuristic	2175671691	229790722	14258757	66808323	3.79	84872	3.61	13804	1.87	4672	30.73	12883996	778510	773274	5236	0
hprcv2-25k	HG03516_mat_hprc_r2_v1.1.0.merged	diagonal-distance	16	heuristic	2613238361	268091334	18693796	82972836	4.53	93352	4.29	19804	2.1	4680	72.65	35211460	1009187	1007510	1677	0
hprcv2-25k	HG03516_mat_hprc_r2_v1.1.0.merged	diagonal-distance	32	heuristic	2613238361	220449435	12131019	65924851	4.66	91808	3.61	19776	1.51	4828	109.92	43330096	1009187	1004171	5016	0
hprcv2-25k	HG03516_mat_hprc_r2_v1.1.0.merged	diagonal-distance	64	heuristic	2613238361	192855254	8368055	55944220	4.46	86916	3.18	15516	1.17	4644	148.27	48133232	1009187	989489	19698	0
hprcv2-25k	HG03516_mat_hprc_r2_v1.1.0.merged	edit-distance	128	heuristic	2613238361	224687346	10579076	65012851	4.51	88132	3.74	15620	1.58	4624	44.26	14809280	1009187	979557	29630	0
hprcv2-25k	HG03516_mat_hprc_r2_v1.1.0.merged	edit-distance	16	heuristic	2613238361	558235212	50382903	166858862	5.2	98480	7.98	19824	5.44	4960	42.28	8820584	1009187	1008627	560	0
hprcv2-25k	HG03516_mat_hprc_r2_v1.1.0.merged	edit-distance	256	heuristic	2613238361	191069044	6885632	54666834	4.49	86860	3.27	15668	1.2	4784	71.19	16682300	1009187	960833	48354	0
hprcv2-25k	HG03516_mat_hprc_r2_v1.1.0.merged	edit-distance	32	heuristic	2613238361	386773690	28853607	112807605	4.74	91192	5.77	15484	3.46	4544	33.47	11505824	1009187	1007762	1425	0
hprcv2-25k	HG03516_mat_hprc_r2_v1.1.0.merged	edit-distance	64	heuristic	2613238361	283835638	17043053	82120177	4.62	88728	4.49	13608	2.23	4640	36.72	10837328	1009187	1002963	6224	0
hprcv2-25k	HG03516_pat_hprc_r2_v1.1.0.merged	diagonal-distance	16	heuristic	1896281801	187946437	13551484	58522135	3.23	90508	3.02	14848	1.54	4452	60.56	37931868	680299	678942	1357	0
hprcv2-25k	HG03516_pat_hprc_r2_v1.1.0.merged	diagonal-distance	32	heuristic	1896281801	153107585	8744583	46042323	3.23	89496	2.53	16872	1.07	4428	81.04	41850520	680299	676193	4106	0
hprcv2-25k	HG03516_pat_hprc_r2_v1.1.0.merged	diagonal-distance	64	heuristic	1896281801	133020424	6004436	38778355	3.26	88260	2.22	16952	0.81	4260	101.94	46480524	680299	665283	15016	0
hprcv2-25k	HG03516_pat_hprc_r2_v1.1.0.merged	edit-distance	128	heuristic	1896281801	156531196	7656587	45423091	3.01	89652	2.57	16780	1.12	4304	32.47	13692876	680299	657480	22819	0
hprcv2-25k	HG03516_pat_hprc_r2_v1.1.0.merged	edit-distance	16	heuristic	1896281801	399924910	36810900	119754984	3.67	93476	5.62	17096	3.99	4772	28.24	10100508	680299	679837	462	0
hprcv2-25k	HG03516_pat_hprc_r2_v1.1.0.merged	edit-distance	256	heuristic	1896281801	132080720	4977980	37929770	3.16	88680	2.26	16776	0.83	4200	53.09	16345536	680299	643399	36900	0
hprcv2-25k	HG03516_pat_hprc_r2_v1.1.0.merged	edit-distance	32	heuristic	1896281801	274872367	21036540	80287161	3.33	88788	4.15	10828	2.49	4604	24.37	11558860	680299	679151	1148	0
hprcv2-25k	HG03516_pat_hprc_r2_v1.1.0.merged	edit-distance	64	heuristic	1896281801	199734502	12381491	57886230	3.3	84524	3.13	10480	1.59	4408	26.33	11754132	680299	675564	4735	0
hprcv2-25k	HG03521_hap1_hprc_r2_v1.0.1.merged	diagonal-distance	16	heuristic	2079412034	215891148	15550030	67169482	3.6	89272	3.41	17864	1.7	4748	62.08	33706772	782911	781290	1621	0
hprcv2-25k	HG03521_hap1_hprc_r2_v1.0.1.merged	diagonal-distance	32	heuristic	2079412034	176743744	10131583	53137419	3.61	88256	2.89	17608	1.24	4492	72.36	36510884	782911	778260	4651	0
hprcv2-25k	HG03521_hap1_hprc_r2_v1.0.1.merged	diagonal-distance	64	heuristic	2079412034	154055960	7023020	44921682	3.5	82764	2.58	13680	0.94	4540	105.43	42079448	782911	764898	18013	0
hprcv2-25k	HG03521_hap1_hprc_r2_v1.0.1.merged	edit-distance	128	heuristic	2079412034	178704078	8663850	51877013	3.69	87424	2.95	17712	1.25	4500	35.67	13546364	782911	755917	26994	0
hprcv2-25k	HG03521_hap1_hprc_r2_v1.0.1.merged	edit-distance	16	heuristic	2079412034	446289402	40703271	133965593	3.74	94204	6.33	18044	4.45	4768	35.29	9881048	782911	782396	515	0
hprcv2-25k	HG03521_hap1_hprc_r2_v1.0.1.merged	edit-distance	256	heuristic	2079412034	151323693	5641421	43389521	3.44	87628	2.57	17856	0.95	4464	57.94	15928924	782911	738929	43982	0
hprcv2-25k	HG03521_hap1_hprc_r2_v1.0.1.merged	edit-distance	32	heuristic	2079412034	309119934	23414152	90446758	3.49	90996	4.6	17836	2.79	4628	26.73	10354424	782911	781564	1347	0
hprcv2-25k	HG03521_hap1_hprc_r2_v1.0.1.merged	edit-distance	64	heuristic	2079412034	226558740	13903605	65723130	3.5	88860	3.55	17764	1.8	4700	29.55	11550328	782911	777356	5555	0
hprcv2-25k	HG03521_hap2_hprc_r2_v1.0.1.merged	diagonal-distance	16	heuristic	2255028992	219245769	16008008	68260216	3.5	90540	3.52	17648	1.74	4684	63.58	33835164	771400	769817	1583	0
hprcv2-25k	HG03521_hap2_hprc_r2_v1.0.1.merged	diagonal-distance	32	heuristic	2255028992	177660867	10290023	53389901	3.83	91260	2.93	17836	1.29	4584	69.11	33967360	771400	766782	4618	0
hprcv2-25k	HG03521_hap2_hprc_r2_v1.0.1.merged	diagonal-distance	64	heuristic	2255028992	153819129	7050001	44786965	3.6	83760	2.54	11604	0.95	4488	99.4	39917096	771400	753931	17469	0
hprcv2-25k	HG03521_hap2_hprc_r2_v1.0.1.merged	edit-distance	128	heuristic	2255028992	182162089	9049752	52790552	3.78	85416	3	13744	1.31	4576	38.24	14886584	771400	744555	26845	0
hprcv2-25k	HG03521_hap2_hprc_r2_v1.0.1.merged	edit-distance	16	heuristic	2255028992	472524213	43620385	141367296	4.17	96024	6.6	17624	4.7	4676	36.7	9934468	771400	770860	540	0
hprcv2-25k	HG03521_hap2_hprc_r2_v1.0.1.merged	edit-distance	256	heuristic	2255028992	152986753	5866856	43853079	3.59	90336	2.6	17644	0.98	4648	61.44	15584772	771400	728179	43221	0
hprcv2-25k	HG03521_hap2_hprc_r2_v1.0.1.merged	edit-distance	32	heuristic	2255028992	323157243	24881070	94250809	3.81	92756	4.78	17836	2.91	4768	29.12	11604688	771400	770071	1329	0
hprcv2-25k	HG03521_hap2_hprc_r2_v1.0.1.merged	edit-distance	64	heuristic	2255028992	233512077	14634436	67595788	3.77	86956	3.64	13556	1.87	4648	31.96	12644800	771400	765980	5420	0
hprcv2-25k	HG03540_mat_hprc_r2_v1.0.1.merged	diagonal-distance	16	heuristic	2091129120	212904643	14889381	65864438	3.6	89344	3.39	17928	1.65	4600	50.96	30380604	793175	791745	1430	0
hprcv2-25k	HG03540_mat_hprc_r2_v1.0.1.merged	diagonal-distance	32	heuristic	2091129120	174048397	9546363	51955345	3.73	83752	2.86	13828	1.2	4576	60.52	30910972	793175	788991	4184	0
hprcv2-25k	HG03540_mat_hprc_r2_v1.0.1.merged	diagonal-distance	64	heuristic	2091129120	151896786	6536440	43959708	3.47	86744	2.53	17708	0.92	4496	92.92	37900956	793175	777504	15671	0
hprcv2-25k	HG03540_mat_hprc_r2_v1.0.1.merged	edit-distance	128	heuristic	2091129120	177892597	8359980	51365246	3.56	84040	2.94	13784	1.25	4448	36.46	14562812	793175	769585	23590	0
hprcv2-25k	HG03540_mat_hprc_r2_v1.0.1.merged	edit-distance	16	heuristic	2091129120	446252217	40316691	133319729	3.64	95204	6.24	18092	4.41	4656	33.14	8639152	793175	792713	462	0
hprcv2-25k	HG03540_mat_hprc_r2_v1.0.1.merged	edit-distance	256	heuristic	2091129120	151087860	5437370	43160090	3.51	83364	2.58	13700	0.96	4380	59.89	15688340	793175	755476	37699	0
hprcv2-25k	HG03540_mat_hprc_r2_v1.0.1.merged	edit-distance	32	heuristic	2091129120	308225214	23026463	89812143	3.66	90640	4.59	13776	2.72	4788	27.53	10162288	793175	791978	1197	0
hprcv2-25k	HG03540_mat_hprc_r2_v1.0.1.merged	edit-distance	64	heuristic	2091129120	225405722	13532629	65102871	3.59	88436	3.53	13888	1.77	4664	29.97	13124232	793175	788208	4967	0
hprcv2-25k	HG03540_pat_hprc_r2_v1.0.1.merged	diagonal-distance	16	heuristic	2306153368	229317719	16699162	71444415	3.91	85268	3.66	14068	1.8	4652	54.86	29381456	813534	811855	1679	0
hprcv2-25k	HG03540_pat_hprc_r2_v1.0.1.merged	diagonal-distance	32	heuristic	2306153368	186160608	10756512	56004472	3.41	88008	3.02	18144	1.31	4516	59.87	28472680	813534	808523	5011	0
hprcv2-25k	HG03540_pat_hprc_r2_v1.0.1.merged	diagonal-distance	64	heuristic	2306153368	161180190	7355248	46984716	3.61	87256	2.66	17968	0.99	4412	97.78	37556504	813534	794875	18659	0
hprcv2-25k	HG03540_pat_hprc_r2_v1.0.1.merged	edit-distance	128	heuristic	2306153368	189832897	9349090	55078185	3.83	84564	3.12	13992	1.37	4512	39.19	14216548	813534	785920	27614	0
hprcv2-25k	HG03540_pat_hprc_r2_v1.0.1.merged	edit-distance	16	heuristic	2306153368	487641304	44874768	146089131	4.35	88840	6.82	12084	4.9	4760	38.66	10120632	813534	813009	525	0
hprcv2-25k	HG03540_pat_hprc_r2_v1.0.1.merged	edit-distance	256	heuristic	2306153368	159994093	6088571	45924676	3.84	83608	2.75	14060	1.01	4512	63.6	15831912	813534	769230	44304	0
hprcv2-25k	HG03540_pat_hprc_r2_v1.0.1.merged	edit-distance	32	heuristic	2306153368	334734456	25667988	97777728	3.95	88532	4.92	13892	3.06	4684	30.13	12602620	813534	812131	1403	0
hprcv2-25k	HG03540_pat_hprc_r2_v1.0.1.merged	edit-distance	64	heuristic	2306153368	242777935	15114675	70335663	3.84	85516	3.81	13936	1.94	4656	33.12	14269392	813534	807795	5739	0
hprcv2-25k	HG03579_mat_hprc_r2_v1.0.1.merged	diagonal-distance	16	heuristic	1795401888	179760691	13020853	56105593	3.18	83236	2.93	12512	1.43	4404	40.82	30541424	649913	648707	1206	0
hprcv2-25k	HG03579_mat_hprc_r2_v1.0.1.merged	diagonal-distance	32	heuristic	1795401888	146576710	8430001	44215783	2.89	81748	2.4	12492	1.02	4272	47.27	29034040	649913	646293	3620	0
hprcv2-25k	HG03579_mat_hprc_r2_v1.0.1.merged	diagonal-distance	64	heuristic	1795401888	127358581	5797696	37254956	2.96	81956	2.15	12376	0.77	4276	75.74	37005764	649913	635780	14133	0
hprcv2-25k	HG03579_mat_hprc_r2_v1.0.1.merged	edit-distance	128	heuristic	1795401888	149371215	7336836	43476878	3.05	81604	2.47	12580	1.07	4524	30.6	13990204	649913	629073	20840	0
hprcv2-25k	HG03579_mat_hprc_r2_v1.0.1.merged	edit-distance	16	heuristic	1795401888	379757995	35003247	113815815	3.35	88744	5.37	12640	3.82	4672	27.99	8733000	649913	649504	409	0
hprcv2-25k	HG03579_mat_hprc_r2_v1.0.1.merged	edit-distance	256	heuristic	1795401888	126096729	4770543	36314846	3.07	81556	2.17	12520	0.79	4056	50.88	16505788	649913	616323	33590	0
hprcv2-25k	HG03579_mat_hprc_r2_v1.0.1.merged	edit-distance	32	heuristic	1795401888	261467471	20040575	76468377	3.11	85196	3.96	12476	2.35	4516	23.1	10270092	649913	648897	1016	0
hprcv2-25k	HG03579_mat_hprc_r2_v1.0.1.merged	edit-distance	64	heuristic	1795401888	190257600	11823756	55256764	3.2	83076	3.04	12516	1.52	4296	25.34	13594716	649913	645496	4417	0
hprcv2-25k	HG03579_pat_hprc_r2_v1.0.1.merged	diagonal-distance	16	heuristic	1746130236	180760850	12632568	55879664	3.04	83324	2.91	12568	1.41	4484	38.01	29964216	681333	680129	1204	0
hprcv2-25k	HG03579_pat_hprc_r2_v1.0.1.merged	diagonal-distance	32	heuristic	1746130236	148857503	8228568	44456970	2.95	81400	2.44	12628	1.01	4244	44.3	29282564	681333	677842	3491	0
hprcv2-25k	HG03579_pat_hprc_r2_v1.0.1.merged	diagonal-distance	64	heuristic	1746130236	130554447	5730190	37842899	2.86	81036	2.18	12732	0.8	4324	74.49	38616692	681333	667745	13588	0
hprcv2-25k	HG03579_pat_hprc_r2_v1.0.1.merged	edit-distance	128	heuristic	1746130236	151524183	7189781	43897400	3.03	81572	2.51	14796	1.06	4252	29.61	14719716	681333	660865	20468	0
hprcv2-25k	HG03579_pat_hprc_r2_v1.0.1.merged	edit-distance	16	heuristic	1746130236	374067921	33806064	111989667	3.16	88164	5.36	12904	3.65	4688	28.32	8556308	681333	680943	390	0
hprcv2-25k	HG03579_pat_hprc_r2_v1.0.1.merged	edit-distance	256	heuristic	1746130236	129322183	4755712	37086177	3.02	78752	2.24	10764	0.81	4332	48.53	16711760	681333	647776	33557	0
hprcv2-25k	HG03579_pat_hprc_r2_v1.0.1.merged	edit-distance	32	heuristic	1746130236	259734755	19388131	75763711	3.03	84952	3.9	12864	2.32	4444	22.35	10466836	681333	680338	995	0
hprcv2-25k	HG03579_pat_hprc_r2_v1.0.1.merged	edit-distance	64	heuristic	1746130236	190944963	11488836	55249492	3.05	83212	3.03	12824	1.5	4468	24.75	13120520	681333	677081	4252	0
hprcv2-25k	HG03583_hap1_hprc_r2_v1.0.1.merged	diagonal-distance	16	heuristic	1979156932	207300986	14728781	64018466	3.54	83576	3.32	13400	1.61	4408	50.75	31879180	762115	760532	1583	0
hprcv2-25k	HG03583_hap1_hprc_r2_v1.0.1.merged	diagonal-distance	32	heuristic	1979156932	169810293	9528381	50571768	3.5	86420	2.78	13272	1.17	4372	60.88	33739824	762115	757621	4494	0
hprcv2-25k	HG03583_hap1_hprc_r2_v1.0.1.merged	diagonal-distance	64	heuristic	1979156932	147952517	6522801	42648410	3.37	81568	2.47	13244	0.9	4304	95.41	40849880	762115	745253	16862	0
hprcv2-25k	HG03583_hap1_hprc_r2_v1.0.1.merged	edit-distance	128	heuristic	1979156932	171867344	8144405	49376048	3.36	82684	2.87	13444	1.2	4444	34.09	13966184	762115	737013	25102	0
hprcv2-25k	HG03583_hap1_hprc_r2_v1.0.1.merged	edit-distance	16	heuristic	1979156932	427487949	38851241	127704936	3.88	88836	6.08	13596	4.23	4740	33.64	9946816	762115	761640	475	0
hprcv2-25k	HG03583_hap1_hprc_r2_v1.0.1.merged	edit-distance	256	heuristic	1979156932	145907478	5281758	41391702	3.45	82464	2.48	13480	0.92	4412	55.28	15962752	762115	721531	40584	0
hprcv2-25k	HG03583_hap1_hprc_r2_v1.0.1.merged	edit-distance	32	heuristic	1979156932	296482134	22291629	86208392	3.51	85516	4.44	13368	2.65	4468	25.94	11630476	762115	760885	1230	0
hprcv2-25k	HG03583_hap1_hprc_r2_v1.0.1.merged	edit-distance	64	heuristic	1979156932	217486826	13165152	62585037	3.45	83120	3.43	13456	1.72	4472	28.1	11790960	762115	756898	5217	0
hprcv2-25k	HG03583_hap2_hprc_r2_v1.0.1.merged	diagonal-distance	16	heuristic	1807085139	176507719	12723302	54783438	3.09	85948	2.82	12380	1.38	4488	46.66	32953052	632829	631598	1231	0
hprcv2-25k	HG03583_hap2_hprc_r2_v1.0.1.merged	diagonal-distance	32	heuristic	1807085139	144433767	8305482	43305969	3.08	84308	2.37	12368	1	4396	75.4	42579724	632829	629148	3681	0
hprcv2-25k	HG03583_hap2_hprc_r2_v1.0.1.merged	diagonal-distance	64	heuristic	1807085139	125775698	5760352	36560205	3.01	83264	2.11	12428	0.76	4232	104.57	49949808	632829	619063	13766	0
hprcv2-25k	HG03583_hap2_hprc_r2_v1.0.1.merged	edit-distance	128	heuristic	1807085139	147871752	7303061	42766963	2.97	83852	2.44	12284	1.05	4456	30.78	14271560	632829	612055	20774	0
hprcv2-25k	HG03583_hap2_hprc_r2_v1.0.1.merged	edit-distance	16	heuristic	1807085139	378121374	34875056	112937508	3.25	90124	5.3	12544	3.78	4696	29.69	8604860	632829	632421	408	0
hprcv2-25k	HG03583_hap2_hprc_r2_v1.0.1.merged	edit-distance	256	heuristic	1807085139	124802774	4781376	35720328	3.12	83576	2.11	12336	0.79	4216	51.21	17611196	632829	599047	33782	0
hprcv2-25k	HG03583_hap2_hprc_r2_v1.0.1.merged	edit-distance	32	heuristic	1807085139	259573110	19969360	75724539	2.92	87544	3.87	12532	2.34	4556	23.05	9142208	632829	631793	1036	0
hprcv2-25k	HG03583_hap2_hprc_r2_v1.0.1.merged	edit-distance	64	heuristic	1807085139	188597652	11776621	54562468	3.07	85140	2.95	12440	1.5	4416	25.6	11826052	632829	628545	4284	0
hprcv2-25k	HG03654_mat_hprc_r2_v1.0.1.merged	diagonal-distance	16	heuristic	1806246864	191566692	13102944	58870950	3.39	85168	3.08	13404	1.47	4788	88.59	46962172	730769	729529	1240	0
hprcv2-25k	HG03654_mat_hprc_r2_v1.0.1.merged	diagonal-distance	32	heuristic	1806246864	158663590	8579072	47101864	3.23	83196	2.63	13308	1.07	4400	93.18	49740204	730769	727089	3680	0
hprcv2-25k	HG03654_mat_hprc_r2_v1.0.1.merged	diagonal-distance	64	heuristic	1806246864	139705648	6000985	40259195	2.99	82444	2.29	13320	0.84	4428	119.49	55100752	730769	716702	14067	0
hprcv2-25k	HG03654_mat_hprc_r2_v1.0.1.merged	edit-distance	128	heuristic	1806246864	161179510	7467860	46527178	3.41	82748	2.68	11132	1.13	4620	33.16	16852524	730769	709894	20875	0
hprcv2-25k	HG03654_mat_hprc_r2_v1.0.1.merged	edit-distance	16	heuristic	1806246864	390460440	34893415	117029635	3.62	89584	5.58	11272	3.82	4700	34.1	8287192	730769	730354	415	0
hprcv2-25k	HG03654_mat_hprc_r2_v1.0.1.merged	edit-distance	256	heuristic	1806246864	138059668	4933510	39395777	3.3	83184	2.37	13408	0.86	4416	50.7	15222008	730769	696866	33903	0
hprcv2-25k	HG03654_mat_hprc_r2_v1.0.1.merged	edit-distance	32	heuristic	1806246864	272577178	20057946	79613367	3.36	84232	4.05	11272	2.41	4744	25.26	9486288	730769	729728	1041	0
hprcv2-25k	HG03654_mat_hprc_r2_v1.0.1.merged	edit-distance	64	heuristic	1806246864	201766637	11915238	58360511	2.93	81968	3.22	13428	1.61	4508	27.57	12672472	730769	726497	4272	0
hprcv2-25k	HG03654_pat_hprc_r2_v1.0.1.merged	diagonal-distance	16	heuristic	2004130700	218441449	14916389	66874794	3.55	83224	3.52	14304	1.68	4604	51.32	30074744	835720	834199	1521	0
hprcv2-25k	HG03654_pat_hprc_r2_v1.0.1.merged	diagonal-distance	32	heuristic	2004130700	181854196	9846239	53766832	3.74	81824	3.03	14188	1.23	4624	59.33	31882608	835720	831234	4486	0
hprcv2-25k	HG03654_pat_hprc_r2_v1.0.1.merged	diagonal-distance	64	heuristic	2004130700	160401872	6895929	45997255	3.22	81096	2.69	14256	0.99	4512	92.58	40427864	835720	818244	17476	0
hprcv2-25k	HG03654_pat_hprc_r2_v1.0.1.merged	edit-distance	128	heuristic	2004130700	183713110	8478444	52766565	3.63	81784	3.07	14296	1.27	4484	35.99	17563192	835720	809218	26502	0
hprcv2-25k	HG03654_pat_hprc_r2_v1.0.1.merged	edit-distance	16	heuristic	2004130700	438533232	39271898	131336484	3.92	88252	6.35	12184	4.31	4748	34.85	8860692	835720	835207	513	0
hprcv2-25k	HG03654_pat_hprc_r2_v1.0.1.merged	edit-distance	256	heuristic	2004130700	157747748	5580572	44691271	3.51	81328	2.71	14232	0.98	4488	55.52	15422804	835720	792451	43269	0
hprcv2-25k	HG03654_pat_hprc_r2_v1.0.1.merged	edit-distance	32	heuristic	2004130700	307740996	22639523	89650352	3.51	82656	4.68	12116	2.7	4768	27.27	10661904	835720	834453	1267	0
hprcv2-25k	HG03654_pat_hprc_r2_v1.0.1.merged	edit-distance	64	heuristic	2004130700	228991852	13502484	65983921	3.73	81480	3.67	14312	1.79	4776	29.99	13224668	835720	830301	5419	0
hprcv2-25k	HG03669_mat_hprc_r2_v1.0.1.merged	diagonal-distance	16	heuristic	2241260502	236606038	16190552	72347290	4.02	85752	3.84	14804	1.82	4668	69.7	32052812	895916	894241	1675	0
hprcv2-25k	HG03669_mat_hprc_r2_v1.0.1.merged	diagonal-distance	32	heuristic	2241260502	195554152	10540332	57668434	3.69	84604	3.22	14472	1.3	4452	90.81	37202028	895916	891018	4898	0
hprcv2-25k	HG03669_mat_hprc_r2_v1.0.1.merged	diagonal-distance	64	heuristic	2241260502	171641675	7281021	49044822	4.04	83880	2.82	14808	1.01	4620	117.87	42884008	895916	877426	18490	0
hprcv2-25k	HG03669_mat_hprc_r2_v1.0.1.merged	edit-distance	128	heuristic	2241260502	198796008	9161270	56953471	4.11	84188	3.3	14628	1.36	4432	40.56	17437800	895916	867626	28290	0
hprcv2-25k	HG03669_mat_hprc_r2_v1.0.1.merged	edit-distance	16	heuristic	2241260502	485077349	43507162	144958174	4.19	89044	7	12712	4.72	4708	41.92	9153644	895916	895378	538	0
hprcv2-25k	HG03669_mat_hprc_r2_v1.0.1.merged	edit-distance	256	heuristic	2241260502	170020379	6004244	48092192	4.03	83812	2.95	14788	1.06	4592	62.92	14989996	895916	850229	45687	0
hprcv2-25k	HG03669_mat_hprc_r2_v1.0.1.merged	edit-distance	32	heuristic	2241260502	337919948	24952003	98325060	3.82	87592	5.03	14684	2.99	4688	31.38	10632892	895916	894532	1384	0
hprcv2-25k	HG03669_mat_hprc_r2_v1.0.1.merged	edit-distance	64	heuristic	2241260502	249476226	14735688	71749080	3.99	85720	3.92	14732	1.94	4680	33.98	14913136	895916	890048	5868	0
hprcv2-25k	HG03669_pat_hprc_r2_v1.0.1.merged	diagonal-distance	16	heuristic	2268302318	234411426	16700832	72750281	3.93	80980	3.79	12452	1.85	4676	68.79	31199192	859382	857723	1659	0
hprcv2-25k	HG03669_pat_hprc_r2_v1.0.1.merged	diagonal-distance	32	heuristic	2268302318	192926902	10981975	57906475	3.73	80520	3.18	12368	1.32	4668	73.88	33076424	859382	854664	4718	0
hprcv2-25k	HG03669_pat_hprc_r2_v1.0.1.merged	diagonal-distance	64	heuristic	2268302318	168347098	7617684	49017921	3.89	78784	2.83	12504	1.02	4732	104.91	40031060	859382	841292	18090	0
hprcv2-25k	HG03669_pat_hprc_r2_v1.0.1.merged	edit-distance	128	heuristic	2268302318	195508952	9452950	56783866	3.97	79812	3.26	12316	1.38	4668	41.56	16946396	859382	832560	26822	0
hprcv2-25k	HG03669_pat_hprc_r2_v1.0.1.merged	edit-distance	16	heuristic	2268302318	485913885	44339173	146193709	4.35	91420	6.99	18668	4.8	4676	38.89	9130072	859382	858822	560	0
hprcv2-25k	HG03669_pat_hprc_r2_v1.0.1.merged	edit-distance	256	heuristic	2268302318	165690394	6159745	47565899	4.03	79552	2.83	12440	1.06	4672	64.35	16188092	859382	816061	43321	0
hprcv2-25k	HG03669_pat_hprc_r2_v1.0.1.merged	edit-distance	32	heuristic	2268302318	336906120	25518972	98836968	3.99	82856	5.06	12468	3.03	4760	31.48	9526320	859382	858071	1311	0
hprcv2-25k	HG03669_pat_hprc_r2_v1.0.1.merged	edit-distance	64	heuristic	2268302318	247138249	15156125	71878936	3.89	80572	3.95	12480	1.96	4764	34.71	16314300	859382	853851	5531	0
hprcv2-25k	HG03688_mat_hprc_r2_v1.0.1.merged	diagonal-distance	16	heuristic	2103121276	220418414	15192999	67814389	3.68	83764	3.54	12132	1.72	4708	63.94	32726180	829708	828295	1413	0
hprcv2-25k	HG03688_mat_hprc_r2_v1.0.1.merged	diagonal-distance	32	heuristic	2103121276	181825256	9879544	54001719	3.84	81928	3.04	12232	1.21	4584	68.06	32830420	829708	825518	4190	0
hprcv2-25k	HG03688_mat_hprc_r2_v1.0.1.merged	diagonal-distance	64	heuristic	2103121276	159767394	6877906	46039927	3.43	81172	2.66	12232	0.96	4508	93.35	38560628	829708	813293	16415	0
hprcv2-25k	HG03688_mat_hprc_r2_v1.0.1.merged	edit-distance	128	heuristic	2103121276	185126395	8625026	53379182	3.66	81744	3.09	12160	1.26	4524	38.11	17719548	829708	804281	25427	0
hprcv2-25k	HG03688_mat_hprc_r2_v1.0.1.merged	edit-distance	16	heuristic	2103121276	452778828	40644108	135581107	3.89	89492	6.47	14388	4.44	4752	37.23	8616480	829708	829206	502	0
hprcv2-25k	HG03688_mat_hprc_r2_v1.0.1.merged	edit-distance	256	heuristic	2103121276	158262261	5686899	45126151	3.57	81864	2.7	12196	0.99	4500	59.68	17182220	829708	788155	41553	0
hprcv2-25k	HG03688_mat_hprc_r2_v1.0.1.merged	edit-distance	32	heuristic	2103121276	315326129	23335383	91975293	3.58	85720	4.75	12224	2.79	4716	29.2	11178892	829708	828493	1215	0
hprcv2-25k	HG03688_mat_hprc_r2_v1.0.1.merged	edit-distance	64	heuristic	2103121276	232468896	13819724	67180694	3.79	83712	3.67	12152	1.84	4724	31.92	12688532	829708	824715	4993	0
hprcv2-25k	HG03688_pat_hprc_r2_v1.0.1.merged	diagonal-distance	16	heuristic	1726218565	182624395	12564730	56271553	2.96	79476	2.95	10964	1.39	4552	55.37	33022748	697753	696542	1211	0
hprcv2-25k	HG03688_pat_hprc_r2_v1.0.1.merged	diagonal-distance	32	heuristic	1726218565	151382506	8257541	45105351	3.01	78080	2.5	10952	1.03	4452	65.07	34624028	697753	694148	3605	0
hprcv2-25k	HG03688_pat_hprc_r2_v1.0.1.merged	diagonal-distance	64	heuristic	1726218565	133239511	5778444	38556370	3.05	77524	2.21	10916	0.8	4260	87.26	40553032	697753	683482	14271	0
hprcv2-25k	HG03688_pat_hprc_r2_v1.0.1.merged	edit-distance	128	heuristic	1726218565	153610805	7166675	44477990	3.11	77888	2.56	10872	1.08	4432	31.05	15914704	697753	676117	21636	0
hprcv2-25k	HG03688_pat_hprc_r2_v1.0.1.merged	edit-distance	16	heuristic	1726218565	373033912	33513834	112011941	3.33	83592	5.4	10976	3.68	4580	28.8	8038616	697753	697362	391	0
hprcv2-25k	HG03688_pat_hprc_r2_v1.0.1.merged	edit-distance	256	heuristic	1726218565	131425593	4713235	37614799	3.05	77912	2.28	10916	0.82	4228	48.51	16161324	697753	662269	35484	0
hprcv2-25k	HG03688_pat_hprc_r2_v1.0.1.merged	edit-distance	32	heuristic	1726218565	260245702	19256348	76121834	3.09	80988	3.93	10932	2.29	4584	23.35	10187252	697753	696725	1028	0
hprcv2-25k	HG03688_pat_hprc_r2_v1.0.1.merged	edit-distance	64	heuristic	1726218565	192457065	11447114	55794915	3.09	79012	3.11	10732	1.5	4488	25.86	12909620	697753	693392	4361	0
hprcv2-25k	HG03704_mat_hprc_r2_v1.0.1.merged	diagonal-distance	16	heuristic	2214032846	235627886	15859755	71906130	3.85	84288	3.78	14740	1.79	4764	65.15	30081484	905942	904316	1626	0
hprcv2-25k	HG03704_mat_hprc_r2_v1.0.1.merged	diagonal-distance	32	heuristic	2214032846	194959045	10278472	57367059	3.98	82356	3.2	14848	1.28	4512	80.57	35331940	905942	901189	4753	0
hprcv2-25k	HG03704_mat_hprc_r2_v1.0.1.merged	diagonal-distance	64	heuristic	2214032846	171707323	7124876	48990331	3.79	82432	2.87	12848	1.01	4592	112.37	43226756	905942	888374	17568	0
hprcv2-25k	HG03704_mat_hprc_r2_v1.0.1.merged	edit-distance	128	heuristic	2214032846	198714054	9001623	56936155	4.11	80232	3.4	12716	1.36	4796	41.54	17101696	905942	879350	26592	0
hprcv2-25k	HG03704_mat_hprc_r2_v1.0.1.merged	edit-distance	16	heuristic	2214032846	480715053	42624647	143743364	4.58	88828	7.07	14968	4.62	5016	41.11	8917868	905942	905407	535	0
hprcv2-25k	HG03704_mat_hprc_r2_v1.0.1.merged	edit-distance	256	heuristic	2214032846	170409142	5914519	48225597	3.91	82012	2.9	14860	1.05	4592	64.14	16107184	905942	863085	42857	0
hprcv2-25k	HG03704_mat_hprc_r2_v1.0.1.merged	edit-distance	32	heuristic	2214032846	335711807	24414440	97616058	4.09	86048	5.07	14968	2.94	4676	31.89	10448464	905942	904646	1296	0
hprcv2-25k	HG03704_mat_hprc_r2_v1.0.1.merged	edit-distance	64	heuristic	2214032846	248458803	14432600	71453239	3.91	81648	3.92	12924	1.91	4796	34.67	14435480	905942	900220	5722	0
hprcv2-25k	HG03704_pat_hprc_r2_v1.0.1.merged	diagonal-distance	16	heuristic	2550511841	273947966	18235352	83270780	4.34	90692	4.39	16004	2.14	4708	67.69	29763604	1062052	1060262	1790	0
hprcv2-25k	HG03704_pat_hprc_r2_v1.0.1.merged	diagonal-distance	32	heuristic	2550511841	227540856	11864052	66687332	4.57	91344	3.72	19972	1.51	4688	81.2	32263520	1062052	1056683	5369	0
hprcv2-25k	HG03704_pat_hprc_r2_v1.0.1.merged	diagonal-distance	64	heuristic	2550511841	200848146	8240962	57072926	4.3	87024	3.41	16052	1.19	4752	122.83	40107176	1062052	1041505	20547	0
hprcv2-25k	HG03704_pat_hprc_r2_v1.0.1.merged	edit-distance	128	heuristic	2550511841	231443749	10348770	66060039	4.61	87648	3.86	16212	1.57	4728	45.81	17831760	1062052	1030204	31848	0
hprcv2-25k	HG03704_pat_hprc_r2_v1.0.1.merged	edit-distance	16	heuristic	2550511841	555413868	48967995	165513420	4.95	93776	8.02	16360	5.41	5088	45.33	9363928	1062052	1061394	658	0
hprcv2-25k	HG03704_pat_hprc_r2_v1.0.1.merged	edit-distance	256	heuristic	2550511841	199035042	6804724	56070204	4.51	88416	3.36	16124	1.23	4600	70.81	14741848	1062052	1010618	51434	0
hprcv2-25k	HG03704_pat_hprc_r2_v1.0.1.merged	edit-distance	32	heuristic	2550511841	388825955	28069180	112717300	4.59	93968	5.85	20340	3.39	4932	35.02	10470188	1062052	1060484	1568	0
hprcv2-25k	HG03704_pat_hprc_r2_v1.0.1.merged	edit-distance	64	heuristic	2550511841	288630230	16598174	82731790	4.42	92608	4.58	20116	2.23	4716	38.66	14069500	1062052	1055662	6390	0
hprcv2-25k	HG03710_mat_hprc_r2_v1.0.1.merged	diagonal-distance	16	heuristic	2074927525	222903360	14915809	68428576	3.79	82612	3.64	12548	1.7	4740	53.9	28215916	874433	873060	1373	0
hprcv2-25k	HG03710_mat_hprc_r2_v1.0.1.merged	diagonal-distance	32	heuristic	2074927525	185213701	9744538	54954284	3.87	80748	3.1	12584	1.23	4628	65.99	33253720	874433	870381	4052	0
hprcv2-25k	HG03710_mat_hprc_r2_v1.0.1.merged	diagonal-distance	64	heuristic	2074927525	163213870	6754767	47023901	3.58	82548	2.75	14576	0.97	4540	104.47	41575744	874433	858866	15567	0
hprcv2-25k	HG03710_mat_hprc_r2_v1.0.1.merged	edit-distance	128	heuristic	2074927525	188088677	8458871	54318007	3.48	82860	3.19	12516	1.27	4416	38.19	17614048	874433	850674	23759	0
hprcv2-25k	HG03710_mat_hprc_r2_v1.0.1.merged	edit-distance	16	heuristic	2074927525	451785587	39905720	135505218	4.11	89676	6.52	14668	4.4	4708	42.84	9033100	874433	873966	467	0
hprcv2-25k	HG03710_mat_hprc_r2_v1.0.1.merged	edit-distance	256	heuristic	2074927525	161559384	5555057	46139070	3.56	83368	2.78	12508	0.99	4576	58.59	16588784	874433	835363	39070	0
hprcv2-25k	HG03710_mat_hprc_r2_v1.0.1.merged	edit-distance	32	heuristic	2074927525	316118066	22896163	92419012	3.8	86780	4.78	14620	2.78	4720	29.36	11209140	874433	873281	1152	0
hprcv2-25k	HG03710_mat_hprc_r2_v1.0.1.merged	edit-distance	64	heuristic	2074927525	234688768	13555882	67932613	3.94	84120	3.76	14396	1.82	4616	32.17	13889880	874433	869514	4919	0
hprcv2-25k	HG03710_pat_hprc_r2_v1.0.1.merged	diagonal-distance	16	heuristic	2165146793	233949492	15893716	71781927	4.03	84344	3.76	12656	1.8	4664	53.42	27694404	900417	898793	1624	0
hprcv2-25k	HG03710_pat_hprc_r2_v1.0.1.merged	diagonal-distance	32	heuristic	2165146793	193951482	10369644	57458446	3.63	82508	3.22	12752	1.3	4396	62.06	31114596	900417	895745	4672	0
hprcv2-25k	HG03710_pat_hprc_r2_v1.0.1.merged	diagonal-distance	64	heuristic	2165146793	171353511	7287117	49299316	3.44	82512	2.83	12736	1.03	4624	96.97	39419836	900417	882381	18036	0
hprcv2-25k	HG03710_pat_hprc_r2_v1.0.1.merged	edit-distance	128	heuristic	2165146793	196883005	9037074	56767261	3.82	82972	3.3	12796	1.39	4456	38.64	16743080	900417	872834	27583	0
hprcv2-25k	HG03710_pat_hprc_r2_v1.0.1.merged	edit-distance	16	heuristic	2165146793	472079727	42005145	141504834	4.38	91632	6.75	12840	4.63	4472	36.55	7959116	900417	899881	536	0
hprcv2-25k	HG03710_pat_hprc_r2_v1.0.1.merged	edit-distance	256	heuristic	2165146793	169365291	6013783	48278320	3.73	82744	2.89	12776	1.04	4536	59.15	15306240	900417	855601	44816	0
hprcv2-25k	HG03710_pat_hprc_r2_v1.0.1.merged	edit-distance	32	heuristic	2165146793	330744229	24148109	96422749	4.07	86516	4.97	12772	2.92	4832	28.72	10069576	900417	899089	1328	0
hprcv2-25k	HG03710_pat_hprc_r2_v1.0.1.merged	edit-distance	64	heuristic	2165146793	245595435	14367464	70910054	4.02	83588	3.91	12832	1.91	4612	32.31	13542824	900417	894942	5475	0
hprcv2-25k	HG03742_hap1_hprc_r2_v1.0.1.merged	diagonal-distance	16	heuristic	1780495507	187869315	13369032	58574624	2.99	79800	3.05	11008	1.45	4592	53.54	34446596	692403	690995	1408	0
hprcv2-25k	HG03742_hap1_hprc_r2_v1.0.1.merged	diagonal-distance	32	heuristic	1780495507	154575660	8766697	46653377	3.14	78168	2.52	10940	1.06	4504	74.75	40487224	692403	688449	3954	0
hprcv2-25k	HG03742_hap1_hprc_r2_v1.0.1.merged	diagonal-distance	64	heuristic	1780495507	135291845	6126943	39683134	3.04	77596	2.26	10812	0.82	4312	99.79	46464352	692403	677081	15322	0
hprcv2-25k	HG03742_hap1_hprc_r2_v1.0.1.merged	edit-distance	128	heuristic	1780495507	156305342	7532856	45754585	3.21	78144	2.59	10952	1.1	4512	32.6	17646832	692403	669570	22833	0
hprcv2-25k	HG03742_hap1_hprc_r2_v1.0.1.merged	edit-distance	16	heuristic	1780495507	384495123	34865788	116160097	3.55	84252	5.46	11008	3.85	4688	31.87	8526492	692403	691945	458	0
hprcv2-25k	HG03742_hap1_hprc_r2_v1.0.1.merged	edit-distance	256	heuristic	1780495507	133170018	4985501	38598753	2.92	78212	2.3	10992	0.84	4632	50.55	16854192	692403	655013	37390	0
hprcv2-25k	HG03742_hap1_hprc_r2_v1.0.1.merged	edit-distance	32	heuristic	1780495507	267493390	20101997	78783704	3.07	82920	4.02	13068	2.39	4632	25.09	11312616	692403	691315	1088	0
hprcv2-25k	HG03742_hap1_hprc_r2_v1.0.1.merged	edit-distance	64	heuristic	1780495507	196933084	11988764	57585713	3.19	81328	3.12	13116	1.56	4520	27.31	12361852	692403	687694	4709	0
hprcv2-25k	HG03742_hap2_hprc_r2_v1.0.1.merged	diagonal-distance	16	heuristic	1777013971	184206979	12964742	57034398	3.04	86460	3.01	16944	1.45	4472	48.82	29879868	681577	680261	1316	0
hprcv2-25k	HG03742_hap2_hprc_r2_v1.0.1.merged	diagonal-distance	32	heuristic	1777013971	151181686	8418089	45210711	3.12	84236	2.49	17032	1.04	4476	53.47	31586984	681577	677648	3929	0
hprcv2-25k	HG03742_hap2_hprc_r2_v1.0.1.merged	diagonal-distance	64	heuristic	1777013971	132147648	5828364	38343132	2.8	79536	2.19	12932	0.79	4620	78.86	37548168	681577	666755	14822	0
hprcv2-25k	HG03742_hap2_hprc_r2_v1.0.1.merged	edit-distance	128	heuristic	1777013971	153876261	7324766	44636161	3.18	80428	2.56	12860	1.08	4596	33.02	15068624	681577	659126	22451	0
hprcv2-25k	HG03742_hap2_hprc_r2_v1.0.1.merged	edit-distance	16	heuristic	1777013971	381806348	34546831	114765010	3.52	83956	5.5	11096	3.79	4616	32.05	8261520	681577	681123	454	0
hprcv2-25k	HG03742_hap2_hprc_r2_v1.0.1.merged	edit-distance	256	heuristic	1777013971	130928063	4814883	37577704	3.05	84064	2.24	17028	0.83	4484	50.67	15768504	681577	645402	36175	0
hprcv2-25k	HG03742_hap2_hprc_r2_v1.0.1.merged	edit-distance	32	heuristic	1777013971	264573880	19814093	77516765	3.22	81680	3.97	10880	2.37	4548	25.4	8781352	681577	680462	1115	0
hprcv2-25k	HG03742_hap2_hprc_r2_v1.0.1.merged	edit-distance	64	heuristic	1777013971	194145551	11734299	56387117	3.11	85728	3.08	17144	1.53	4656	27.84	15345776	681577	676946	4631	0
hprcv2-25k	HG03784_hap1_hprc_r2_v1.0.1.merged	diagonal-distance	16	heuristic	1931467076	206195961	14124676	63523348	3.43	83924	3.35	13932	1.56	4616	46.37	26855660	785288	783864	1424	0
hprcv2-25k	HG03784_hap1_hprc_r2_v1.0.1.merged	diagonal-distance	32	heuristic	1931467076	170027481	9158228	50588084	3.51	82496	2.84	13880	1.15	4460	54.85	29087408	785288	781110	4178	0
hprcv2-25k	HG03784_hap1_hprc_r2_v1.0.1.merged	diagonal-distance	64	heuristic	1931467076	149387997	6357470	43150291	3.48	81856	2.5	13856	0.9	4612	88.2	37444852	785288	768753	16535	0
hprcv2-25k	HG03784_hap1_hprc_r2_v1.0.1.merged	edit-distance	128	heuristic	1931467076	172680604	7940011	49978145	3.36	80636	2.87	11768	1.19	4552	35.57	15408652	785288	760279	25009	0
hprcv2-25k	HG03784_hap1_hprc_r2_v1.0.1.merged	edit-distance	16	heuristic	1931467076	419766213	37320301	126073686	3.8	93676	5.97	18044	4.11	4728	35.04	8589200	785288	784805	483	0
hprcv2-25k	HG03784_hap1_hprc_r2_v1.0.1.merged	edit-distance	256	heuristic	1931467076	147854459	5238580	42337917	3.34	82560	2.54	13796	0.93	4508	56.21	17718192	785288	744882	40406	0
hprcv2-25k	HG03784_hap1_hprc_r2_v1.0.1.merged	edit-distance	32	heuristic	1931467076	292860256	21430650	85669793	3.45	89752	4.41	17872	2.57	4644	27.7	9523248	785288	784097	1191	0
hprcv2-25k	HG03784_hap1_hprc_r2_v1.0.1.merged	edit-distance	64	heuristic	1931467076	216421029	12698843	62727655	3.34	87436	3.49	18044	1.68	4740	30.25	14059328	785288	780256	5032	0
hprcv2-25k	HG03784_hap2_hprc_r2_v1.0.1.merged	diagonal-distance	16	heuristic	1964465572	204757669	14184091	62976759	3.45	85008	3.27	11556	1.6	4604	57.39	30810848	763936	762500	1436	0
hprcv2-25k	HG03784_hap2_hprc_r2_v1.0.1.merged	diagonal-distance	32	heuristic	1964465572	169366213	9317855	50319098	3.24	85572	2.77	13588	1.14	4500	68.17	33034804	763936	759906	4030	0
hprcv2-25k	HG03784_hap2_hprc_r2_v1.0.1.merged	diagonal-distance	64	heuristic	1964465572	148859967	6526671	42917760	3.21	83784	2.46	11612	0.89	4440	98.78	39513040	763936	748279	15657	0
hprcv2-25k	HG03784_hap2_hprc_r2_v1.0.1.merged	edit-distance	128	heuristic	1964465572	172031376	8083044	49571871	3.5	82156	2.83	11512	1.2	4496	35.57	18479016	763936	740643	23293	0
hprcv2-25k	HG03784_hap2_hprc_r2_v1.0.1.merged	edit-distance	16	heuristic	1964465572	421622819	37955071	126306802	3.75	94932	6.02	17708	4.14	4668	34.4	8886936	763936	763451	485	0
hprcv2-25k	HG03784_hap2_hprc_r2_v1.0.1.merged	edit-distance	256	heuristic	1964465572	146731314	5307923	41759522	3.5	82988	2.49	11476	0.92	4572	54.83	15957248	763936	726377	37559	0
hprcv2-25k	HG03784_hap2_hprc_r2_v1.0.1.merged	edit-distance	32	heuristic	1964465572	293338237	21807350	85609726	3.34	85644	4.37	11548	2.61	4724	27.26	10779320	763936	762729	1207	0
hprcv2-25k	HG03784_hap2_hprc_r2_v1.0.1.merged	edit-distance	64	heuristic	1964465572	216428126	12967397	62560830	3.53	84124	3.4	11624	1.69	4700	29.64	13922920	763936	759075	4861	0
hprcv2-25k	HG03804_mat_hprc_r2_v1.0.1.merged	diagonal-distance	16	heuristic	2026392126	213196416	14819962	65682726	3.62	82432	3.47	11792	1.63	4696	53.2	28785136	797729	796236	1493	0
hprcv2-25k	HG03804_mat_hprc_r2_v1.0.1.merged	diagonal-distance	32	heuristic	2026392126	175456309	9630079	52183621	3.66	81500	2.95	11860	1.18	4520	60.59	30676544	797729	793331	4398	0
hprcv2-25k	HG03804_mat_hprc_r2_v1.0.1.merged	diagonal-distance	64	heuristic	2026392126	153698834	6668127	44329524	3.38	80660	2.57	11940	0.92	4588	88.49	37639636	797729	781157	16572	0
hprcv2-25k	HG03804_mat_hprc_r2_v1.0.1.merged	edit-distance	128	heuristic	2026392126	178213653	8335150	51449118	3.68	81148	3	11988	1.24	4508	37.34	17341860	797729	773352	24377	0
hprcv2-25k	HG03804_mat_hprc_r2_v1.0.1.merged	edit-distance	16	heuristic	2026392126	438128729	39347680	131478112	3.95	87944	6.22	12088	4.27	4752	34.64	8994664	797729	797239	490	0
hprcv2-25k	HG03804_mat_hprc_r2_v1.0.1.merged	edit-distance	256	heuristic	2026392126	152030767	5476316	43387883	3.57	80552	2.59	11896	0.94	4436	58.12	16524596	797729	758556	39173	0
hprcv2-25k	HG03804_mat_hprc_r2_v1.0.1.merged	edit-distance	32	heuristic	2026392126	304613797	22571743	88963523	3.62	84164	4.58	12040	2.75	4580	29.07	11624648	797729	796529	1200	0
hprcv2-25k	HG03804_mat_hprc_r2_v1.0.1.merged	edit-distance	64	heuristic	2026392126	224242591	13369193	64872132	3.59	82080	3.56	11760	1.77	4728	31.66	12979252	797729	792499	5230	0
hprcv2-25k	HG03804_pat_hprc_r2_v1.0.1.merged	diagonal-distance	16	heuristic	1859139839	195459482	13297501	59987568	3.38	83068	3.18	13228	1.5	4692	59.03	33378616	749687	748283	1404	0
hprcv2-25k	HG03804_pat_hprc_r2_v1.0.1.merged	diagonal-distance	32	heuristic	1859139839	161804467	8671372	47956451	3.25	81224	2.65	13344	1.1	4584	63.46	34458048	749687	745633	4054	0
hprcv2-25k	HG03804_pat_hprc_r2_v1.0.1.merged	diagonal-distance	64	heuristic	1859139839	142299242	6014669	40915730	3.34	81156	2.35	13428	0.85	4564	86.33	40513132	749687	734360	15327	0
hprcv2-25k	HG03804_pat_hprc_r2_v1.0.1.merged	edit-distance	128	heuristic	1859139839	164881550	7585554	47507700	3.35	81648	2.73	13508	1.15	4592	33.78	17198688	749687	726547	23140	0
hprcv2-25k	HG03804_pat_hprc_r2_v1.0.1.merged	edit-distance	16	heuristic	1859139839	401657083	35869902	120190673	3.63	85772	5.77	11600	3.97	4612	33.23	8787688	749687	749240	447	0
hprcv2-25k	HG03804_pat_hprc_r2_v1.0.1.merged	edit-distance	256	heuristic	1859139839	141174981	4995557	40230073	3.17	78496	2.43	11508	0.87	4388	52.18	16411100	749687	712249	37438	0
hprcv2-25k	HG03804_pat_hprc_r2_v1.0.1.merged	edit-distance	32	heuristic	1859139839	279863327	20560612	81590714	3.24	84560	4.2	13628	2.42	4588	25.78	10445160	749687	748543	1144	0
hprcv2-25k	HG03804_pat_hprc_r2_v1.0.1.merged	edit-distance	64	heuristic	1859139839	206624504	12158991	59676963	3.27	82636	3.28	11556	1.61	4500	28.2	12933492	749687	744908	4779	0
hprcv2-25k	HG03816_mat_hprc_r2_v1.0.1.merged	diagonal-distance	16	heuristic	2316646320	240536430	16397203	73902702	4.04	85176	3.9	12832	1.84	4668	81.09	34968680	924598	922943	1655	0
hprcv2-25k	HG03816_mat_hprc_r2_v1.0.1.merged	diagonal-distance	32	heuristic	2316646320	199552405	10756114	59238891	4.18	85408	3.26	14936	1.36	4796	79.15	35509708	924598	919789	4809	0
hprcv2-25k	HG03816_mat_hprc_r2_v1.0.1.merged	diagonal-distance	64	heuristic	2316646320	175819304	7523900	50675530	3.83	84316	2.95	14880	1.06	4660	104.76	40781696	924598	906063	18535	0
hprcv2-25k	HG03816_mat_hprc_r2_v1.0.1.merged	edit-distance	128	heuristic	2316646320	203661803	9474017	58812615	3.93	83836	3.41	12952	1.43	4764	41.77	17035012	924598	896239	28359	0
hprcv2-25k	HG03816_mat_hprc_r2_v1.0.1.merged	edit-distance	16	heuristic	2316646320	496327558	44651856	148632397	4.32	89988	7.29	19292	4.87	4976	39.48	9029804	924598	924060	538	0
hprcv2-25k	HG03816_mat_hprc_r2_v1.0.1.merged	edit-distance	256	heuristic	2316646320	174194111	6228776	49727867	3.98	83328	3	13008	1.08	4700	64.68	16369208	924598	878118	46480	0
hprcv2-25k	HG03816_mat_hprc_r2_v1.0.1.merged	edit-distance	32	heuristic	2316646320	345701662	25598298	100925286	4.17	86488	5.2	12888	3.07	4676	31.69	10727612	924598	923260	1338	0
hprcv2-25k	HG03816_mat_hprc_r2_v1.0.1.merged	edit-distance	64	heuristic	2316646320	255292290	15172673	73900489	4.23	84552	4.09	12904	1.99	4616	34.83	14266492	924598	918937	5661	0
hprcv2-25k	HG03816_pat_hprc_r2_v1.0.1.merged	diagonal-distance	16	heuristic	2390420284	247266101	17079492	76305287	4.17	85200	3.99	15076	1.9	4844	70.98	31700340	935810	934062	1748	0
hprcv2-25k	HG03816_pat_hprc_r2_v1.0.1.merged	diagonal-distance	32	heuristic	2390420284	203998856	11147161	60847054	4.06	87348	3.34	14956	1.38	4588	78.49	34658856	935810	930735	5075	0
hprcv2-25k	HG03816_pat_hprc_r2_v1.0.1.merged	diagonal-distance	64	heuristic	2390420284	178869315	7735843	51786053	4.22	81020	3.04	15020	1.09	4752	110.76	40372608	935810	916427	19383	0
hprcv2-25k	HG03816_pat_hprc_r2_v1.0.1.merged	edit-distance	128	heuristic	2390420284	207981333	9732216	60231885	3.98	86888	3.44	19232	1.45	4688	43.53	17238836	935810	906111	29699	0
hprcv2-25k	HG03816_pat_hprc_r2_v1.0.1.merged	edit-distance	16	heuristic	2390420284	512922799	46057675	153943390	4.78	93636	7.37	19348	5.05	4976	43.94	8097308	935810	935204	606	0
hprcv2-25k	HG03816_pat_hprc_r2_v1.0.1.merged	edit-distance	256	heuristic	2390420284	177132861	6361828	50729133	4.23	81016	3.06	13104	1.13	4688	66.68	16557940	935810	887822	47988	0
hprcv2-25k	HG03816_pat_hprc_r2_v1.0.1.merged	edit-distance	32	heuristic	2390420284	356005394	26403773	104209447	3.97	91272	5.34	19208	3.14	4660	33.63	10196520	935810	934371	1439	0
hprcv2-25k	HG03816_pat_hprc_r2_v1.0.1.merged	edit-distance	64	heuristic	2390420284	261811263	15627460	75985631	3.78	88980	4.11	15056	2.06	4640	36.99	14339380	935810	929724	6086	0
hprcv2-25k	HG03831_mat_hprc_r2_v1.0.1.merged	diagonal-distance	16	heuristic	1644866598	175739130	12091650	53833209	2.99	83732	2.81	12860	1.35	4504	45.89	29439124	661212	659961	1251	0
hprcv2-25k	HG03831_mat_hprc_r2_v1.0.1.merged	diagonal-distance	32	heuristic	1644866598	145187917	7881987	42901185	2.89	81724	2.4	12768	0.97	4504	67.07	38474720	661212	657504	3708	0
hprcv2-25k	HG03831_mat_hprc_r2_v1.0.1.merged	diagonal-distance	64	heuristic	1644866598	127576408	5479667	36542975	2.93	86088	2.11	16944	0.76	4464	130.54	58299464	661212	647485	13727	0
hprcv2-25k	HG03831_mat_hprc_r2_v1.0.1.merged	edit-distance	128	heuristic	1644866598	147269537	6818819	42276137	2.8	80472	2.45	10680	1.03	4668	30.88	17387060	661212	640676	20536	0
hprcv2-25k	HG03831_mat_hprc_r2_v1.0.1.merged	edit-distance	16	heuristic	1644866598	357349629	31978346	107056344	3.41	86980	5.12	10828	3.59	4692	30.19	8718188	661212	660829	383	0
hprcv2-25k	HG03831_mat_hprc_r2_v1.0.1.merged	edit-distance	256	heuristic	1644866598	126091685	4495568	35749171	2.9	80484	2.14	10680	0.78	4528	47.87	15083588	661212	628604	32608	0
hprcv2-25k	HG03831_mat_hprc_r2_v1.0.1.merged	edit-distance	32	heuristic	1644866598	249462222	18388694	72706566	3.01	83608	3.73	10712	2.2	4540	23.55	9940676	661212	660178	1034	0
hprcv2-25k	HG03831_mat_hprc_r2_v1.0.1.merged	edit-distance	64	heuristic	1644866598	184473402	10907533	53157082	2.89	80952	2.92	10592	1.43	4572	26.31	14201996	661212	656844	4368	0
hprcv2-25k	HG03831_pat_hprc_r2_v1.0.1.merged	diagonal-distance	16	heuristic	1555783798	163412361	11267477	50219496	2.72	86384	2.62	16328	1.26	4416	79.8	50357708	614735	613676	1059	0
hprcv2-25k	HG03831_pat_hprc_r2_v1.0.1.merged	diagonal-distance	32	heuristic	1555783798	134459959	7292975	39866439	2.64	84460	2.18	16184	0.89	4360	76.3	49643440	614735	611664	3071	0
hprcv2-25k	HG03831_pat_hprc_r2_v1.0.1.merged	diagonal-distance	64	heuristic	1555783798	117953946	5056596	33925236	2.77	84184	1.99	16348	0.69	4392	85.26	49823752	614735	603057	11678	0
hprcv2-25k	HG03831_pat_hprc_r2_v1.0.1.merged	edit-distance	128	heuristic	1555783798	136896403	6364738	39460635	2.76	80844	2.25	12172	0.94	4284	29.26	17172516	614735	597232	17503	0
hprcv2-25k	HG03831_pat_hprc_r2_v1.0.1.merged	edit-distance	16	heuristic	1555783798	335789313	30019162	100589580	3.17	91528	4.78	16396	3.29	4660	28.9	8380656	614735	614392	343	0
hprcv2-25k	HG03831_pat_hprc_r2_v1.0.1.merged	edit-distance	256	heuristic	1555783798	116981225	4193311	33336513	2.71	84776	2.01	16268	0.73	4224	44.79	15175376	614735	586672	28063	0
hprcv2-25k	HG03831_pat_hprc_r2_v1.0.1.merged	edit-distance	32	heuristic	1555783798	233417576	17204345	68084628	2.65	88440	3.5	16372	2.02	4600	22.56	10352328	614735	613826	909	0
hprcv2-25k	HG03831_pat_hprc_r2_v1.0.1.merged	edit-distance	64	heuristic	1555783798	171978791	10174842	49641290	2.76	85556	2.72	12164	1.34	4404	24.63	14061036	614735	611013	3722	0
hprcv2-25k	HG03834_mat_hprc_r2_v1.0.1.merged	diagonal-distance	16	heuristic	1895018370	204167836	13922925	62627770	3.29	86720	3.24	13668	1.59	4664	56.1	31673012	781144	779692	1452	0
hprcv2-25k	HG03834_mat_hprc_r2_v1.0.1.merged	diagonal-distance	32	heuristic	1895018370	168700508	9039201	49938261	3.38	85736	2.79	13784	1.13	4572	83.12	40873984	781144	776799	4345	0
hprcv2-25k	HG03834_mat_hprc_r2_v1.0.1.merged	diagonal-distance	64	heuristic	1895018370	148478189	6288651	42650826	3.45	86904	2.48	17556	0.89	4536	103.86	44717848	781144	764778	16366	0
hprcv2-25k	HG03834_mat_hprc_r2_v1.0.1.merged	edit-distance	128	heuristic	1895018370	171197110	7837398	49314573	3.48	85116	2.85	17760	1.2	4588	35.1	17739480	781144	756162	24982	0
hprcv2-25k	HG03834_mat_hprc_r2_v1.0.1.merged	edit-distance	16	heuristic	1895018370	413490666	36771952	123933127	3.55	87232	5.96	11800	4.05	4636	36.07	8824340	781144	780634	510	0
hprcv2-25k	HG03834_mat_hprc_r2_v1.0.1.merged	edit-distance	256	heuristic	1895018370	146818362	5165141	41786656	3.36	84740	2.53	17748	0.91	4568	53.51	17379868	781144	740514	40630	0
hprcv2-25k	HG03834_mat_hprc_r2_v1.0.1.merged	edit-distance	32	heuristic	1895018370	288889948	21118349	84309579	3.43	84752	4.38	13860	2.56	4844	26.66	9422508	781144	779875	1269	0
hprcv2-25k	HG03834_mat_hprc_r2_v1.0.1.merged	edit-distance	64	heuristic	1895018370	213977722	12516217	61795813	3.42	82064	3.38	13772	1.65	4772	29.43	14091476	781144	776067	5077	0
hprcv2-25k	HG03834_pat_hprc_r2_v1.0.1.merged	diagonal-distance	16	heuristic	2026386637	212391092	14493149	65423442	3.64	90700	3.49	18220	1.63	4748	107.91	45578556	816157	814615	1542	0
hprcv2-25k	HG03834_pat_hprc_r2_v1.0.1.merged	diagonal-distance	32	heuristic	2026386637	175964816	9496217	52406256	3.75	89532	2.94	18140	1.19	4660	113.79	48154860	816157	811539	4618	0
hprcv2-25k	HG03834_pat_hprc_r2_v1.0.1.merged	diagonal-distance	64	heuristic	2026386637	154791316	6618748	44770863	3.6	82304	2.6	12016	0.93	4380	124.44	50627776	816157	798858	17299	0
hprcv2-25k	HG03834_pat_hprc_r2_v1.0.1.merged	edit-distance	128	heuristic	2026386637	179332585	8310804	51966560	3.64	83164	2.99	14132	1.23	4572	37.34	16356892	816157	789641	26516	0
hprcv2-25k	HG03834_pat_hprc_r2_v1.0.1.merged	edit-distance	16	heuristic	2026386637	436715242	38960163	131057144	4.05	94352	6.28	18348	4.25	4720	38.08	8664732	816157	815656	501	0
hprcv2-25k	HG03834_pat_hprc_r2_v1.0.1.merged	edit-distance	256	heuristic	2026386637	153327060	5471924	43970159	3.61	83344	2.68	14092	0.96	4552	58.01	14939428	816157	773285	42872	0
hprcv2-25k	HG03834_pat_hprc_r2_v1.0.1.merged	edit-distance	32	heuristic	2026386637	304180062	22370448	89054365	3.68	86552	4.63	12188	2.7	4704	28.87	11219600	816157	814831	1326	0
hprcv2-25k	HG03834_pat_hprc_r2_v1.0.1.merged	edit-distance	64	heuristic	2026386637	224723463	13281928	65250064	3.6	85068	3.6	12104	1.77	4748	30.98	15259936	816157	810738	5419	0
hprcv2-25k	HG03874_hap1_hprc_r2_v1.0.1.merged	diagonal-distance	16	heuristic	1763900153	184067969	12814134	56960157	3.13	85864	3.01	17168	1.43	4380	100.68	50784272	694277	692908	1369	0
hprcv2-25k	HG03874_hap1_hprc_r2_v1.0.1.merged	diagonal-distance	32	heuristic	1763900153	151415515	8327601	45286209	2.98	78920	2.51	11036	1.04	4608	107.27	55555996	694277	690349	3928	0
hprcv2-25k	HG03874_hap1_hprc_r2_v1.0.1.merged	diagonal-distance	64	heuristic	1763900153	132639579	5774387	38515138	3.09	78792	2.25	10976	0.81	4532	132.15	62320720	694277	679524	14753	0
hprcv2-25k	HG03874_hap1_hprc_r2_v1.0.1.merged	edit-distance	128	heuristic	1763900153	154138538	7254677	44760970	2.93	79484	2.55	12992	1.09	4508	32.79	17075404	694277	672420	21857	0
hprcv2-25k	HG03874_hap1_hprc_r2_v1.0.1.merged	edit-distance	16	heuristic	1763900153	379915900	34199662	114226113	3.53	91056	5.45	17244	3.75	4608	33.65	9032024	694277	693833	444	0
hprcv2-25k	HG03874_hap1_hprc_r2_v1.0.1.merged	edit-distance	256	heuristic	1763900153	131130123	4724032	37641437	2.98	84640	2.26	17180	0.82	4448	50.64	15268272	694277	659174	35103	0
hprcv2-25k	HG03874_hap1_hprc_r2_v1.0.1.merged	edit-distance	32	heuristic	1763900153	263809313	19618697	77337213	2.92	87528	3.98	17092	2.35	4640	25	10774768	694277	693166	1111	0
hprcv2-25k	HG03874_hap1_hprc_r2_v1.0.1.merged	edit-distance	64	heuristic	1763900153	194114551	11618776	56394830	3.11	80040	3.09	10824	1.55	4496	27.82	13958144	694277	689631	4646	0
hprcv2-25k	HG03874_hap2_hprc_r2_v1.0.1.merged	diagonal-distance	16	heuristic	2001181413	202788280	14650308	63402068	3.23	88692	3.31	13500	1.61	4692	112.18	48230212	732529	730988	1541	0
hprcv2-25k	HG03874_hap2_hprc_r2_v1.0.1.merged	diagonal-distance	32	heuristic	2001181413	165922163	9569503	50203709	3.14	87696	2.79	17488	1.15	4576	111.52	51284264	732529	728069	4460	0
hprcv2-25k	HG03874_hap2_hprc_r2_v1.0.1.merged	diagonal-distance	64	heuristic	2001181413	144613156	6662662	42505347	3.22	86964	2.4	17608	0.89	4584	115.16	50087280	732529	715956	16573	0
hprcv2-25k	HG03874_hap2_hprc_r2_v1.0.1.merged	edit-distance	128	heuristic	2001181413	168831826	8307784	49442475	3.12	87532	2.79	17524	1.21	4540	36.79	15216804	732529	707702	24827	0
hprcv2-25k	HG03874_hap2_hprc_r2_v1.0.1.merged	edit-distance	16	heuristic	2001181413	425138135	38957482	128256176	3.81	95200	6.12	17664	4.27	4636	36.23	8698900	732529	732002	527	0
hprcv2-25k	HG03874_hap2_hprc_r2_v1.0.1.merged	edit-distance	256	heuristic	2001181413	142829505	5460262	41443104	3.24	83456	2.45	13524	0.91	4568	58.14	15877208	732529	692463	40066	0
hprcv2-25k	HG03874_hap2_hprc_r2_v1.0.1.merged	edit-distance	32	heuristic	2001181413	293426826	22395181	86430878	3.27	89556	4.38	13320	2.67	4768	28.49	10509828	732529	731223	1306	0
hprcv2-25k	HG03874_hap2_hprc_r2_v1.0.1.merged	edit-distance	64	heuristic	2001181413	214298326	13292317	62680655	3.16	88872	3.39	17560	1.72	4784	30.67	14876436	732529	727215	5314	0
hprcv2-25k	HG03927_mat_hprc_r2_v1.0.1.merged	diagonal-distance	16	heuristic	1743011548	183915135	12762708	56529933	3.04	81340	2.91	12940	1.42	4528	50.28	30791500	688092	686816	1276	0
hprcv2-25k	HG03927_mat_hprc_r2_v1.0.1.merged	diagonal-distance	32	heuristic	1743011548	151598834	8312382	44968946	2.93	80224	2.48	10948	1.03	4484	56.24	31372644	688092	684384	3708	0
hprcv2-25k	HG03927_mat_hprc_r2_v1.0.1.merged	diagonal-distance	64	heuristic	1743011548	132913844	5766291	38226815	3.1	79804	2.22	12892	0.8	4520	79.75	37378340	688092	673728	14364	0
hprcv2-25k	HG03927_mat_hprc_r2_v1.0.1.merged	edit-distance	128	heuristic	1743011548	153989711	7213104	44336669	3.07	80312	2.55	13104	1.07	4432	32.23	17996692	688092	666238	21854	0
hprcv2-25k	HG03927_mat_hprc_r2_v1.0.1.merged	edit-distance	16	heuristic	1743011548	376689033	33913246	112890282	3.37	90204	5.35	12952	3.7	4624	32.17	8050660	688092	687655	437	0
hprcv2-25k	HG03927_mat_hprc_r2_v1.0.1.merged	edit-distance	256	heuristic	1743011548	131518628	4754073	37436170	2.93	80344	2.24	12856	0.83	4392	50.55	16536592	688092	652730	35362	0
hprcv2-25k	HG03927_mat_hprc_r2_v1.0.1.merged	edit-distance	32	heuristic	1743011548	262356326	19497433	76570864	3.15	83504	3.92	13096	2.32	4800	24.79	9631564	688092	686981	1111	0
hprcv2-25k	HG03927_mat_hprc_r2_v1.0.1.merged	edit-distance	64	heuristic	1743011548	193411011	11545165	55841514	3.08	81060	3.03	12856	1.5	4456	27.24	12248104	688092	683533	4559	0
hprcv2-25k	HG03927_pat_hprc_r2_v1.0.1.merged	diagonal-distance	16	heuristic	2338799307	247951880	16989988	75968580	3.88	84308	3.99	13128	1.93	4772	67.83	31075792	935781	934055	1726	0
hprcv2-25k	HG03927_pat_hprc_r2_v1.0.1.merged	diagonal-distance	32	heuristic	2338799307	204767248	11057687	60533081	4.03	84764	3.39	15132	1.39	4824	89.97	39390072	935781	930744	5037	0
hprcv2-25k	HG03927_pat_hprc_r2_v1.0.1.merged	diagonal-distance	64	heuristic	2338799307	179849688	7671564	51551631	3.87	82644	3	13084	1.08	4684	111.82	41366168	935781	916343	19438	0
hprcv2-25k	HG03927_pat_hprc_r2_v1.0.1.merged	edit-distance	128	heuristic	2338799307	208223443	9613817	59836184	4.05	85184	3.49	12976	1.45	4768	42.55	16005748	935781	905930	29851	0
hprcv2-25k	HG03927_pat_hprc_r2_v1.0.1.merged	edit-distance	16	heuristic	2338799307	507435786	45273724	151843333	4.72	91480	7.24	13196	5.06	5004	40.65	8820216	935781	935220	561	0
hprcv2-25k	HG03927_pat_hprc_r2_v1.0.1.merged	edit-distance	256	heuristic	2338799307	178153447	6338456	50600485	4.26	84740	3.04	13124	1.11	4584	65.28	16443560	935781	887686	48095	0
hprcv2-25k	HG03927_pat_hprc_r2_v1.0.1.merged	edit-distance	32	heuristic	2338799307	353613108	25985481	103009571	3.93	88344	5.35	15196	3.12	4776	32.96	10639708	935781	934330	1451	0
hprcv2-25k	HG03927_pat_hprc_r2_v1.0.1.merged	edit-distance	64	heuristic	2338799307	261098383	15396905	75280709	4.16	84208	4.13	12992	2.03	4712	35.63	13411540	935781	929679	6102	0
hprcv2-25k	HG03942_mat_hprc_r2_v1.0.1.merged	diagonal-distance	16	heuristic	1985112548	204167966	14114484	62947216	3.47	81908	3.32	13676	1.59	4752	93.22	44395260	765930	764455	1475	0
hprcv2-25k	HG03942_mat_hprc_r2_v1.0.1.merged	diagonal-distance	32	heuristic	1985112548	168173339	9165956	50081543	3.45	86376	2.86	17712	1.16	4496	91.5	47559120	765930	761655	4275	0
hprcv2-25k	HG03942_mat_hprc_r2_v1.0.1.merged	diagonal-distance	64	heuristic	1985112548	147367763	6335086	42581703	3.38	84144	2.48	17812	0.88	4472	102.88	46964860	765930	749981	15949	0
hprcv2-25k	HG03942_mat_hprc_r2_v1.0.1.merged	edit-distance	128	heuristic	1985112548	171768001	8042992	49641632	3.38	86828	2.85	17756	1.18	4432	36.09	16419540	765930	742270	23660	0
hprcv2-25k	HG03942_mat_hprc_r2_v1.0.1.merged	edit-distance	16	heuristic	1985112548	425234936	38397685	127448600	4.06	88580	6.2	11604	4.22	4848	36.98	8060320	765930	765454	476	0
hprcv2-25k	HG03942_mat_hprc_r2_v1.0.1.merged	edit-distance	256	heuristic	1985112548	146448131	5281344	41895332	3.54	86312	2.5	11704	0.91	4660	57.81	15819428	765930	728144	37786	0
hprcv2-25k	HG03942_mat_hprc_r2_v1.0.1.merged	edit-distance	32	heuristic	1985112548	294631223	21946698	86082767	3.62	89684	4.42	17796	2.57	4696	27.64	8726488	765930	764742	1188	0
hprcv2-25k	HG03942_mat_hprc_r2_v1.0.1.merged	edit-distance	64	heuristic	1985112548	216437019	12940938	62641076	3.36	88524	3.43	17808	1.72	4736	30.12	12829784	765930	761021	4909	0
hprcv2-25k	HG03942_pat_hprc_r2_v1.0.1.merged	diagonal-distance	16	heuristic	1927819174	209592386	14016701	63956934	3.4	84124	3.35	14072	1.6	4640	46.54	27642344	816813	815406	1407	0
hprcv2-25k	HG03942_pat_hprc_r2_v1.0.1.merged	diagonal-distance	32	heuristic	1927819174	174766821	9222690	51508758	3.4	82252	2.89	14096	1.17	4532	53.4	29753736	816813	812634	4179	0
hprcv2-25k	HG03942_pat_hprc_r2_v1.0.1.merged	diagonal-distance	64	heuristic	1927819174	154674852	6480561	44251901	3.42	82792	2.55	13964	0.92	4472	86.57	37795792	816813	801131	15682	0
hprcv2-25k	HG03942_pat_hprc_r2_v1.0.1.merged	edit-distance	128	heuristic	1927819174	177349912	8037419	50922155	3.41	81008	2.95	14136	1.22	4616	35.22	16651812	816813	793366	23447	0
hprcv2-25k	HG03942_pat_hprc_r2_v1.0.1.merged	edit-distance	16	heuristic	1927819174	421483989	37301216	126131403	3.78	89208	6.09	13988	4.17	4592	38.43	8898192	816813	816370	443	0
hprcv2-25k	HG03942_pat_hprc_r2_v1.0.1.merged	edit-distance	256	heuristic	1927819174	152858174	5336147	43344431	3.46	82916	2.6	12016	0.94	4444	53.59	15674396	816813	778986	37827	0
hprcv2-25k	HG03942_pat_hprc_r2_v1.0.1.merged	edit-distance	32	heuristic	1927819174	295873563	21446669	86117548	3.66	86192	4.53	14148	2.62	4644	27.21	11399108	816813	815687	1126	0
hprcv2-25k	HG03942_pat_hprc_r2_v1.0.1.merged	edit-distance	64	heuristic	1927819174	220430756	12769107	63479924	3.65	83740	3.48	13900	1.71	4620	29.53	14330636	816813	811896	4917	0
hprcv2-25k	HG04115_mat_hprc_r2_v1.0.1.merged	diagonal-distance	16	heuristic	1986536742	211285470	14331861	64716784	3.45	89284	3.42	18172	1.62	4664	67.11	33750252	813906	812420	1486	0
hprcv2-25k	HG04115_mat_hprc_r2_v1.0.1.merged	diagonal-distance	32	heuristic	1986536742	174478822	9279711	51570004	3.45	88164	2.9	18180	1.14	4500	80.42	37910980	813906	809596	4310	0
hprcv2-25k	HG04115_mat_hprc_r2_v1.0.1.merged	diagonal-distance	64	heuristic	1986536742	153139700	6378879	43879413	3.51	83008	2.62	14160	0.9	4532	104.89	42835484	813906	797400	16506	0
hprcv2-25k	HG04115_mat_hprc_r2_v1.0.1.merged	edit-distance	128	heuristic	1986536742	177510158	8063068	51018392	3.47	81608	2.95	12008	1.23	4508	37.07	18632416	813906	789062	24844	0
hprcv2-25k	HG04115_mat_hprc_r2_v1.0.1.merged	edit-distance	16	heuristic	1986536742	432299873	38437374	129454028	3.95	89992	6.15	14100	4.24	4704	37.55	7783004	813906	813396	510	0
hprcv2-25k	HG04115_mat_hprc_r2_v1.0.1.merged	edit-distance	256	heuristic	1986536742	151898142	5266239	43133546	3.56	87312	2.6	18056	0.94	4508	57.08	16325276	813906	773751	40155	0
hprcv2-25k	HG04115_mat_hprc_r2_v1.0.1.merged	edit-distance	32	heuristic	1986536742	301194654	22005539	87814916	3.51	86368	4.56	13972	2.65	4708	28.67	9381296	813906	812666	1240	0
hprcv2-25k	HG04115_mat_hprc_r2_v1.0.1.merged	edit-distance	64	heuristic	1986536742	222477542	12976947	64141341	3.63	85064	3.53	14116	1.73	4676	30.97	13947944	813906	808609	5297	0
hprcv2-25k	HG04115_pat_hprc_r2_v1.0.1.merged	diagonal-distance	16	heuristic	1987198053	211732850	14984582	65471772	3.57	82340	3.43	11684	1.75	4568	53.01	30701736	777295	775739	1556	0
hprcv2-25k	HG04115_pat_hprc_r2_v1.0.1.merged	diagonal-distance	32	heuristic	1987198053	174153277	9797729	52024401	3.39	80764	2.89	17936	1.18	4524	69.47	34168876	777295	772674	4621	0
hprcv2-25k	HG04115_pat_hprc_r2_v1.0.1.merged	diagonal-distance	64	heuristic	1987198053	152398468	6825248	44168805	3.26	86112	2.56	17768	0.93	4668	130.85	53325464	777295	759197	18098	0
hprcv2-25k	HG04115_pat_hprc_r2_v1.0.1.merged	edit-distance	128	heuristic	1987198053	175919962	8381644	50968285	3.31	87120	2.91	11732	1.22	4496	36.39	18225388	777295	750106	27189	0
hprcv2-25k	HG04115_pat_hprc_r2_v1.0.1.merged	edit-distance	16	heuristic	1987198053	431363071	38929868	129814142	3.61	92832	6.15	18024	4.29	4696	36.88	8270044	777295	776778	517	0
hprcv2-25k	HG04115_pat_hprc_r2_v1.0.1.merged	edit-distance	256	heuristic	1987198053	149959588	5539762	42964396	3.43	81020	2.56	11828	0.95	4504	55.29	15776344	777295	733158	44137	0
hprcv2-25k	HG04115_pat_hprc_r2_v1.0.1.merged	edit-distance	32	heuristic	1987198053	300458320	22443662	88006175	3.48	90972	4.53	17904	2.68	4776	27.67	9668684	777295	775992	1303	0
hprcv2-25k	HG04115_pat_hprc_r2_v1.0.1.merged	edit-distance	64	heuristic	1987198053	221449351	13368041	64242441	3.54	88288	3.52	17876	1.75	4624	30.59	14190288	777295	771684	5611	0
hprcv2-25k	HG04157_mat_hprc_r2_v1.0.1.merged	diagonal-distance	16	heuristic	2222502255	234933801	16272302	72381027	3.96	88396	3.84	18760	1.85	4640	66.22	30414832	883558	881991	1567	0
hprcv2-25k	HG04157_mat_hprc_r2_v1.0.1.merged	diagonal-distance	32	heuristic	2222502255	194056575	10643749	57750010	3.94	81044	3.26	12528	1.31	4432	103.63	43671032	883558	878996	4562	0
hprcv2-25k	HG04157_mat_hprc_r2_v1.0.1.merged	diagonal-distance	64	heuristic	2222502255	170363720	7414201	49195336	3.7	79796	2.87	12476	1.03	4604	136.34	49653848	883558	866081	17477	0
hprcv2-25k	HG04157_mat_hprc_r2_v1.0.1.merged	edit-distance	128	heuristic	2222502255	197007545	9232519	56927675	3.71	87592	3.26	18656	1.37	4608	40.4	16523928	883558	857303	26255	0
hprcv2-25k	HG04157_mat_hprc_r2_v1.0.1.merged	edit-distance	16	heuristic	2222502255	480323115	43132887	144161351	4.56	93644	6.86	18768	4.72	4788	41.25	7948216	883558	883025	533	0
hprcv2-25k	HG04157_mat_hprc_r2_v1.0.1.merged	edit-distance	256	heuristic	2222502255	168349426	6093251	48114814	3.98	86984	2.89	18648	1.06	4408	65.91	16053508	883558	840853	42705	0
hprcv2-25k	HG04157_mat_hprc_r2_v1.0.1.merged	edit-distance	32	heuristic	2222502255	334809564	24804574	97850432	3.94	83960	5.02	12628	2.92	4672	31.02	10194728	883558	882241	1317	0
hprcv2-25k	HG04157_mat_hprc_r2_v1.0.1.merged	edit-distance	64	heuristic	2222502255	247202855	14731373	71551622	4.14	87660	3.93	18808	1.97	4684	33.88	14092096	883558	878131	5427	0
hprcv2-25k	HG04157_pat_hprc_r2_v1.0.1.merged	diagonal-distance	16	heuristic	1881418911	206881959	14150943	63491931	3.34	83732	3.34	11652	1.58	4608	87.51	42565464	787025	785576	1449	0
hprcv2-25k	HG04157_pat_hprc_r2_v1.0.1.merged	diagonal-distance	32	heuristic	1881418911	171071149	9213275	50680488	3.03	88108	2.87	17780	1.15	4628	102.61	47531640	787025	782818	4207	0
hprcv2-25k	HG04157_pat_hprc_r2_v1.0.1.merged	diagonal-distance	64	heuristic	1881418911	150429411	6397218	43229964	3.31	87184	2.48	17720	0.9	4372	113.42	48829516	787025	771219	15806	0
hprcv2-25k	HG04157_pat_hprc_r2_v1.0.1.merged	edit-distance	128	heuristic	1881418911	172681832	7879701	49747805	3.41	81764	2.86	11764	1.2	4616	34.92	16221124	787025	762894	24131	0
hprcv2-25k	HG04157_pat_hprc_r2_v1.0.1.merged	edit-distance	16	heuristic	1881418911	414119734	36660613	124290807	3.82	94144	5.95	17900	4.03	4672	33.15	8540472	787025	786523	502	0
hprcv2-25k	HG04157_pat_hprc_r2_v1.0.1.merged	edit-distance	256	heuristic	1881418911	148369775	5216957	42246194	3.48	81932	2.54	11784	0.91	4632	53.16	15719436	787025	747697	39328	0
hprcv2-25k	HG04157_pat_hprc_r2_v1.0.1.merged	edit-distance	32	heuristic	1881418911	290180741	21107111	84699818	3.4	91740	4.33	17876	2.56	4728	26.73	10894252	787025	785817	1208	0
hprcv2-25k	HG04157_pat_hprc_r2_v1.0.1.merged	edit-distance	64	heuristic	1881418911	215583906	12550949	62214321	3.56	83428	3.44	11880	1.76	4752	29.1	12364580	787025	782064	4961	0
hprcv2-25k	HG04160_mat_hprc_r2_v1.0.1.merged	diagonal-distance	16	heuristic	2232123087	241369868	16332171	73902707	4.02	82816	3.92	12916	1.85	4788	60.06	30226528	929918	928341	1577	0
hprcv2-25k	HG04160_mat_hprc_r2_v1.0.1.merged	diagonal-distance	32	heuristic	2232123087	200371566	10690194	59236066	4.04	87556	3.33	19052	1.34	4388	75.35	33680612	929918	925173	4745	0
hprcv2-25k	HG04160_mat_hprc_r2_v1.0.1.merged	diagonal-distance	64	heuristic	2232123087	176899520	7500798	50777745	3.82	87016	2.95	19020	1.06	4508	111.38	39696436	929918	911521	18397	0
hprcv2-25k	HG04160_mat_hprc_r2_v1.0.1.merged	edit-distance	128	heuristic	2232123087	203379869	9313468	58609422	3.81	87616	3.38	19044	1.41	4444	40.45	17271064	929918	901278	28640	0
hprcv2-25k	HG04160_mat_hprc_r2_v1.0.1.merged	edit-distance	16	heuristic	2232123087	486109037	43171516	145771471	4.43	93464	7.11	18924	4.82	4596	41.49	8757708	929918	929387	531	0
hprcv2-25k	HG04160_mat_hprc_r2_v1.0.1.merged	edit-distance	256	heuristic	2232123087	174921547	6182078	49789462	3.99	86688	2.97	15044	1.08	4532	62.07	15761836	929918	883090	46828	0
hprcv2-25k	HG04160_mat_hprc_r2_v1.0.1.merged	edit-distance	32	heuristic	2232123087	340890055	24863720	99536789	4.08	90516	5.19	19224	3	4760	31.28	10925832	929918	928557	1361	0
hprcv2-25k	HG04160_mat_hprc_r2_v1.0.1.merged	edit-distance	64	heuristic	2232123087	253322556	14788739	73208465	3.84	88716	4.06	19136	1.97	4624	34.21	14026228	929918	924187	5731	0
hprcv2-25k	HG04160_pat_hprc_r2_v1.0.1.merged	diagonal-distance	16	heuristic	1817394998	197579277	13784008	60966977	3.28	87076	3.2	17404	1.55	4688	72.14	38041352	740524	738953	1571	0
hprcv2-25k	HG04160_pat_hprc_r2_v1.0.1.merged	diagonal-distance	32	heuristic	1817394998	163129751	9020480	48624926	3.1	85668	2.68	21628	1.11	4432	82.43	40802976	740524	736180	4344	0
hprcv2-25k	HG04160_pat_hprc_r2_v1.0.1.merged	diagonal-distance	64	heuristic	1817394998	143201098	6294459	41426748	3.1	85144	2.4	19560	0.86	4504	97.87	43874296	740524	723602	16922	0
hprcv2-25k	HG04160_pat_hprc_r2_v1.0.1.merged	edit-distance	128	heuristic	1817394998	164655761	7721448	47692433	3.03	85960	2.76	17520	1.16	4632	33.57	16549980	740524	714484	26040	0
hprcv2-25k	HG04160_pat_hprc_r2_v1.0.1.merged	edit-distance	16	heuristic	1817394998	398163818	35722387	119953230	3.53	93204	5.68	17716	3.89	4620	34.73	7856540	740524	739998	526	0
hprcv2-25k	HG04160_pat_hprc_r2_v1.0.1.merged	edit-distance	256	heuristic	1817394998	140933287	5120273	40381089	3.22	79744	2.42	11452	0.89	4620	51.96	16680668	740524	698183	42341	0
hprcv2-25k	HG04160_pat_hprc_r2_v1.0.1.merged	edit-distance	32	heuristic	1817394998	278204898	20590120	81576270	3.17	88920	4.2	17564	2.47	4716	25.87	10835348	740524	739235	1289	0
hprcv2-25k	HG04160_pat_hprc_r2_v1.0.1.merged	edit-distance	64	heuristic	1817394998	206195726	12280348	59826872	3.06	86872	3.26	19428	1.64	4680	28.42	14369316	740524	735390	5134	0
hprcv2-25k	HG04184_mat_hprc_r2_v1.0.1.merged	diagonal-distance	16	heuristic	2033188944	213512858	14783812	65839570	3.57	87604	3.48	18032	1.67	4680	54.33	29095848	803179	801703	1476	0
hprcv2-25k	HG04184_mat_hprc_r2_v1.0.1.merged	diagonal-distance	32	heuristic	2033188944	175976576	9625777	52418596	3.45	80604	2.91	11812	1.19	4460	68.41	32871516	803179	798862	4317	0
hprcv2-25k	HG04184_mat_hprc_r2_v1.0.1.merged	diagonal-distance	64	heuristic	2033188944	154490836	6710771	44682719	3.56	79288	2.58	11964	0.93	4544	100.92	40090152	803179	786710	16469	0
hprcv2-25k	HG04184_mat_hprc_r2_v1.0.1.merged	edit-distance	128	heuristic	2033188944	178994797	8394813	51859745	3.51	80268	2.97	12020	1.23	4588	37.64	18057572	803179	778113	25066	0
hprcv2-25k	HG04184_mat_hprc_r2_v1.0.1.merged	edit-distance	16	heuristic	2033188944	438315016	39300844	131578729	3.99	87392	6.31	12092	4.3	4684	35.74	8786932	803179	802674	505	0
hprcv2-25k	HG04184_mat_hprc_r2_v1.0.1.merged	edit-distance	256	heuristic	2033188944	153029697	5562850	43873842	3.4	80468	2.65	11980	0.97	4544	56.93	15060632	803179	763126	40053	0
hprcv2-25k	HG04184_mat_hprc_r2_v1.0.1.merged	edit-distance	32	heuristic	2033188944	304936185	22572422	89236749	3.34	84088	4.58	12072	2.7	4760	28.46	10441000	803179	801906	1273	0
hprcv2-25k	HG04184_mat_hprc_r2_v1.0.1.merged	edit-distance	64	heuristic	2033188944	224760025	13386350	65187053	3.45	87300	3.54	17972	1.78	4708	31.48	12722772	803179	797940	5239	0
hprcv2-25k	HG04184_pat_hprc_r2_v1.0.1.merged	diagonal-distance	16	heuristic	1961840050	203696468	14364925	62986280	3.36	83076	3.26	11524	1.59	4792	57.12	31428868	748852	747450	1402	0
hprcv2-25k	HG04184_pat_hprc_r2_v1.0.1.merged	diagonal-distance	32	heuristic	1961840050	167413273	9376975	50009613	3.34	81416	2.82	11456	1.14	4592	82.8	41596404	748852	744859	3993	0
hprcv2-25k	HG04184_pat_hprc_r2_v1.0.1.merged	diagonal-distance	64	heuristic	1961840050	146472122	6528609	42454198	3.42	86800	2.44	17532	0.9	4508	114.83	49909524	748852	733669	15183	0
hprcv2-25k	HG04184_pat_hprc_r2_v1.0.1.merged	edit-distance	128	heuristic	1961840050	170177741	8149044	49345574	3.37	81252	2.81	11588	1.2	4532	36.19	16854264	748852	725603	23249	0
hprcv2-25k	HG04184_pat_hprc_r2_v1.0.1.merged	edit-distance	16	heuristic	1961840050	420924652	38127646	126592644	3.57	87376	6.08	11640	4.19	4664	35.67	9030900	748852	748394	458	0
hprcv2-25k	HG04184_pat_hprc_r2_v1.0.1.merged	edit-distance	256	heuristic	1961840050	144781709	5366098	41522485	3.46	81412	2.48	11548	0.92	4580	57.31	16352436	748852	710890	37962	0
hprcv2-25k	HG04184_pat_hprc_r2_v1.0.1.merged	edit-distance	32	heuristic	1961840050	292218491	21929410	85618781	3.39	84752	4.38	17680	2.62	4620	27.73	11229064	748852	747700	1152	0
hprcv2-25k	HG04184_pat_hprc_r2_v1.0.1.merged	edit-distance	64	heuristic	1961840050	214576809	13017086	62322249	3.37	82160	3.42	11592	1.7	4768	30.49	14410760	748852	744057	4795	0
hprcv2-25k	HG04187_mat_hprc_r2_v1.0.1.merged	diagonal-distance	16	heuristic	1800508797	204980328	14608288	63643102	3.35	85696	3.33	13592	1.58	4420	47.98	29440008	768666	767081	1585	0
hprcv2-25k	HG04187_mat_hprc_r2_v1.0.1.merged	diagonal-distance	32	heuristic	1800508797	169923888	9691269	51038378	3.16	83048	2.81	17624	1.21	4568	54.46	31748432	768666	763924	4742	0
hprcv2-25k	HG04187_mat_hprc_r2_v1.0.1.merged	diagonal-distance	64	heuristic	1800508797	148730710	6723582	43297825	3.06	85148	2.47	17764	0.92	4632	82.29	38558744	768666	750625	18041	0
hprcv2-25k	HG04187_mat_hprc_r2_v1.0.1.merged	edit-distance	128	heuristic	1800508797	168836586	7967671	48978882	3.19	79060	2.83	11528	1.19	4412	32.96	16143284	768666	742134	26532	0
hprcv2-25k	HG04187_mat_hprc_r2_v1.0.1.merged	edit-distance	16	heuristic	1800508797	402390285	36541213	121499072	3.74	90888	5.8	17740	3.99	4888	32.59	9028548	768666	768104	562	0
hprcv2-25k	HG04187_mat_hprc_r2_v1.0.1.merged	edit-distance	256	heuristic	1800508797	144199860	5173910	41231081	3.46	78884	2.49	11560	0.9	4564	51.17	16308744	768666	725273	43393	0
hprcv2-25k	HG04187_mat_hprc_r2_v1.0.1.merged	edit-distance	32	heuristic	1800508797	283465630	21268063	83360696	3.36	81928	4.28	11576	2.52	4688	25.39	11440972	768666	767265	1401	0
hprcv2-25k	HG04187_mat_hprc_r2_v1.0.1.merged	edit-distance	64	heuristic	1800508797	211195636	12769403	61475779	3.33	80344	3.36	11700	1.65	4604	27.91	15670156	768666	763091	5575	0
hprcv2-25k	HG04187_pat_hprc_r2_v1.0.1.merged	diagonal-distance	16	heuristic	1940010697	213773273	14802163	65964744	3.4	84920	3.46	18192	1.68	4712	50.91	29957260	809542	808126	1416	0
hprcv2-25k	HG04187_pat_hprc_r2_v1.0.1.merged	diagonal-distance	32	heuristic	1940010697	177396144	9778383	52940340	3.56	83460	2.95	18104	1.23	4448	59.82	32569220	809542	805217	4325	0
hprcv2-25k	HG04187_pat_hprc_r2_v1.0.1.merged	diagonal-distance	64	heuristic	1940010697	156281341	6890131	45309837	3.32	82184	2.64	18188	0.96	4420	89.46	39674864	809542	792771	16771	0
hprcv2-25k	HG04187_pat_hprc_r2_v1.0.1.merged	edit-distance	128	heuristic	1940010697	178523844	8344015	51836427	3.59	77244	2.96	11980	1.25	4552	35.5	14293748	809542	784221	25321	0
hprcv2-25k	HG04187_pat_hprc_r2_v1.0.1.merged	edit-distance	16	heuristic	1940010697	426042935	37998959	128332137	3.88	89432	6.16	18232	4.34	4672	32.39	8222132	809542	809065	477	0
hprcv2-25k	HG04187_pat_hprc_r2_v1.0.1.merged	edit-distance	256	heuristic	1940010697	153362605	5562913	44007167	3.38	81520	2.63	18200	0.97	4488	54.4	16979872	809542	767793	41749	0
hprcv2-25k	HG04187_pat_hprc_r2_v1.0.1.merged	edit-distance	32	heuristic	1940010697	299181764	22006539	87796966	3.66	80624	4.6	11844	2.66	4728	27.21	8890276	809542	808313	1229	0
hprcv2-25k	HG04187_pat_hprc_r2_v1.0.1.merged	edit-distance	64	heuristic	1940010697	222606491	13190191	64726412	3.51	80208	3.56	14004	1.74	4684	29.73	13250612	809542	804384	5158	0
hprcv2-25k	HG04199_mat_hprc_r2_v1.0.1.merged	diagonal-distance	16	heuristic	1704384343	183298457	12281799	56011501	3.17	86484	2.9	17200	1.37	4540	59.45	35639752	710993	709744	1249	0
hprcv2-25k	HG04199_mat_hprc_r2_v1.0.1.merged	diagonal-distance	32	heuristic	1704384343	152178264	8004553	44882679	3.03	85060	2.51	17224	1	4476	67.48	37254292	710993	707391	3602	0
hprcv2-25k	HG04199_mat_hprc_r2_v1.0.1.merged	diagonal-distance	64	heuristic	1704384343	134258750	5567160	38422083	3.13	84652	2.24	17260	0.79	4416	87.37	41736728	710993	697709	13284	0
hprcv2-25k	HG04199_mat_hprc_r2_v1.0.1.merged	edit-distance	128	heuristic	1704384343	154813094	6985868	44422467	3	85536	2.57	17272	1.06	4592	31	15813488	710993	691178	19815	0
hprcv2-25k	HG04199_mat_hprc_r2_v1.0.1.merged	edit-distance	16	heuristic	1704384343	371587758	32875745	111040399	3.43	85552	5.32	11224	3.62	4812	29.73	8296080	710993	710585	408	0
hprcv2-25k	HG04199_mat_hprc_r2_v1.0.1.merged	edit-distance	256	heuristic	1704384343	132972254	4595539	37704957	2.98	84968	2.28	17356	0.82	4460	48.77	17596684	710993	679026	31967	0
hprcv2-25k	HG04199_mat_hprc_r2_v1.0.1.merged	edit-distance	32	heuristic	1704384343	259983620	18855249	75642926	3.22	82972	3.9	11224	2.28	4696	23.77	9672224	710993	710012	981	0
hprcv2-25k	HG04199_mat_hprc_r2_v1.0.1.merged	edit-distance	64	heuristic	1704384343	193034867	11165363	55552143	3.01	86556	3.06	19388	1.49	4576	26.3	13192320	710993	706862	4131	0
hprcv2-25k	HG04199_pat_hprc_r2_v1.0.1.merged	diagonal-distance	16	heuristic	1561763327	168107412	11720117	52001496	2.8	80948	2.72	10284	1.3	4340	44.5	31028968	632282	631083	1199	0
hprcv2-25k	HG04199_pat_hprc_r2_v1.0.1.merged	diagonal-distance	32	heuristic	1561763327	138792459	7671649	41506645	2.71	79500	2.29	10216	0.96	4352	54.11	33620340	632282	628718	3564	0
hprcv2-25k	HG04199_pat_hprc_r2_v1.0.1.merged	diagonal-distance	64	heuristic	1561763327	121930431	5368672	35416642	2.74	78652	2.02	10388	0.73	4136	92.23	47650328	632282	618764	13518	0
hprcv2-25k	HG04199_pat_hprc_r2_v1.0.1.merged	edit-distance	128	heuristic	1561763327	140141790	6572831	40670304	2.84	79316	2.34	10432	0.98	4564	28.62	17502084	632282	611366	20916	0
hprcv2-25k	HG04199_pat_hprc_r2_v1.0.1.merged	edit-distance	16	heuristic	1561763327	339646859	30477100	102235579	3.14	85984	4.9	10400	3.38	4676	29.21	7500600	632282	631915	367	0
hprcv2-25k	HG04199_pat_hprc_r2_v1.0.1.merged	edit-distance	256	heuristic	1561763327	119849853	4339064	34388441	2.78	78028	2.05	10328	0.76	4216	43.7	16948928	632282	598358	33924	0
hprcv2-25k	HG04199_pat_hprc_r2_v1.0.1.merged	edit-distance	32	heuristic	1561763327	237270973	17581697	69620447	2.68	84512	3.58	10392	2.1	4564	21.61	8993392	632282	631279	1003	0
hprcv2-25k	HG04199_pat_hprc_r2_v1.0.1.merged	edit-distance	64	heuristic	1561763327	175703341	10482122	51066429	2.89	82816	2.81	12352	1.38	4380	23.87	12214496	632282	627936	4346	0
hprcv2-25k	HG04204_mat_hprc_r2_v1.0.1.merged	diagonal-distance	16	heuristic	1900511471	206915973	14194008	63472122	3.23	82536	3.29	11768	1.57	4780	56.02	31580212	786676	785129	1547	0
hprcv2-25k	HG04204_mat_hprc_r2_v1.0.1.merged	diagonal-distance	32	heuristic	1900511471	171406973	9287420	50753852	3.41	81376	2.85	17916	1.15	4572	57.46	30635124	786676	782242	4434	0
hprcv2-25k	HG04204_mat_hprc_r2_v1.0.1.merged	diagonal-distance	64	heuristic	1900511471	150602741	6437968	43224764	3.39	80028	2.5	11712	0.91	4548	80.06	35098404	786676	769831	16845	0
hprcv2-25k	HG04204_mat_hprc_r2_v1.0.1.merged	edit-distance	128	heuristic	1900511471	173045275	7932916	49751466	3.5	80548	2.85	11804	1.2	4556	35.02	18242356	786676	761644	25032	0
hprcv2-25k	HG04204_mat_hprc_r2_v1.0.1.merged	edit-distance	16	heuristic	1900511471	416752782	37127953	124896991	3.66	89808	6.02	13972	4.1	4800	33.8	8717660	786676	786168	508	0
hprcv2-25k	HG04204_mat_hprc_r2_v1.0.1.merged	edit-distance	256	heuristic	1900511471	148340565	5217596	42121280	3.42	80828	2.54	11604	0.91	4420	55.42	16935116	786676	746248	40428	0
hprcv2-25k	HG04204_mat_hprc_r2_v1.0.1.merged	edit-distance	32	heuristic	1900511471	291767254	21375980	85069281	3.31	90920	4.4	17952	2.58	4592	26.68	11290900	786676	785402	1274	0
hprcv2-25k	HG04204_mat_hprc_r2_v1.0.1.merged	edit-distance	64	heuristic	1900511471	216435950	12707994	62427786	3.41	82312	3.45	11680	1.7	4612	29.06	14010436	786676	781431	5245	0
hprcv2-25k	HG04204_pat_hprc_r2_v1.0.1.merged	diagonal-distance	16	heuristic	2270820926	244438191	16588667	74789994	4.03	87396	3.96	15248	1.89	4704	60.49	31285572	939429	937760	1669	0
hprcv2-25k	HG04204_pat_hprc_r2_v1.0.1.merged	diagonal-distance	32	heuristic	2270820926	202741995	10843073	59877320	4.08	83728	3.35	15208	1.37	4616	67.82	32222708	939429	934430	4999	0
hprcv2-25k	HG04204_pat_hprc_r2_v1.0.1.merged	diagonal-distance	64	heuristic	2270820926	178634746	7551018	51167106	4.12	89172	2.98	19180	1.06	4844	103.38	39263960	939429	920997	18432	0
hprcv2-25k	HG04204_pat_hprc_r2_v1.0.1.merged	edit-distance	128	heuristic	2270820926	205677755	9405800	59070640	3.92	85112	3.43	15200	1.41	4760	40.72	17347972	939429	911728	27701	0
hprcv2-25k	HG04204_pat_hprc_r2_v1.0.1.merged	edit-distance	16	heuristic	2270820926	495424575	44099057	148280374	4.47	95976	7.1	19336	4.93	4964	40.77	8368980	939429	938935	494	0
hprcv2-25k	HG04204_pat_hprc_r2_v1.0.1.merged	edit-distance	256	heuristic	2270820926	176460692	6183973	50036993	4.05	84968	3.01	15044	1.1	4764	62.93	17294004	939429	894190	45239	0
hprcv2-25k	HG04204_pat_hprc_r2_v1.0.1.merged	edit-distance	32	heuristic	2270820926	346411544	25316967	100845448	3.96	92804	5.21	15096	3.05	4700	31.42	10166388	939429	938050	1379	0
hprcv2-25k	HG04204_pat_hprc_r2_v1.0.1.merged	edit-distance	64	heuristic	2270820926	256897908	15032096	73987493	3.91	86672	4.07	15132	1.99	4752	34.19	13697092	939429	933713	5716	0
hprcv2-25k	HG04228_mat_hprc_r2_v1.0.1.merged	diagonal-distance	16	heuristic	1410581385	151423930	10090993	46272573	2.53	79204	2.47	10092	1.15	4328	34.67	27902980	596375	595429	946	0
hprcv2-25k	HG04228_mat_hprc_r2_v1.0.1.merged	diagonal-distance	32	heuristic	1410581385	125855770	6585196	37139839	2.59	78024	2.1	10116	0.83	4300	40.3	28446096	596375	593604	2771	0
hprcv2-25k	HG04228_mat_hprc_r2_v1.0.1.merged	diagonal-distance	64	heuristic	1410581385	111223516	4601602	31869029	2.62	77220	1.87	10012	0.65	4408	60.61	34971212	596375	585839	10536	0
hprcv2-25k	HG04228_mat_hprc_r2_v1.0.1.merged	edit-distance	128	heuristic	1410581385	128143958	5762340	36868226	2.53	79868	2.17	12024	0.86	4120	27.01	17202060	596375	579970	16405	0
hprcv2-25k	HG04228_mat_hprc_r2_v1.0.1.merged	edit-distance	16	heuristic	1410581385	307085539	27082547	91962284	2.92	85984	4.44	12248	3.02	4540	23.72	8460372	596375	596032	343	0
hprcv2-25k	HG04228_mat_hprc_r2_v1.0.1.merged	edit-distance	256	heuristic	1410581385	110245904	3814524	31371505	2.49	80052	1.91	12012	0.68	4276	41.34	15866232	596375	569417	26958	0
hprcv2-25k	HG04228_mat_hprc_r2_v1.0.1.merged	edit-distance	32	heuristic	1410581385	214942802	15532335	62681905	2.49	82388	3.27	10076	1.88	4436	20.28	10661020	596375	595579	796	0
hprcv2-25k	HG04228_mat_hprc_r2_v1.0.1.merged	edit-distance	64	heuristic	1410581385	159683371	9207285	46088329	2.61	81072	2.53	12036	1.26	4408	22.08	13631968	596375	593094	3281	0
hprcv2-25k	HG04228_pat_hprc_r2_v1.0.1.merged	diagonal-distance	16	heuristic	1916258955	210794988	14357945	64710948	3.41	85092	3.4	13888	1.62	4620	116.75	53680728	813940	812441	1499	0
hprcv2-25k	HG04228_pat_hprc_r2_v1.0.1.merged	diagonal-distance	32	heuristic	1916258955	175155230	9432314	51947357	3.52	82372	2.89	13892	1.18	4428	116.2	55707288	813940	809401	4539	0
hprcv2-25k	HG04228_pat_hprc_r2_v1.0.1.merged	diagonal-distance	64	heuristic	1916258955	154544434	6611936	44495129	3.18	83972	2.6	13900	0.93	4564	130.75	58359432	813940	796718	17222	0
hprcv2-25k	HG04228_pat_hprc_r2_v1.0.1.merged	edit-distance	128	heuristic	1916258955	176863689	8097275	51020044	3.46	82252	2.94	11984	1.22	4576	34.76	15535028	813940	787662	26278	0
hprcv2-25k	HG04228_pat_hprc_r2_v1.0.1.merged	edit-distance	16	heuristic	1916258955	421202519	37340014	126360695	3.81	88692	6.08	12012	4.13	4660	32.85	8240680	813940	813434	506	0
hprcv2-25k	HG04228_pat_hprc_r2_v1.0.1.merged	edit-distance	256	heuristic	1916258955	152273422	5399254	43428759	3.33	84164	2.63	12020	0.95	4392	53.49	16307416	813940	770887	43053	0
hprcv2-25k	HG04228_pat_hprc_r2_v1.0.1.merged	edit-distance	32	heuristic	1916258955	295666398	21541428	86377237	3.47	85636	4.44	12080	2.59	4676	26.74	9823704	813940	812668	1272	0
hprcv2-25k	HG04228_pat_hprc_r2_v1.0.1.merged	edit-distance	64	heuristic	1916258955	220182987	12852026	63663028	3.47	83128	3.52	12068	1.7	4692	29.19	13308172	813940	808732	5208	0
hprcv2-25k	HG06807_mat_v1.0.genbank.merged	diagonal-distance	16	heuristic	1988481028	201043225	14772255	63429331	3.15	82132	3.27	11076	1.6	4536	45.66	28759640	729841	728332	1509	0
hprcv2-25k	HG06807_mat_v1.0.genbank.merged	diagonal-distance	32	heuristic	1988481028	163790277	9599577	50068618	3.3	80708	2.71	11096	1.17	4528	52.88	29104576	729841	725430	4411	0
hprcv2-25k	HG06807_mat_v1.0.genbank.merged	diagonal-distance	64	heuristic	1988481028	142151476	6620798	42215889	3.27	78940	2.39	11160	0.89	4400	86.8	37339096	729841	713025	16816	0
hprcv2-25k	HG06807_mat_v1.0.genbank.merged	edit-distance	128	heuristic	1988481028	166164175	8264839	48944106	3.4	84260	2.75	17296	1.2	4320	34.17	13663836	729841	705401	24440	0
hprcv2-25k	HG06807_mat_v1.0.genbank.merged	edit-distance	16	heuristic	1988481028	422720151	39158683	127417759	3.93	93580	5.97	17376	4.25	4640	31.28	9386308	729841	729326	515	0
hprcv2-25k	HG06807_mat_v1.0.genbank.merged	edit-distance	256	heuristic	1988481028	140158910	5386694	40929731	3.37	80548	2.43	11192	0.91	4500	54.88	16678248	729841	690741	39100	0
hprcv2-25k	HG06807_mat_v1.0.genbank.merged	edit-distance	32	heuristic	1988481028	291050201	22487749	85826345	3.54	89872	4.35	17300	2.62	4520	25.51	10909504	729841	728569	1272	0
hprcv2-25k	HG06807_mat_v1.0.genbank.merged	edit-distance	64	heuristic	1988481028	211784080	13305973	62151903	3.36	87692	3.4	17356	1.68	4596	27.86	13095800	729841	724663	5178	0
hprcv2-25k	HG06807_pat_v1.0.genbank.merged	diagonal-distance	16	heuristic	2222367720	226431418	16071912	70904948	4.03	90900	3.71	18588	1.76	4624	52.86	27817748	850202	848710	1492	0
hprcv2-25k	HG06807_pat_v1.0.genbank.merged	diagonal-distance	32	heuristic	2222367720	185537911	10437598	56268710	3.93	88776	3.14	18532	1.27	4756	61.25	30963900	850202	845681	4521	0
hprcv2-25k	HG06807_pat_v1.0.genbank.merged	diagonal-distance	64	heuristic	2222367720	161962300	7227835	47752860	3.77	88152	2.75	18508	0.99	4568	97.64	39384236	850202	832948	17254	0
hprcv2-25k	HG06807_pat_v1.0.genbank.merged	edit-distance	128	heuristic	2222367720	189038691	9098226	55491869	3.82	82824	3.16	12352	1.32	4664	38.83	14734060	850202	823792	26410	0
hprcv2-25k	HG06807_pat_v1.0.genbank.merged	edit-distance	16	heuristic	2222367720	473643967	43121528	142659051	4.06	90728	6.73	14532	4.75	4660	36.01	9065140	850202	849671	531	0
hprcv2-25k	HG06807_pat_v1.0.genbank.merged	edit-distance	256	heuristic	2222367720	160264705	5941634	46632551	3.75	84500	2.78	14428	1.02	4376	62	15468092	850202	806610	43592	0
hprcv2-25k	HG06807_pat_v1.0.genbank.merged	edit-distance	32	heuristic	2222367720	327389102	24705472	96363789	3.96	85584	4.91	12480	2.95	4600	29.56	12331024	850202	848906	1296	0
hprcv2-25k	HG06807_pat_v1.0.genbank.merged	edit-distance	64	heuristic	2222367720	239437452	14609742	70096421	3.7	83696	3.82	12436	1.89	4552	32.51	14740440	850202	844931	5271	0
hprcv2-25k	NA18505_hap1_hprc_r2_v1.0.1.merged	diagonal-distance	16	heuristic	2174634651	219685697	15840370	68247347	3.65	89176	3.48	13880	1.74	4720	65.02	38036984	790317	788650	1667	0
hprcv2-25k	NA18505_hap1_hprc_r2_v1.0.1.merged	diagonal-distance	32	heuristic	2174634651	178527435	10164609	53507968	3.56	83800	2.89	13708	1.27	4540	81.45	38709540	790317	785499	4818	0
hprcv2-25k	NA18505_hap1_hprc_r2_v1.0.1.merged	diagonal-distance	64	heuristic	2174634651	154741364	6917483	44910550	3.5	86740	2.55	17956	0.95	4508	122.11	46961256	790317	772219	18098	0
hprcv2-25k	NA18505_hap1_hprc_r2_v1.0.1.merged	edit-distance	128	heuristic	2174634651	181708511	8769733	52495195	3.7	88220	2.99	17940	1.3	4520	37.73	14153752	790317	763344	26973	0
hprcv2-25k	NA18505_hap1_hprc_r2_v1.0.1.merged	edit-distance	16	heuristic	2174634651	462899219	42359553	138619630	4.05	90940	6.57	13944	4.55	4704	35.7	8486580	790317	789777	540	0
hprcv2-25k	NA18505_hap1_hprc_r2_v1.0.1.merged	edit-distance	256	heuristic	2174634651	153341566	5675576	43810350	3.74	87980	2.6	17868	0.97	4504	60.08	17031964	790317	747131	43186	0
hprcv2-25k	NA18505_hap1_hprc_r2_v1.0.1.merged	edit-distance	32	heuristic	2174634651	318796439	24220560	92949543	3.44	91336	4.72	13852	2.87	4768	28.24	11001860	790317	788967	1350	0
hprcv2-25k	NA18505_hap1_hprc_r2_v1.0.1.merged	edit-distance	64	heuristic	2174634651	231914877	14243113	66980205	3.64	88576	3.63	17948	1.85	4764	31.34	14132016	790317	784603	5714	0
hprcv2-25k	NA18505_hap2_hprc_r2_v1.0.1.merged	diagonal-distance	16	heuristic	2778372767	275522221	20062806	85868499	4.59	91328	4.4	19468	2.2	4800	90.31	36137348	970239	968236	2003	0
hprcv2-25k	NA18505_hap2_hprc_r2_v1.0.1.merged	diagonal-distance	32	heuristic	2778372767	223621682	12927677	67292249	4.62	89004	3.65	15392	1.58	4536	104.07	38254544	970239	964450	5789	0
hprcv2-25k	NA18505_hap2_hprc_r2_v1.0.1.merged	diagonal-distance	64	heuristic	2778372767	193668178	8858831	56474480	4.65	89084	3.2	19372	1.19	4732	143.47	44186460	970239	948614	21625	0
hprcv2-25k	NA18505_hap2_hprc_r2_v1.0.1.merged	edit-distance	128	heuristic	2778372767	228214141	11249298	66244482	4.67	89320	3.73	19412	1.61	4692	47.65	13625784	970239	937995	32244	0
hprcv2-25k	NA18505_hap2_hprc_r2_v1.0.1.merged	edit-distance	16	heuristic	2778372767	586305649	53718265	175591624	5.21	96344	8.3	19588	5.88	5036	47.77	11662296	970239	969571	668	0
hprcv2-25k	NA18505_hap2_hprc_r2_v1.0.1.merged	edit-distance	256	heuristic	2778372767	192098599	7316033	55176133	4.69	86952	3.27	19452	1.22	4640	78.27	17518544	970239	917954	52285	0
hprcv2-25k	NA18505_hap2_hprc_r2_v1.0.1.merged	edit-distance	32	heuristic	2778372767	402295544	30742903	117509318	4.78	95356	5.93	19468	3.61	4560	36.32	11253420	970239	968601	1638	0
hprcv2-25k	NA18505_hap2_hprc_r2_v1.0.1.merged	edit-distance	64	heuristic	2778372767	291799626	18133843	84567043	4.67	90356	4.55	19500	2.29	4552	39.73	11479388	970239	963422	6817	0
hprcv2-25k	NA18508_hap1_hprc_r2_v1.0.1.merged	diagonal-distance	16	heuristic	1770667656	180431060	12766020	55629229	2.96	83612	2.88	12604	1.4	4496	47.26	32071988	654076	652876	1200	0
hprcv2-25k	NA18508_hap1_hprc_r2_v1.0.1.merged	diagonal-distance	32	heuristic	1770667656	147996484	8295650	44020497	3.09	82052	2.48	12256	1.01	4132	51.83	32474136	654076	650491	3585	0
hprcv2-25k	NA18508_hap1_hprc_r2_v1.0.1.merged	diagonal-distance	64	heuristic	1770667656	129309511	5744093	37260850	3.07	81332	2.11	10424	0.78	4232	75.93	36716412	654076	640801	13275	0
hprcv2-25k	NA18508_hap1_hprc_r2_v1.0.1.merged	edit-distance	128	heuristic	1770667656	150787285	7227914	43340766	3.07	82168	2.52	12492	1.06	4484	30.53	14213564	654076	634024	20052	0
hprcv2-25k	NA18508_hap1_hprc_r2_v1.0.1.merged	edit-distance	16	heuristic	1770667656	377029241	34252622	112406401	3.17	92068	5.34	12668	3.75	4584	27.11	9168228	654076	653698	378	0
hprcv2-25k	NA18508_hap1_hprc_r2_v1.0.1.merged	edit-distance	256	heuristic	1770667656	127972668	4724455	36329311	3.12	81420	2.16	12448	0.81	4184	49.94	16015152	654076	621321	32755	0
hprcv2-25k	NA18508_hap1_hprc_r2_v1.0.1.merged	edit-distance	32	heuristic	1770667656	260777393	19638058	75737317	3.08	90212	3.84	12552	2.34	4508	23.08	10453024	654076	653094	982	0
hprcv2-25k	NA18508_hap1_hprc_r2_v1.0.1.merged	edit-distance	64	heuristic	1770667656	190908841	11617654	54933624	2.99	83352	3.03	12400	1.5	4336	25.12	12674064	654076	649923	4153	0
hprcv2-25k	NA18508_hap2_hprc_r2_v1.0.1.merged	diagonal-distance	16	heuristic	2509601873	259240045	18041206	79784565	4.5	90928	4.23	21472	2.03	4584	58.4	30936832	961208	959435	1773	0
hprcv2-25k	NA18508_hap2_hprc_r2_v1.0.1.merged	diagonal-distance	32	heuristic	2509601873	213336356	11711869	63344784	4.38	89632	3.53	19340	1.43	4648	64.71	30687144	961208	955979	5229	0
hprcv2-25k	NA18508_hap2_hprc_r2_v1.0.1.merged	diagonal-distance	64	heuristic	2509601873	186801250	8089496	53739097	4.36	89908	3.08	19340	1.11	4572	104.98	36465164	961208	941529	19679	0
hprcv2-25k	NA18508_hap2_hprc_r2_v1.0.1.merged	edit-distance	128	heuristic	2509601873	217241137	10210465	62450369	4.5	90008	3.57	19304	1.5	4664	42.35	13539668	961208	931422	29786	0
hprcv2-25k	NA18508_hap2_hprc_r2_v1.0.1.merged	edit-distance	16	heuristic	2509601873	537409360	48466274	160158973	5.17	91328	7.62	13308	5.32	4776	41.26	9106748	961208	960616	592	0
hprcv2-25k	NA18508_hap2_hprc_r2_v1.0.1.merged	edit-distance	256	heuristic	2509601873	185122696	6686610	52577128	4.3	91944	3.16	19084	1.15	4568	68.58	17386356	961208	913029	48179	0
hprcv2-25k	NA18508_hap2_hprc_r2_v1.0.1.merged	edit-distance	32	heuristic	2509601873	372979965	27779826	108308839	4.36	87316	5.58	13284	3.28	4508	32.15	12145228	961208	959735	1473	0
hprcv2-25k	NA18508_hap2_hprc_r2_v1.0.1.merged	edit-distance	64	heuristic	2509601873	273950683	16418418	78854989	4.48	90864	4.29	19384	2.13	4640	35.29	12233520	961208	955025	6183	0
hprcv2-25k	NA18522_hap1_hprc_r2_v1.0.1.merged	diagonal-distance	16	heuristic	2087422809	211678308	15223987	66106411	3.41	91264	3.42	11648	1.68	4832	55.03	31965432	767263	765750	1513	0
hprcv2-25k	NA18522_hap1_hprc_r2_v1.0.1.merged	diagonal-distance	32	heuristic	2087422809	173280169	9927420	52362042	3.45	83556	2.82	11580	1.2	4604	82.21	39315648	767263	762662	4601	0
hprcv2-25k	NA18522_hap1_hprc_r2_v1.0.1.merged	diagonal-distance	64	heuristic	2087422809	151121170	6903803	44355262	3.31	82964	2.5	11500	0.94	4540	103.42	42409876	767263	750143	17120	0
hprcv2-25k	NA18522_hap1_hprc_r2_v1.0.1.merged	edit-distance	128	heuristic	2087422809	176358404	8635446	51524353	3.62	83248	2.92	11512	1.26	4540	35.82	14900780	767263	741498	25765	0
hprcv2-25k	NA18522_hap1_hprc_r2_v1.0.1.merged	edit-distance	16	heuristic	2087422809	443856317	40513398	133337827	3.63	96828	6.23	17880	4.38	4716	33.57	8903416	767263	766780	483	0
hprcv2-25k	NA18522_hap1_hprc_r2_v1.0.1.merged	edit-distance	256	heuristic	2087422809	149275184	5659207	43183301	3.62	82792	2.54	11604	0.96	4628	56.77	16390092	767263	725652	41611	0
hprcv2-25k	NA18522_hap1_hprc_r2_v1.0.1.merged	edit-distance	32	heuristic	2087422809	306442990	23250682	89814591	3.41	92864	4.54	17712	2.73	4776	26.97	11608868	767263	766002	1261	0
hprcv2-25k	NA18522_hap1_hprc_r2_v1.0.1.merged	edit-distance	64	heuristic	2087422809	223897852	13798393	65210367	3.67	84336	3.51	11648	1.78	4552	29.61	11723648	767263	761922	5341	0
hprcv2-25k	NA18522_hap2_hprc_r2_v1.0.1.merged	diagonal-distance	16	heuristic	2244124242	234789307	16034386	72405161	4.02	83768	3.83	12744	1.8	4800	52.05	28533784	908548	906956	1592	0
hprcv2-25k	NA18522_hap2_hprc_r2_v1.0.1.merged	diagonal-distance	32	heuristic	2244124242	194038602	10418737	57821346	3.94	82652	3.21	12752	1.29	4480	61.38	29909892	908548	903948	4600	0
hprcv2-25k	NA18522_hap2_hprc_r2_v1.0.1.merged	diagonal-distance	64	heuristic	2244124242	170434716	7198986	49286807	3.91	87440	2.87	18980	1.02	4516	98.11	37936604	908548	890940	17608	0
hprcv2-25k	NA18522_hap2_hprc_r2_v1.0.1.merged	edit-distance	128	heuristic	2244124242	197637594	9095030	57097689	3.9	88972	3.36	18904	1.39	4540	38.04	13539100	908548	881923	26625	0
hprcv2-25k	NA18522_hap2_hprc_r2_v1.0.1.merged	edit-distance	16	heuristic	2244124242	483339095	43240696	144363944	4.34	96352	6.98	19128	4.73	4708	34.5	9945492	908548	908004	544	0
hprcv2-25k	NA18522_hap2_hprc_r2_v1.0.1.merged	edit-distance	256	heuristic	2244124242	168928117	5939531	48252496	4.03	81968	2.92	12732	1.05	4592	60.95	16034608	908548	865268	43280	0
hprcv2-25k	NA18522_hap2_hprc_r2_v1.0.1.merged	edit-distance	32	heuristic	2244124242	336403871	24753357	98016571	4.14	93596	5.12	19020	2.92	4828	28.87	11994124	908548	907237	1311	0
hprcv2-25k	NA18522_hap2_hprc_r2_v1.0.1.merged	edit-distance	64	heuristic	2244124242	248139533	14625589	71732048	4.16	89548	3.95	18960	1.92	4772	31.69	12687948	908548	903180	5368	0
hprcv2-25k	NA18565_hap1_hprc_r2_v1.0.1.merged	diagonal-distance	16	heuristic	1674690610	180413122	12943323	56061412	2.86	82640	2.86	10564	1.42	4504	47.32	29088320	663370	662036	1334	0
hprcv2-25k	NA18565_hap1_hprc_r2_v1.0.1.merged	diagonal-distance	32	heuristic	1674690610	148267091	8473992	44527746	3.02	86692	2.45	16776	1.03	4384	51.29	28687628	663370	659435	3935	0
hprcv2-25k	NA18565_hap1_hprc_r2_v1.0.1.merged	diagonal-distance	64	heuristic	1674690610	129329221	5857592	37653257	2.94	86624	2.15	14744	0.8	4264	74.49	34838340	663370	648442	14928	0
hprcv2-25k	NA18565_hap1_hprc_r2_v1.0.1.merged	edit-distance	128	heuristic	1674690610	149044673	7155099	43259947	2.88	87296	2.48	16704	1.06	4468	31.18	16259996	663370	641291	22079	0
hprcv2-25k	NA18565_hap1_hprc_r2_v1.0.1.merged	edit-distance	16	heuristic	1674690610	365761553	33365308	110197381	3.4	87912	5.3	10692	3.6	4560	31.08	9019780	663370	662927	443	0
hprcv2-25k	NA18565_hap1_hprc_r2_v1.0.1.merged	edit-distance	256	heuristic	1674690610	126666526	4651167	36274756	2.95	86428	2.17	14660	0.8	4288	48.36	16114400	663370	627093	36277	0
hprcv2-25k	NA18565_hap1_hprc_r2_v1.0.1.merged	edit-distance	32	heuristic	1674690610	254853445	19263058	74803993	2.87	84632	3.87	12708	2.3	4584	23.8	9953028	663370	662297	1073	0
hprcv2-25k	NA18565_hap1_hprc_r2_v1.0.1.merged	edit-distance	64	heuristic	1674690610	187810933	11471485	54608653	2.86	87724	2.96	16824	1.48	4396	25.97	12856420	663370	658816	4554	0
hprcv2-25k	NA18565_hap2_hprc_r2_v1.0.1.merged	diagonal-distance	16	heuristic	2119156181	224789202	15719056	69423577	3.8	88516	3.66	18492	1.76	4784	65.92	31902252	841877	840349	1528	0
hprcv2-25k	NA18565_hap2_hprc_r2_v1.0.1.merged	diagonal-distance	32	heuristic	2119156181	184993474	10222839	55174025	3.8	87108	3.09	18312	1.27	4564	76.75	33301484	841877	837082	4795	0
hprcv2-25k	NA18565_hap2_hprc_r2_v1.0.1.merged	diagonal-distance	64	heuristic	2119156181	161856255	7058722	46813722	3.63	79964	2.82	12296	0.98	4500	102.1	38074908	841877	823862	18015	0
hprcv2-25k	NA18565_hap2_hprc_r2_v1.0.1.merged	edit-distance	128	heuristic	2119156181	187305911	8773419	54149672	3.8	80400	3.17	12236	1.3	4368	39.06	16293208	841877	814452	27425	0
hprcv2-25k	NA18565_hap2_hprc_r2_v1.0.1.merged	edit-distance	16	heuristic	2119156181	459239392	41370003	137955230	4.21	92832	6.61	18616	4.51	4552	40.86	9041692	841877	841375	502	0
hprcv2-25k	NA18565_hap2_hprc_r2_v1.0.1.merged	edit-distance	256	heuristic	2119156181	159633030	5734941	45621352	3.85	80332	2.71	12360	1	4460	59.8	15147620	841877	797137	44740	0
hprcv2-25k	NA18565_hap2_hprc_r2_v1.0.1.merged	edit-distance	32	heuristic	2119156181	319816395	23795877	93579125	3.89	90512	4.79	12212	2.84	4756	30.14	11947648	841877	840532	1345	0
hprcv2-25k	NA18565_hap2_hprc_r2_v1.0.1.merged	edit-distance	64	heuristic	2119156181	235770045	14105209	68293337	3.98	81592	3.74	12324	1.84	4740	32.46	14829296	841877	836357	5520	0
hprcv2-25k	NA18570_hap1_hprc_r2_v1.0.1.merged	diagonal-distance	16	heuristic	2176306129	226294017	16088387	70517370	3.87	91820	3.72	20460	1.76	4748	58.79	31011776	841743	840197	1546	0
hprcv2-25k	NA18570_hap1_hprc_r2_v1.0.1.merged	diagonal-distance	32	heuristic	2176306129	185632559	10474044	55954055	3.81	90008	3.07	18316	1.26	4708	68.17	31321000	841743	837184	4559	0
hprcv2-25k	NA18570_hap1_hprc_r2_v1.0.1.merged	diagonal-distance	64	heuristic	2176306129	161915525	7233497	47386089	3.95	86896	2.76	18260	1.01	4476	98.51	37743188	841743	824320	17423	0
hprcv2-25k	NA18570_hap1_hprc_r2_v1.0.1.merged	edit-distance	128	heuristic	2176306129	188154366	9003505	54920153	3.77	85800	3.14	18524	1.32	4552	40.18	16803852	841743	815235	26508	0
hprcv2-25k	NA18570_hap1_hprc_r2_v1.0.1.merged	edit-distance	16	heuristic	2176306129	467437033	42564342	141017053	4.29	94592	6.79	18496	4.61	4728	39.42	9250024	841743	841276	467	0
hprcv2-25k	NA18570_hap1_hprc_r2_v1.0.1.merged	edit-distance	256	heuristic	2176306129	159584093	5864186	46117246	3.78	88044	2.75	18356	1.02	4552	63.16	15671860	841743	798822	42921	0
hprcv2-25k	NA18570_hap1_hprc_r2_v1.0.1.merged	edit-distance	32	heuristic	2176306129	324161828	24462793	95418786	3.75	91392	4.89	18408	2.91	4656	30.16	10087120	841743	840525	1218	0
hprcv2-25k	NA18570_hap1_hprc_r2_v1.0.1.merged	edit-distance	64	heuristic	2176306129	237902600	14500825	69487967	3.89	88320	3.78	18484	1.9	4712	33.01	14164676	841743	836426	5317	0
hprcv2-25k	NA18570_hap2_hprc_r2_v1.0.1.merged	diagonal-distance	16	heuristic	1849058297	192111565	13499002	59698366	3.21	83104	3.08	13324	1.51	4612	71.97	37585384	721393	720042	1351	0
hprcv2-25k	NA18570_hap2_hprc_r2_v1.0.1.merged	diagonal-distance	32	heuristic	1849058297	157844087	8781247	47439164	3.2	80772	2.64	11212	1.1	4432	72.81	37101512	721393	717546	3847	0
hprcv2-25k	NA18570_hap2_hprc_r2_v1.0.1.merged	diagonal-distance	64	heuristic	1849058297	137993953	6075672	40279079	3.15	80660	2.51	13320	0.85	4428	86.49	37869080	721393	706725	14668	0
hprcv2-25k	NA18570_hap2_hprc_r2_v1.0.1.merged	edit-distance	128	heuristic	1849058297	160408442	7607524	46756426	3.24	81836	2.65	13304	1.14	4380	34.73	17385360	721393	699405	21988	0
hprcv2-25k	NA18570_hap2_hprc_r2_v1.0.1.merged	edit-distance	16	heuristic	1849058297	397563252	35954318	119804223	3.73	86944	5.77	13456	3.89	4748	33.82	8845296	721393	720946	447	0
hprcv2-25k	NA18570_hap2_hprc_r2_v1.0.1.merged	edit-distance	256	heuristic	1849058297	136421858	4975803	39366390	3.18	81456	2.37	13236	0.85	4592	53.96	17051572	721393	686124	35269	0
hprcv2-25k	NA18570_hap2_hprc_r2_v1.0.1.merged	edit-distance	32	heuristic	1849058297	275691598	20626105	81018238	3.23	84996	4.13	13272	2.47	4580	26.41	9847800	721393	720267	1126	0
hprcv2-25k	NA18570_hap2_hprc_r2_v1.0.1.merged	edit-distance	64	heuristic	1849058297	202422460	12207373	58995970	3.35	82600	3.23	13288	1.6	4508	29.07	14767088	721393	716749	4644	0
hprcv2-25k	NA18608_hap1_hprc_r2_v1.0.1.merged	diagonal-distance	16	heuristic	1866310809	207867934	14082729	63536874	3.3	81744	3.35	11896	1.62	4752	46.19	27396912	794245	792716	1529	0
hprcv2-25k	NA18608_hap1_hprc_r2_v1.0.1.merged	diagonal-distance	32	heuristic	1866310809	172586457	9211916	50907986	3.52	83168	2.85	13928	1.15	4500	60.62	31567952	794245	789828	4417	0
hprcv2-25k	NA18608_hap1_hprc_r2_v1.0.1.merged	diagonal-distance	64	heuristic	1866310809	152221534	6429581	43560970	3.38	81756	2.52	11956	0.9	4524	84.51	35546108	794245	777683	16562	0
hprcv2-25k	NA18608_hap1_hprc_r2_v1.0.1.merged	edit-distance	128	heuristic	1866310809	174110141	7883257	49989716	3.1	82464	2.89	13892	1.18	4344	34.37	15476552	794245	769108	25137	0
hprcv2-25k	NA18608_hap1_hprc_r2_v1.0.1.merged	edit-distance	16	heuristic	1866310809	413137442	36492154	123895847	3.66	90412	5.96	14104	4.05	4728	34.73	9037912	794245	793731	514	0
hprcv2-25k	NA18608_hap1_hprc_r2_v1.0.1.merged	edit-distance	256	heuristic	1866310809	149895383	5225738	42507284	3.15	82652	2.55	14000	0.93	4520	53.14	15378372	794245	753403	40842	0
hprcv2-25k	NA18608_hap1_hprc_r2_v1.0.1.merged	edit-distance	32	heuristic	1866310809	290301212	21034151	84674606	3.3	86440	4.33	13976	2.52	4700	26.84	9684608	794245	792975	1270	0
hprcv2-25k	NA18608_hap1_hprc_r2_v1.0.1.merged	edit-distance	64	heuristic	1866310809	216527866	12533618	62390670	3.35	84432	3.44	14024	1.69	4672	29.12	13562108	794245	789007	5238	0
hprcv2-25k	NA18608_hap2_hprc_r2_v1.0.1.merged	diagonal-distance	16	heuristic	2101368510	224090986	16234920	69836603	3.7	83448	3.63	11932	1.78	4756	66.23	29128748	810467	808751	1716	0
hprcv2-25k	NA18608_hap2_hprc_r2_v1.0.1.merged	diagonal-distance	32	heuristic	2101368510	184549364	10731886	55653210	3.61	82340	3.04	11948	1.28	4620	136.79	39726712	810467	805533	4934	0
hprcv2-25k	NA18608_hap2_hprc_r2_v1.0.1.merged	diagonal-distance	64	heuristic	2101368510	161138396	7494178	47150557	3.63	81556	2.67	11996	0.99	4444	163.01	44663032	810467	792045	18422	0
hprcv2-25k	NA18608_hap2_hprc_r2_v1.0.1.merged	edit-distance	128	heuristic	2101368510	185211224	9031593	53882755	3.5	81900	3.08	12112	1.3	4736	38.06	15294336	810467	783448	27019	0
hprcv2-25k	NA18608_hap2_hprc_r2_v1.0.1.merged	edit-distance	16	heuristic	2101368510	455594413	41852751	137470993	4.12	90544	6.49	14100	4.54	4756	35.75	9587176	810467	809931	536	0
hprcv2-25k	NA18608_hap2_hprc_r2_v1.0.1.merged	edit-distance	256	heuristic	2101368510	157028301	5882050	45105489	3.44	82248	2.67	11932	0.99	4516	59.12	16131268	810467	766837	43630	0
hprcv2-25k	NA18608_hap2_hprc_r2_v1.0.1.merged	edit-distance	32	heuristic	2101368510	317237866	24223495	93350057	3.6	84356	4.76	12180	2.84	4620	29.24	11645084	810467	809063	1404	0
hprcv2-25k	NA18608_hap2_hprc_r2_v1.0.1.merged	edit-distance	64	heuristic	2101368510	233898309	14489288	68199261	3.56	82784	3.71	12092	1.88	4684	31.76	13866488	810467	804631	5836	0
hprcv2-25k	NA18620_hap1_hprc_r2_v1.0.1.merged	diagonal-distance	16	heuristic	2107954741	228705952	15658699	70266482	3.74	89172	3.65	18616	1.77	4688	48.48	26632140	865832	864148	1684	0
hprcv2-25k	NA18620_hap1_hprc_r2_v1.0.1.merged	diagonal-distance	32	heuristic	2107954741	189581042	10263945	56269742	3.73	81668	3.14	12532	1.26	4460	57.33	27992752	865832	861044	4788	0
hprcv2-25k	NA18620_hap1_hprc_r2_v1.0.1.merged	diagonal-distance	64	heuristic	2107954741	166992753	7182005	48122395	3.9	86360	2.8	14440	1	4556	93.14	35650004	865832	847400	18432	0
hprcv2-25k	NA18620_hap1_hprc_r2_v1.0.1.merged	edit-distance	128	heuristic	2107954741	191767508	8855260	55406923	3.88	87632	3.22	18576	1.33	4496	38.47	15837384	865832	838621	27211	0
hprcv2-25k	NA18620_hap1_hprc_r2_v1.0.1.merged	edit-distance	16	heuristic	2107954741	460322018	41011015	138309654	4.07	88508	6.57	12552	4.47	4696	39.06	8828244	865832	865294	538	0
hprcv2-25k	NA18620_hap1_hprc_r2_v1.0.1.merged	edit-distance	256	heuristic	2107954741	164717586	5888456	47063915	3.52	87448	2.8	18620	1.02	4456	58.98	16086432	865832	822013	43819	0
hprcv2-25k	NA18620_hap1_hprc_r2_v1.0.1.merged	edit-distance	32	heuristic	2107954741	322452186	23622272	94279626	3.61	84652	4.87	18624	2.82	4676	29.23	10366148	865832	864467	1365	0
hprcv2-25k	NA18620_hap1_hprc_r2_v1.0.1.merged	edit-distance	64	heuristic	2107954741	239417640	14074282	69304470	3.9	88052	3.83	18360	1.85	4760	32.26	12997348	865832	860106	5726	0
hprcv2-25k	NA18620_hap2_hprc_r2_v1.0.1.merged	diagonal-distance	16	heuristic	1719488112	188587369	13767058	58730471	3.02	81128	3.02	10784	1.48	4576	43.34	27653144	682052	680513	1539	0
hprcv2-25k	NA18620_hap2_hprc_r2_v1.0.1.merged	diagonal-distance	32	heuristic	1719488112	154708353	9026653	46554257	3.18	80072	2.52	10900	1.06	4472	49.54	29157812	682052	677638	4414	0
hprcv2-25k	NA18620_hap2_hprc_r2_v1.0.1.merged	diagonal-distance	64	heuristic	1719488112	134547777	6214393	39206000	3.08	78392	2.24	10872	0.83	4416	76.81	37223868	682052	665402	16650	0
hprcv2-25k	NA18620_hap2_hprc_r2_v1.0.1.merged	edit-distance	128	heuristic	1719488112	154510100	7493731	44800109	3.04	79244	2.6	10804	1.1	4576	32.12	18278588	682052	657636	24416	0
hprcv2-25k	NA18620_hap2_hprc_r2_v1.0.1.merged	edit-distance	16	heuristic	1719488112	378494270	34799974	114164370	3.47	91804	5.49	16980	3.77	4832	32.95	8785812	682052	681551	501	0
hprcv2-25k	NA18620_hap2_hprc_r2_v1.0.1.merged	edit-distance	256	heuristic	1719488112	131065549	4857509	37491669	3.16	79332	2.31	10700	0.83	4556	49.37	16368132	682052	642575	39477	0
hprcv2-25k	NA18620_hap2_hprc_r2_v1.0.1.merged	edit-distance	32	heuristic	1719488112	264240523	20167750	77596242	3.06	82532	4	10944	2.39	4768	24.38	11399008	682052	680741	1311	0
hprcv2-25k	NA18620_hap2_hprc_r2_v1.0.1.merged	edit-distance	64	heuristic	1719488112	194885577	12043347	56663114	3.14	80276	3.11	10892	1.54	4664	26.89	15622952	682052	676788	5264	0
hprcv2-25k	NA18747_hap1_hprc_r2_v1.0.1.merged	diagonal-distance	16	heuristic	2023485868	222315128	15361037	68161360	3.71	88824	3.56	18200	1.75	4680	52.04	27989596	834156	832635	1521	0
hprcv2-25k	NA18747_hap1_hprc_r2_v1.0.1.merged	diagonal-distance	32	heuristic	2023485868	184165937	10087285	54496309	3.56	81812	3.07	12316	1.28	4432	69.28	34535472	834156	829627	4529	0
hprcv2-25k	NA18747_hap1_hprc_r2_v1.0.1.merged	diagonal-distance	64	heuristic	2023485868	161658586	7000142	46352265	3.48	87036	2.7	18260	0.97	4504	104.95	45066384	834156	817042	17114	0
hprcv2-25k	NA18747_hap1_hprc_r2_v1.0.1.merged	edit-distance	128	heuristic	2023485868	185304756	8548124	53186994	3.66	81536	3.07	12240	1.29	4624	37.28	16155248	834156	808741	25415	0
hprcv2-25k	NA18747_hap1_hprc_r2_v1.0.1.merged	edit-distance	16	heuristic	2023485868	444800237	39606441	133341016	4.12	87708	6.48	12384	4.37	4624	36.41	8254076	834156	833647	509	0
hprcv2-25k	NA18747_hap1_hprc_r2_v1.0.1.merged	edit-distance	256	heuristic	2023485868	158774094	5624307	44970650	3.58	87320	2.68	18212	0.99	4396	56.48	15114672	834156	792970	41186	0
hprcv2-25k	NA18747_hap1_hprc_r2_v1.0.1.merged	edit-distance	32	heuristic	2023485868	311753258	22869140	90889009	3.72	91184	4.66	18380	2.72	4756	28.78	10593024	834156	832881	1275	0
hprcv2-25k	NA18747_hap1_hprc_r2_v1.0.1.merged	edit-distance	64	heuristic	2023485868	231706196	13646288	66734114	3.59	82712	3.67	12256	1.81	4716	31.54	14948960	834156	828854	5302	0
hprcv2-25k	NA18747_hap2_hprc_r2_v1.0.1.merged	diagonal-distance	16	heuristic	1920218645	202911252	13770481	61871874	3.4	88200	3.25	11704	1.55	4696	52.65	29494700	775535	774132	1403	0
hprcv2-25k	NA18747_hap2_hprc_r2_v1.0.1.merged	diagonal-distance	32	heuristic	1920218645	167729115	8925295	49281536	3.42	80476	2.75	11696	1.14	4512	62.36	32607892	775535	771623	3912	0
hprcv2-25k	NA18747_hap2_hprc_r2_v1.0.1.merged	diagonal-distance	64	heuristic	1920218645	147481939	6167296	41978269	3.34	85700	2.45	17628	0.89	4588	85.47	39311708	775535	760615	14920	0
hprcv2-25k	NA18747_hap2_hprc_r2_v1.0.1.merged	edit-distance	128	heuristic	1920218645	170864830	7789711	48791301	3.08	88548	2.83	17828	1.17	4484	35.6	18154864	775535	752510	23025	0
hprcv2-25k	NA18747_hap2_hprc_r2_v1.0.1.merged	edit-distance	16	heuristic	1920218645	415589802	37178384	124114968	3.82	93832	5.92	17948	4.14	4676	36.12	8000632	775535	775117	418	0
hprcv2-25k	NA18747_hap2_hprc_r2_v1.0.1.merged	edit-distance	256	heuristic	1920218645	146272828	5103888	41257578	3.36	86244	2.49	17708	0.91	4432	53.89	15217512	775535	737714	37821	0
hprcv2-25k	NA18747_hap2_hprc_r2_v1.0.1.merged	edit-distance	32	heuristic	1920218645	289786859	21277652	84133819	3.44	90048	4.38	17868	2.56	4664	26.64	10946156	775535	774404	1131	0
hprcv2-25k	NA18747_hap2_hprc_r2_v1.0.1.merged	edit-distance	64	heuristic	1920218645	214084513	12557234	61443239	3.21	88112	3.42	11412	1.66	4716	29.45	15493356	775535	770822	4713	0
hprcv2-25k	NA18879_hap1_hprc_r2_v1.0.1.merged	diagonal-distance	16	heuristic	1977926803	202205334	14912998	63269858	3.52	88176	3.2	16988	1.62	4584	49.53	30547624	709296	707689	1607	0
hprcv2-25k	NA18879_hap1_hprc_r2_v1.0.1.merged	diagonal-distance	32	heuristic	1977926803	164342341	9665371	49700054	3.32	86988	2.71	17184	1.17	4576	58.54	31667140	709296	704752	4544	0
hprcv2-25k	NA18879_hap1_hprc_r2_v1.0.1.merged	diagonal-distance	64	heuristic	1977926803	142453791	6662022	41774596	3.19	83952	2.34	17196	0.88	4528	90.67	39065012	709296	692364	16932	0
hprcv2-25k	NA18879_hap1_hprc_r2_v1.0.1.merged	edit-distance	128	heuristic	1977926803	166387891	8273143	48487043	3.31	86684	2.74	13136	1.2	4432	34.12	13010996	709296	683823	25473	0
hprcv2-25k	NA18879_hap1_hprc_r2_v1.0.1.merged	edit-distance	16	heuristic	1977926803	422763181	38937094	127130719	3.74	87908	6.05	11292	4.22	4752	31.54	9092892	709296	708750	546	0
hprcv2-25k	NA18879_hap1_hprc_r2_v1.0.1.merged	edit-distance	256	heuristic	1977926803	140152738	5379437	40386599	3.35	80912	2.38	10980	0.9	4520	55.68	16429392	709296	668310	40986	0
hprcv2-25k	NA18879_hap1_hprc_r2_v1.0.1.merged	edit-distance	32	heuristic	1977926803	291356469	22384297	85404818	3.22	84220	4.32	11124	2.66	4676	25.73	12281840	709296	707941	1355	0
hprcv2-25k	NA18879_hap1_hprc_r2_v1.0.1.merged	edit-distance	64	heuristic	1977926803	212248422	13283163	61719494	3.43	87888	3.3	17344	1.7	4496	28.16	11928168	709296	704004	5292	0
hprcv2-25k	NA18879_hap2_hprc_r2_v1.0.1.merged	diagonal-distance	16	heuristic	2087483799	212265942	15180969	65853208	3.67	89968	3.41	17744	1.68	4780	55.17	32944848	770052	768481	1571	0
hprcv2-25k	NA18879_hap2_hprc_r2_v1.0.1.merged	diagonal-distance	32	heuristic	2087483799	173424102	9822013	51945556	3.5	81724	2.87	11632	1.2	4436	62.66	31914484	770052	765435	4617	0
hprcv2-25k	NA18879_hap2_hprc_r2_v1.0.1.merged	diagonal-distance	64	heuristic	2087483799	151118600	6778259	43876899	3.54	81100	2.55	11696	0.91	4452	100.63	41274024	770052	753065	16987	0
hprcv2-25k	NA18879_hap2_hprc_r2_v1.0.1.merged	edit-distance	128	heuristic	2087483799	176499132	8523402	51038851	3.47	81652	2.96	11796	1.24	4420	35.71	13044912	770052	744345	25707	0
hprcv2-25k	NA18879_hap2_hprc_r2_v1.0.1.merged	edit-distance	16	heuristic	2087483799	444078624	40513652	132898451	4.05	89120	6.26	11720	4.37	4796	34.16	9197728	770052	769572	480	0
hprcv2-25k	NA18879_hap2_hprc_r2_v1.0.1.merged	edit-distance	256	heuristic	2087483799	149412645	5545722	42684726	3.44	88052	2.54	17784	0.94	4664	56.99	15884948	770052	728374	41678	0
hprcv2-25k	NA18879_hap2_hprc_r2_v1.0.1.merged	edit-distance	32	heuristic	2087483799	306882832	23228850	89477590	3.62	85620	4.59	11592	2.76	4680	26.74	12204140	770052	768815	1237	0
hprcv2-25k	NA18879_hap2_hprc_r2_v1.0.1.merged	edit-distance	64	heuristic	2087483799	224047524	13717036	64770644	3.61	83136	3.51	11748	1.79	4616	29.48	12980276	770052	764817	5235	0
hprcv2-25k	NA18906_mat_hprc_r2_v1.0.1.merged	diagonal-distance	16	heuristic	2426844722	251675364	17432554	77567204	4.16	86112	4.06	19196	1.94	4792	57.3	28534812	948616	946930	1686	0
hprcv2-25k	NA18906_mat_hprc_r2_v1.0.1.merged	diagonal-distance	32	heuristic	2426844722	206590892	11223944	61420337	4.2	90976	3.4	19212	1.38	4524	66.23	29199220	948616	943636	4980	0
hprcv2-25k	NA18906_mat_hprc_r2_v1.0.1.merged	diagonal-distance	64	heuristic	2426844722	180975475	7742154	52170416	4.33	92508	3.04	19340	1.09	4524	103.23	37127484	948616	929322	19294	0
hprcv2-25k	NA18906_mat_hprc_r2_v1.0.1.merged	edit-distance	128	heuristic	2426844722	210585559	9800902	60659987	4.01	85208	3.5	13120	1.44	4612	41.44	14441416	948616	919328	29288	0
hprcv2-25k	NA18906_mat_hprc_r2_v1.0.1.merged	edit-distance	16	heuristic	2426844722	520796132	46793594	155535897	4.79	92548	7.38	13288	5.15	4768	39.39	8287336	948616	948088	528	0
hprcv2-25k	NA18906_mat_hprc_r2_v1.0.1.merged	edit-distance	256	heuristic	2426844722	179577999	6412053	51131835	4.33	85120	3.09	12952	1.12	4496	67.06	17335220	948616	901576	47040	0
hprcv2-25k	NA18906_mat_hprc_r2_v1.0.1.merged	edit-distance	32	heuristic	2426844722	361534882	26786787	105189962	4.28	88576	5.41	13108	3.18	4756	31.09	10963336	948616	947229	1387	0
hprcv2-25k	NA18906_mat_hprc_r2_v1.0.1.merged	edit-distance	64	heuristic	2426844722	265639488	15797179	76581785	4.42	86756	4.21	13212	2.08	4684	34.2	11764204	948616	942731	5885	0
hprcv2-25k	NA18906_pat_hprc_r2_v1.0.1.merged	diagonal-distance	16	heuristic	2646933694	261876393	19197153	82050234	4.49	91020	4.25	19192	2.09	4716	67.04	30984948	934817	933135	1682	0
hprcv2-25k	NA18906_pat_hprc_r2_v1.0.1.merged	diagonal-distance	32	heuristic	2646933694	214054550	12577344	64906947	4.33	90124	3.51	13004	1.48	4608	79.26	32052140	934817	929571	5246	0
hprcv2-25k	NA18906_pat_hprc_r2_v1.0.1.merged	diagonal-distance	64	heuristic	2646933694	186356014	8783930	54862079	4.34	83352	3.11	12984	1.16	4540	141.56	38661932	934817	914789	20028	0
hprcv2-25k	NA18906_pat_hprc_r2_v1.0.1.merged	edit-distance	128	heuristic	2646933694	218185299	11003030	63842221	4.52	88468	3.58	19116	1.55	4728	43.62	13718328	934817	904780	30037	0
hprcv2-25k	NA18906_pat_hprc_r2_v1.0.1.merged	edit-distance	16	heuristic	2646933694	555061835	51598509	166722110	5.41	96416	7.81	13232	5.64	4764	42.69	11297232	934817	934285	532	0
hprcv2-25k	NA18906_pat_hprc_r2_v1.0.1.merged	edit-distance	256	heuristic	2646933694	184125748	7243495	53368597	4.42	90520	3.15	13092	1.19	4612	72.24	17008500	934817	885382	49435	0
hprcv2-25k	NA18906_pat_hprc_r2_v1.0.1.merged	edit-distance	32	heuristic	2646933694	381868660	29645121	112134505	4.72	87612	5.68	12872	3.47	4724	32.49	11307136	934817	933380	1437	0
hprcv2-25k	NA18906_pat_hprc_r2_v1.0.1.merged	edit-distance	64	heuristic	2646933694	277745082	17572699	81074602	4.62	85356	4.42	13036	2.23	4664	36.45	12233032	934817	928832	5985	0
hprcv2-25k	NA18940_hap1_hprc_r2_v1.0.1.merged	diagonal-distance	16	heuristic	2002950951	212499782	14890083	65728787	3.46	83288	3.38	11912	1.68	4728	63.5	31714424	796713	795172	1541	0
hprcv2-25k	NA18940_hap1_hprc_r2_v1.0.1.merged	diagonal-distance	32	heuristic	2002950951	175570554	9768476	52499059	3.59	81984	2.9	11760	1.2	4600	78.58	34047664	796713	792236	4477	0
hprcv2-25k	NA18940_hap1_hprc_r2_v1.0.1.merged	diagonal-distance	64	heuristic	2002950951	154009213	6804063	44701045	3.42	87708	2.56	17940	0.93	4504	118.86	43272800	796713	779844	16869	0
hprcv2-25k	NA18940_hap1_hprc_r2_v1.0.1.merged	edit-distance	128	heuristic	2002950951	177610430	8412712	51510165	3.39	88328	2.97	17816	1.24	4448	36.13	15841956	796713	771119	25594	0
hprcv2-25k	NA18940_hap1_hprc_r2_v1.0.1.merged	edit-distance	16	heuristic	2002950951	433167496	39339297	130361061	3.87	88900	6.15	11936	4.29	4672	33.33	9360016	796713	796203	510	0
hprcv2-25k	NA18940_hap1_hprc_r2_v1.0.1.merged	edit-distance	256	heuristic	2002950951	151499259	5506532	43414071	3.4	87316	2.59	17960	0.95	4436	59.82	16347860	796713	755111	41602	0
hprcv2-25k	NA18940_hap1_hprc_r2_v1.0.1.merged	edit-distance	32	heuristic	2002950951	302279869	22650509	88557525	3.61	85252	4.57	11852	2.73	4660	27.53	10915080	796713	795404	1309	0
hprcv2-25k	NA18940_hap1_hprc_r2_v1.0.1.merged	edit-distance	64	heuristic	2002950951	223207398	13465877	64780460	3.58	83788	3.55	11912	1.78	4648	30.38	13891100	796713	791442	5271	0
hprcv2-25k	NA18940_hap2_hprc_r2_v1.0.1.merged	diagonal-distance	16	heuristic	2149737514	226648591	15508687	70035243	3.67	83624	3.67	12504	1.75	4676	57.41	28702864	875243	873752	1491	0
hprcv2-25k	NA18940_hap2_hprc_r2_v1.0.1.merged	diagonal-distance	32	heuristic	2149737514	188557237	10259317	56411940	3.73	82428	3.13	12484	1.27	4652	66.31	32399020	875243	870784	4459	0
hprcv2-25k	NA18940_hap2_hprc_r2_v1.0.1.merged	diagonal-distance	64	heuristic	2149737514	166134527	7194671	48318366	3.94	88196	2.84	18712	1.02	4576	93.9	37662236	875243	857931	17312	0
hprcv2-25k	NA18940_hap2_hprc_r2_v1.0.1.merged	edit-distance	128	heuristic	2149737514	191545716	8930663	55716952	4.02	88280	3.21	12600	1.34	4568	39.11	15943572	875243	848451	26792	0
hprcv2-25k	NA18940_hap2_hprc_r2_v1.0.1.merged	edit-distance	16	heuristic	2149737514	463394795	41651982	139463279	4.23	87984	6.65	12496	4.58	4760	37.95	9673632	875243	874745	498	0
hprcv2-25k	NA18940_hap2_hprc_r2_v1.0.1.merged	edit-distance	256	heuristic	2149737514	163836365	5872113	47152980	3.62	81420	2.84	12576	1.04	4428	61.7	14992340	875243	831302	43941	0
hprcv2-25k	NA18940_hap2_hprc_r2_v1.0.1.merged	edit-distance	32	heuristic	2149737514	323559719	23962221	95044026	3.75	85692	4.94	12404	2.85	4608	30.25	12014224	875243	873989	1254	0
hprcv2-25k	NA18940_hap2_hprc_r2_v1.0.1.merged	edit-distance	64	heuristic	2149737514	239679022	14260280	69835930	3.81	88600	3.8	18696	1.88	4632	32.74	15379272	875243	869899	5344	0
hprcv2-25k	NA18943_hap1_hprc_r2_v1.0.1.merged	diagonal-distance	16	heuristic	2154073307	234784195	16264364	72275429	3.67	90128	3.78	18720	1.85	4784	58.27	29419596	881560	880010	1550	0
hprcv2-25k	NA18943_hap1_hprc_r2_v1.0.1.merged	diagonal-distance	32	heuristic	2154073307	193617148	10584432	57536430	3.78	88672	3.21	16536	1.33	4528	71.83	33999896	881560	876935	4625	0
hprcv2-25k	NA18943_hap1_hprc_r2_v1.0.1.merged	diagonal-distance	64	heuristic	2154073307	169804340	7334142	48944711	3.69	88696	2.84	18680	1.01	4568	102.59	40648688	881560	863933	17627	0
hprcv2-25k	NA18943_hap1_hprc_r2_v1.0.1.merged	edit-distance	128	heuristic	2154073307	195473882	9042087	56391732	3.97	85224	3.23	14608	1.34	4780	39.67	16940752	881560	854768	26792	0
hprcv2-25k	NA18943_hap1_hprc_r2_v1.0.1.merged	edit-distance	16	heuristic	2154073307	472194336	42095235	141966355	4.13	89008	6.77	12724	4.64	4724	38.85	8965896	881560	881031	529	0
hprcv2-25k	NA18943_hap1_hprc_r2_v1.0.1.merged	edit-distance	256	heuristic	2154073307	167296805	5955447	47695771	3.73	88208	2.9	18712	1.03	4452	61.85	16917356	881560	837832	43728	0
hprcv2-25k	NA18943_hap1_hprc_r2_v1.0.1.merged	edit-distance	32	heuristic	2154073307	330278298	24247770	96563513	3.88	91764	4.99	12660	2.91	4732	30.45	11454508	881560	880247	1313	0
hprcv2-25k	NA18943_hap1_hprc_r2_v1.0.1.merged	edit-distance	64	heuristic	2154073307	244828305	14429686	70766761	3.65	84392	3.9	12472	1.92	4768	33.31	14929144	881560	875950	5610	0
hprcv2-25k	NA18943_hap2_hprc_r2_v1.0.1.merged	diagonal-distance	16	heuristic	1633245705	178595790	12168125	54989626	3.03	87284	2.89	16848	1.37	4332	40.36	27009268	687535	686331	1204	0
hprcv2-25k	NA18943_hap2_hprc_r2_v1.0.1.merged	diagonal-distance	32	heuristic	1633245705	147982295	7952880	44035912	2.88	85988	2.46	16792	0.99	4284	56.11	34022840	687535	684178	3357	0
hprcv2-25k	NA18943_hap2_hprc_r2_v1.0.1.merged	diagonal-distance	64	heuristic	1633245705	130303250	5543355	37655291	2.96	81076	2.17	12888	0.77	4280	84.86	43947556	687535	674574	12961	0
hprcv2-25k	NA18943_hap2_hprc_r2_v1.0.1.merged	edit-distance	128	heuristic	1633245705	149528292	6816845	43275849	2.95	85608	2.48	16812	1.05	4476	30.97	17715732	687535	668081	19454	0
hprcv2-25k	NA18943_hap2_hprc_r2_v1.0.1.merged	edit-distance	16	heuristic	1633245705	358242932	31695794	107755086	3.38	92408	5.15	17120	3.52	4732	29	9264048	687535	687164	371	0
hprcv2-25k	NA18943_hap2_hprc_r2_v1.0.1.merged	edit-distance	256	heuristic	1633245705	128371060	4502487	36748617	2.96	79316	2.19	10716	0.8	4144	47.96	16392516	687535	655736	31799	0
hprcv2-25k	NA18943_hap2_hprc_r2_v1.0.1.merged	edit-distance	32	heuristic	1633245705	251115572	18253751	73522976	3.06	87160	3.79	16908	2.21	4620	24.03	10668800	687535	686571	964	0
hprcv2-25k	NA18943_hap2_hprc_r2_v1.0.1.merged	edit-distance	64	heuristic	1633245705	186655924	10867368	54101272	2.94	86700	2.97	16924	1.43	4492	26.5	14384892	687535	683589	3946	0
hprcv2-25k	NA18944_hap1_hprc_r2_v1.0.1.merged	diagonal-distance	16	heuristic	1694973686	181346891	12826207	56407704	3.08	81744	2.95	10880	1.41	4468	47.39	31562340	674456	673128	1328	0
hprcv2-25k	NA18944_hap1_hprc_r2_v1.0.1.merged	diagonal-distance	32	heuristic	1694973686	148886178	8354241	44793235	2.92	79888	2.45	10668	1.03	4520	52.56	32318688	674456	670579	3877	0
hprcv2-25k	NA18944_hap1_hprc_r2_v1.0.1.merged	diagonal-distance	64	heuristic	1694973686	129999809	5777194	37975634	2.9	80336	2.17	12700	0.8	4432	77.42	38303756	674456	659901	14555	0
hprcv2-25k	NA18944_hap1_hprc_r2_v1.0.1.merged	edit-distance	128	heuristic	1694973686	150212739	7108669	43814518	2.92	80468	2.5	10840	1.07	4632	31.96	16837920	674456	652528	21928	0
hprcv2-25k	NA18944_hap1_hprc_r2_v1.0.1.merged	edit-distance	16	heuristic	1694973686	369179288	33195417	111418610	3.4	88140	5.28	13056	3.66	4636	30.82	8667224	674456	674009	447	0
hprcv2-25k	NA18944_hap1_hprc_r2_v1.0.1.merged	edit-distance	256	heuristic	1694973686	127964741	4674974	36946778	2.82	79980	2.2	10864	0.8	4568	48.82	17396876	674456	639302	35154	0
hprcv2-25k	NA18944_hap1_hprc_r2_v1.0.1.merged	edit-distance	32	heuristic	1694973686	256872383	19112126	75549094	2.93	84380	3.85	10932	2.31	4804	24.65	9165412	674456	673335	1121	0
hprcv2-25k	NA18944_hap1_hprc_r2_v1.0.1.merged	edit-distance	64	heuristic	1694973686	189235683	11365684	55187494	3	81368	3.01	10840	1.5	4504	26.84	13391560	674456	669771	4685	0
hprcv2-25k	NA18944_hap2_hprc_r2_v1.0.1.merged	diagonal-distance	16	heuristic	2318309738	242888192	17222833	75374965	4.01	85340	3.88	12768	1.91	4624	63.51	30448684	891565	889935	1630	0
hprcv2-25k	NA18944_hap2_hprc_r2_v1.0.1.merged	diagonal-distance	32	heuristic	2318309738	200005276	11318775	60033361	3.94	83564	3.35	12636	1.38	4704	77.1	33533964	891565	886812	4753	0
hprcv2-25k	NA18944_hap2_hprc_r2_v1.0.1.merged	diagonal-distance	64	heuristic	2318309738	174930254	7900082	50984282	4	82544	2.93	12680	1.07	4780	109.37	41316052	891565	873138	18427	0
hprcv2-25k	NA18944_hap2_hprc_r2_v1.0.1.merged	edit-distance	128	heuristic	2318309738	202278640	9709368	58884409	4.03	83112	3.33	12704	1.43	4616	42.49	16520228	891565	863202	28363	0
hprcv2-25k	NA18944_hap2_hprc_r2_v1.0.1.merged	edit-distance	16	heuristic	2318309738	498817199	45093514	150298778	4.42	91008	7.06	12688	4.95	4888	41.74	9313656	891565	891009	556	0
hprcv2-25k	NA18944_hap2_hprc_r2_v1.0.1.merged	edit-distance	256	heuristic	2318309738	171985145	6386317	49523578	3.98	83732	2.93	12632	1.08	4712	66.78	16832964	891565	845070	46495	0
hprcv2-25k	NA18944_hap2_hprc_r2_v1.0.1.merged	edit-distance	32	heuristic	2318309738	346517522	25993446	101823350	3.94	87096	5.2	12508	3.12	4748	32.57	10930348	891565	890228	1337	0
hprcv2-25k	NA18944_hap2_hprc_r2_v1.0.1.merged	edit-distance	64	heuristic	2318309738	255106144	15498462	74321220	4.03	84732	4.02	12644	2.03	4556	35.62	15035332	891565	885987	5578	0
hprcv2-25k	NA18945_hap1_hprc_r2_v1.0.1.merged	diagonal-distance	16	heuristic	1898901168	214829384	13924444	65176284	3.61	80160	3.45	12408	1.61	4548	49.99	29834760	867897	866378	1519	0
hprcv2-25k	NA18945_hap1_hprc_r2_v1.0.1.merged	diagonal-distance	32	heuristic	1898901168	180194152	9143681	52783335	3.55	78268	2.98	12336	1.17	4432	74.06	37080312	867897	863651	4246	0
hprcv2-25k	NA18945_hap1_hprc_r2_v1.0.1.merged	diagonal-distance	64	heuristic	1898901168	160012140	6382756	45496696	3.59	80264	2.67	12412	0.93	4468	88.71	38102760	867897	851412	16485	0
hprcv2-25k	NA18945_hap1_hprc_r2_v1.0.1.merged	edit-distance	128	heuristic	1898901168	182197733	7901002	52134277	3.69	78988	3.08	12300	1.24	4432	34.94	17224392	867897	843078	24819	0
hprcv2-25k	NA18945_hap1_hprc_r2_v1.0.1.merged	edit-distance	16	heuristic	1898901168	422979959	36806631	126460959	4.04	84532	6.17	12436	4.02	4660	35.68	8931832	867897	867397	500	0
hprcv2-25k	NA18945_hap1_hprc_r2_v1.0.1.merged	edit-distance	256	heuristic	1898901168	158097792	5239747	44667238	3.71	78544	2.72	12520	0.96	4448	53.25	17518068	867897	827115	40782	0
hprcv2-25k	NA18945_hap1_hprc_r2_v1.0.1.merged	edit-distance	32	heuristic	1898901168	299197795	21156797	86941863	3.65	81572	4.6	12580	2.57	4552	26.67	9999044	867897	866640	1257	0
hprcv2-25k	NA18945_hap1_hprc_r2_v1.0.1.merged	edit-distance	64	heuristic	1898901168	224772816	12581160	64556143	3.64	79184	3.61	12424	1.71	4716	28.9	14012872	867897	862777	5120	0
hprcv2-25k	NA18945_hap2_hprc_r2_v1.0.1.merged	diagonal-distance	16	heuristic	1853476340	197691257	13563899	60813545	3.25	84148	3.2	13532	1.52	4636	55.78	31165964	755031	753650	1381	0
hprcv2-25k	NA18945_hap2_hprc_r2_v1.0.1.merged	diagonal-distance	32	heuristic	1853476340	163340175	8821444	48508852	3.35	87444	2.69	17616	1.14	4528	65.97	34293188	755031	750977	4054	0
hprcv2-25k	NA18945_hap2_hprc_r2_v1.0.1.merged	diagonal-distance	64	heuristic	1853476340	143256792	6075413	41256069	3.24	86980	2.36	17616	0.87	4604	94.52	43156596	755031	739657	15374	0
hprcv2-25k	NA18945_hap2_hprc_r2_v1.0.1.merged	edit-distance	128	heuristic	1853476340	165647879	7606126	47758143	3.26	81024	2.74	11424	1.15	4672	34.55	16425392	755031	731913	23118	0
hprcv2-25k	NA18945_hap2_hprc_r2_v1.0.1.merged	edit-distance	16	heuristic	1853476340	402464979	36068095	120810307	3.68	89512	5.78	11524	3.98	4708	33.7	10015172	755031	754611	420	0
hprcv2-25k	NA18945_hap2_hprc_r2_v1.0.1.merged	edit-distance	256	heuristic	1853476340	141632440	4968595	40359743	3.31	82652	2.44	13612	0.87	4576	54.24	16083188	755031	717266	37765	0
hprcv2-25k	NA18945_hap2_hprc_r2_v1.0.1.merged	edit-distance	32	heuristic	1853476340	280970364	20705773	82109817	3.34	86476	4.22	11568	2.46	4704	26.6	10763752	755031	753965	1066	0
hprcv2-25k	NA18945_hap2_hprc_r2_v1.0.1.merged	edit-distance	64	heuristic	1853476340	207723102	12256029	60096974	3.37	81932	3.29	11456	1.63	4760	29.11	13716604	755031	750318	4713	0
hprcv2-25k	NA18948_hap1_hprc_r2_v1.0.1.merged	diagonal-distance	16	heuristic	1936147043	214714461	14251853	65487934	3.43	83208	3.44	14172	1.62	4668	48.29	28147000	848863	847358	1505	0
hprcv2-25k	NA18948_hap1_hprc_r2_v1.0.1.merged	diagonal-distance	32	heuristic	1936147043	179358285	9369180	52843561	3.57	82040	2.97	14256	1.21	4392	56.75	30821432	848863	844581	4282	0
hprcv2-25k	NA18948_hap1_hprc_r2_v1.0.1.merged	diagonal-distance	64	heuristic	1936147043	158738225	6545176	45395632	3.42	80492	2.63	14116	0.93	4480	88.39	39421644	848863	832586	16277	0
hprcv2-25k	NA18948_hap1_hprc_r2_v1.0.1.merged	edit-distance	128	heuristic	1936147043	181106700	8045630	51957720	3.47	81720	3.03	14000	1.25	4476	34.86	16630512	848863	823992	24871	0
hprcv2-25k	NA18948_hap1_hprc_r2_v1.0.1.merged	edit-distance	16	heuristic	1936147043	427246387	37652565	127906182	4.02	88448	6.15	12248	4.18	4744	33.76	8294388	848863	848380	483	0
hprcv2-25k	NA18948_hap1_hprc_r2_v1.0.1.merged	edit-distance	256	heuristic	1936147043	156148162	5277067	44202342	3.66	80948	2.67	14308	0.95	4536	54.08	16817832	848863	808384	40479	0
hprcv2-25k	NA18948_hap1_hprc_r2_v1.0.1.merged	edit-distance	32	heuristic	1936147043	300882998	21640189	87554350	3.53	82320	4.58	12300	2.61	4684	26.37	10193768	848863	847642	1221	0
hprcv2-25k	NA18948_hap1_hprc_r2_v1.0.1.merged	edit-distance	64	heuristic	1936147043	224819656	12870331	64716564	3.47	80764	3.58	12220	1.73	4440	29.3	14322392	848863	843736	5127	0
hprcv2-25k	NA18948_hap2_hprc_r2_v1.0.1.merged	diagonal-distance	16	heuristic	1994414279	212429081	14322451	64639843	3.34	83384	3.35	13964	1.62	4700	101.73	47194148	809920	808524	1396	0
hprcv2-25k	NA18948_hap2_hprc_r2_v1.0.1.merged	diagonal-distance	32	heuristic	1994414279	175716943	9289441	51530316	3.52	86100	2.88	18028	1.18	4552	101.7	49223948	809920	805827	4093	0
hprcv2-25k	NA18948_hap2_hprc_r2_v1.0.1.merged	diagonal-distance	64	heuristic	1994414279	154654467	6433828	43950622	3.44	85848	2.54	17960	0.92	4508	136.86	55286672	809920	794166	15754	0
hprcv2-25k	NA18948_hap2_hprc_r2_v1.0.1.merged	edit-distance	128	heuristic	1994414279	178715898	8078499	51020498	3.66	82448	2.96	13872	1.21	4380	37.09	18379732	809920	785856	24064	0
hprcv2-25k	NA18948_hap2_hprc_r2_v1.0.1.merged	edit-distance	16	heuristic	1994414279	432842939	38220899	129289688	4.06	86860	6.18	12028	4.23	4772	39.65	8411792	809920	809471	449	0
hprcv2-25k	NA18948_hap2_hprc_r2_v1.0.1.merged	edit-distance	256	heuristic	1994414279	153308481	5316865	43207727	3.15	80040	2.58	11892	0.94	4380	56.11	17253140	809920	770778	39142	0
hprcv2-25k	NA18948_hap2_hprc_r2_v1.0.1.merged	edit-distance	32	heuristic	1994414279	302104316	21878678	87615646	3.58	83924	4.54	11884	2.64	4660	28.73	11757968	809920	808763	1157	0
hprcv2-25k	NA18948_hap2_hprc_r2_v1.0.1.merged	edit-distance	64	heuristic	1994414279	223697563	12942998	64075909	3.49	83700	3.52	14044	1.72	4752	31.29	13961180	809920	805042	4878	0
hprcv2-25k	NA18952_hap1_hprc_r2_v1.0.1.merged	diagonal-distance	16	heuristic	1761866118	191579416	12947343	58540825	3.2	86640	3.06	15240	1.47	4340	44.05	27654332	736972	735604	1368	0
hprcv2-25k	NA18952_hap1_hprc_r2_v1.0.1.merged	diagonal-distance	32	heuristic	1761866118	159324393	8489886	46990838	3.05	84800	2.59	17292	1.06	4324	63.66	37563584	736972	733015	3957	0
hprcv2-25k	NA18952_hap1_hprc_r2_v1.0.1.merged	diagonal-distance	64	heuristic	1761866118	140779943	5952731	40294091	2.9	84736	2.33	17280	0.83	4212	101.42	49778144	736972	721924	15048	0
hprcv2-25k	NA18952_hap1_hprc_r2_v1.0.1.merged	edit-distance	128	heuristic	1761866118	161379943	7360051	46323823	3.22	85240	2.67	17300	1.11	4280	31.76	16672800	736972	714274	22698	0
hprcv2-25k	NA18952_hap1_hprc_r2_v1.0.1.merged	edit-distance	16	heuristic	1761866118	384952508	34250919	115252209	3.47	90672	5.53	17432	3.76	4700	30.28	8659260	736972	736561	411	0
hprcv2-25k	NA18952_hap1_hprc_r2_v1.0.1.merged	edit-distance	256	heuristic	1761866118	138785936	4862174	39331857	3.09	85764	2.37	17372	0.85	4276	49.06	14519952	736972	700711	36261	0
hprcv2-25k	NA18952_hap1_hprc_r2_v1.0.1.merged	edit-distance	32	heuristic	1761866118	270119363	19693215	78598115	3.17	82264	4.08	11276	2.35	4600	24.46	11620168	736972	735844	1128	0
hprcv2-25k	NA18952_hap1_hprc_r2_v1.0.1.merged	edit-distance	64	heuristic	1761866118	200996600	11718708	57850479	3.27	80036	3.24	17324	1.54	4260	26.53	15113572	736972	732256	4716	0
hprcv2-25k	NA18952_hap2_hprc_r2_v1.0.1.merged	diagonal-distance	16	heuristic	2016723461	213006090	15178551	65929317	3.5	82040	3.45	11684	1.68	4464	63.26	32027828	785639	784046	1593	0
hprcv2-25k	NA18952_hap2_hprc_r2_v1.0.1.merged	diagonal-distance	32	heuristic	2016723461	175539430	9967461	52487537	3.48	80328	2.89	11704	1.24	4592	71.19	33901712	785639	780725	4914	0
hprcv2-25k	NA18952_hap2_hprc_r2_v1.0.1.merged	diagonal-distance	64	heuristic	2016723461	153166391	6874340	44363220	3.64	79360	2.58	11744	0.94	4408	94.52	39981692	785639	766999	18640	0
hprcv2-25k	NA18952_hap2_hprc_r2_v1.0.1.merged	edit-distance	128	heuristic	2016723461	177016378	8469550	51160378	3.62	86780	2.92	17892	1.24	4520	37.01	17656536	785639	757814	27825	0
hprcv2-25k	NA18952_hap2_hprc_r2_v1.0.1.merged	edit-distance	16	heuristic	2016723461	435971357	39872691	131087383	3.61	93512	6.27	17940	4.38	4608	35.97	9339164	785639	785139	500	0
hprcv2-25k	NA18952_hap2_hprc_r2_v1.0.1.merged	edit-distance	256	heuristic	2016723461	150273111	5487228	42859537	3.44	86416	2.57	11796	0.94	4580	60.21	16151908	785639	739909	45730	0
hprcv2-25k	NA18952_hap2_hprc_r2_v1.0.1.merged	edit-distance	32	heuristic	2016723461	303557553	22987416	88860466	3.62	89812	4.54	17744	2.7	4680	28.13	11349444	785639	784280	1359	0
hprcv2-25k	NA18952_hap2_hprc_r2_v1.0.1.merged	edit-distance	64	heuristic	2016723461	223473444	13665538	64788215	3.58	87456	3.59	17856	1.76	4488	30.59	16486836	785639	779995	5644	0
hprcv2-25k	NA18959_hap1_hprc_r2_v1.0.1.merged	diagonal-distance	16	heuristic	1764900190	192409881	13389478	59341694	3.27	87444	3.08	17436	1.48	4520	50.55	31590500	725802	724382	1420	0
hprcv2-25k	NA18959_hap1_hprc_r2_v1.0.1.merged	diagonal-distance	32	heuristic	1764900190	159308841	8798085	47482141	3.28	85812	2.6	17292	1.1	4488	60.03	31832628	725802	721694	4108	0
hprcv2-25k	NA18959_hap1_hprc_r2_v1.0.1.merged	diagonal-distance	64	heuristic	1764900190	139826318	6115411	40428414	3.06	84864	2.31	17348	0.85	4544	87.36	38731100	725802	709874	15928	0
hprcv2-25k	NA18959_hap1_hprc_r2_v1.0.1.merged	edit-distance	128	heuristic	1764900190	160409526	7473542	46355887	3.27	85216	2.72	17268	1.12	4500	32.67	17608316	725802	702091	23711	0
hprcv2-25k	NA18959_hap1_hprc_r2_v1.0.1.merged	edit-distance	16	heuristic	1764900190	386626937	34829804	116389599	3.42	86140	5.58	11396	3.8	4812	33.43	8864564	725802	725381	421	0
hprcv2-25k	NA18959_hap1_hprc_r2_v1.0.1.merged	edit-distance	256	heuristic	1764900190	137169020	4895314	39151480	3.11	85076	2.37	17400	0.86	4504	49.49	15972692	725802	687109	38693	0
hprcv2-25k	NA18959_hap1_hprc_r2_v1.0.1.merged	edit-distance	32	heuristic	1764900190	270672108	20094448	79334259	3.16	89456	4.08	17424	2.42	4748	25.09	11553160	725802	724613	1189	0
hprcv2-25k	NA18959_hap1_hprc_r2_v1.0.1.merged	edit-distance	64	heuristic	1764900190	200832026	11968423	58217285	3.17	85944	3.18	17332	1.58	4664	27.32	13445948	725802	720973	4829	0
hprcv2-25k	NA18959_hap2_hprc_r2_v1.0.1.merged	diagonal-distance	16	heuristic	1553209440	169022464	11222703	51436195	2.66	85924	2.67	16720	1.27	4428	41.88	28579232	654800	653696	1104	0
hprcv2-25k	NA18959_hap2_hprc_r2_v1.0.1.merged	diagonal-distance	32	heuristic	1553209440	140292355	7296208	41181826	2.63	79344	2.3	12460	0.93	4512	48.74	31295236	654800	651563	3237	0
hprcv2-25k	NA18959_hap2_hprc_r2_v1.0.1.merged	diagonal-distance	64	heuristic	1553209440	123950861	5091643	35314160	2.78	80156	2.06	14624	0.73	4328	72.71	38045164	654800	642652	12148	0
hprcv2-25k	NA18959_hap2_hprc_r2_v1.0.1.merged	edit-distance	128	heuristic	1553209440	142575522	6354997	40856770	2.88	85384	2.34	16532	0.97	4348	29.41	15390724	654800	636598	18202	0
hprcv2-25k	NA18959_hap2_hprc_r2_v1.0.1.merged	edit-distance	16	heuristic	1553209440	340728153	29717718	101877730	3.19	91124	4.84	16740	3.26	4576	28.79	10213092	654800	654438	362	0
hprcv2-25k	NA18959_hap2_hprc_r2_v1.0.1.merged	edit-distance	256	heuristic	1553209440	122920867	4230388	34810834	2.8	84920	2.09	16560	0.74	4452	44.81	16707540	654800	625377	29423	0
hprcv2-25k	NA18959_hap2_hprc_r2_v1.0.1.merged	edit-distance	32	heuristic	1553209440	238618640	17038050	69361964	2.68	88840	3.58	16784	2.08	4584	22.92	12204360	654800	653905	895	0
hprcv2-25k	NA18959_hap2_hprc_r2_v1.0.1.merged	edit-distance	64	heuristic	1553209440	177468592	10106099	50993164	2.81	86296	2.81	16660	1.36	4448	25.06	15575412	654800	650969	3831	0
hprcv2-25k	NA18960_hap1_hprc_r2_v1.0.1.merged	diagonal-distance	16	heuristic	2119281437	232229067	15969114	71786971	4	84816	3.77	14464	1.8	4672	56.85	29876336	890595	888995	1600	0
hprcv2-25k	NA18960_hap1_hprc_r2_v1.0.1.merged	diagonal-distance	32	heuristic	2119281437	192039300	10429378	57413941	3.6	83320	3.21	14572	1.28	4512	63.9	32710228	890595	885668	4927	0
hprcv2-25k	NA18960_hap1_hprc_r2_v1.0.1.merged	diagonal-distance	64	heuristic	2119281437	168722392	7250126	49003822	3.77	83280	2.88	14756	1.03	4456	92.43	38128976	890595	872111	18484	0
hprcv2-25k	NA18960_hap1_hprc_r2_v1.0.1.merged	edit-distance	128	heuristic	2119281437	193679072	8888807	56314971	3.64	81596	3.21	18836	1.33	4688	39.88	17282516	890595	862379	28216	0
hprcv2-25k	NA18960_hap1_hprc_r2_v1.0.1.merged	edit-distance	16	heuristic	2119281437	465679368	41326603	140536738	4.24	93808	6.74	14700	4.54	4720	42.31	10496832	890595	890053	542	0
hprcv2-25k	NA18960_hap1_hprc_r2_v1.0.1.merged	edit-distance	256	heuristic	2119281437	165953194	5852988	47733860	3.6	83172	2.88	14584	1.03	4568	61.81	16602892	890595	843726	46869	0
hprcv2-25k	NA18960_hap1_hprc_r2_v1.0.1.merged	edit-distance	32	heuristic	2119281437	326179089	23827633	95895669	3.73	90860	4.92	12684	2.84	4676	31.31	10527884	890595	889259	1336	0
hprcv2-25k	NA18960_hap1_hprc_r2_v1.0.1.merged	edit-distance	64	heuristic	2119281437	242237984	14199433	70525095	3.89	88652	3.89	18676	1.9	4704	33.99	14744500	890595	884947	5648	0
hprcv2-25k	NA18960_hap2_hprc_r2_v1.0.1.merged	diagonal-distance	16	heuristic	2079953048	226273855	15549386	69793592	3.93	83104	3.67	12476	1.76	4636	56.19	29276664	862533	861075	1458	0
hprcv2-25k	NA18960_hap2_hprc_r2_v1.0.1.merged	diagonal-distance	32	heuristic	2079953048	187228024	10157010	55809798	3.82	81912	3.1	12216	1.25	4572	69.25	34197280	862533	858250	4283	0
hprcv2-25k	NA18960_hap2_hprc_r2_v1.0.1.merged	diagonal-distance	64	heuristic	2079953048	164641232	7069891	47651176	3.71	80932	2.72	12332	0.99	4448	95.87	40046380	862533	845821	16712	0
hprcv2-25k	NA18960_hap2_hprc_r2_v1.0.1.merged	edit-distance	128	heuristic	2079953048	189052792	8686185	54735670	3.75	81364	3.16	12356	1.29	4616	38.52	15008976	862533	837085	25448	0
hprcv2-25k	NA18960_hap2_hprc_r2_v1.0.1.merged	edit-distance	16	heuristic	2079953048	454823261	40493071	136819898	4.2	90768	6.52	14628	4.46	4664	39.24	8050452	862533	862076	457	0
hprcv2-25k	NA18960_hap2_hprc_r2_v1.0.1.merged	edit-distance	256	heuristic	2079953048	161888852	5697229	46323493	3.82	81140	2.77	12488	1.01	4484	59.91	16704076	862533	820968	41565	0
hprcv2-25k	NA18960_hap2_hprc_r2_v1.0.1.merged	edit-distance	32	heuristic	2079953048	318734873	23337722	93310750	3.81	84812	4.84	12592	2.82	4776	29.34	9758788	862533	861321	1212	0
hprcv2-25k	NA18960_hap2_hprc_r2_v1.0.1.merged	edit-distance	64	heuristic	2079953048	236543710	13889375	68574210	3.88	82628	3.77	12384	1.84	4736	32.34	13862256	862533	857391	5142	0
hprcv2-25k	NA18967_hap1_hprc_r2_v1.0.1.merged	diagonal-distance	16	heuristic	1614875664	173195996	12036279	53332556	2.66	79220	2.76	10280	1.34	4320	46.57	30102972	643390	642109	1281	0
hprcv2-25k	NA18967_hap1_hprc_r2_v1.0.1.merged	diagonal-distance	32	heuristic	1614875664	142888064	7865366	42494714	2.83	80268	2.34	12300	0.98	4316	54.33	32270492	643390	639760	3630	0
hprcv2-25k	NA18967_hap1_hprc_r2_v1.0.1.merged	diagonal-distance	64	heuristic	1614875664	125382497	5481035	36182734	2.88	80036	2.06	12424	0.75	4180	79.99	38824696	643390	629754	13636	0
hprcv2-25k	NA18967_hap1_hprc_r2_v1.0.1.merged	edit-distance	128	heuristic	1614875664	144614018	6765589	41786444	2.96	80360	2.42	12468	1	4308	30.5	16565944	643390	623022	20368	0
hprcv2-25k	NA18967_hap1_hprc_r2_v1.0.1.merged	edit-distance	16	heuristic	1614875664	351763533	31416540	105739133	3.09	84544	5.01	10572	3.46	4752	29.27	8356876	643390	642962	428	0
hprcv2-25k	NA18967_hap1_hprc_r2_v1.0.1.merged	edit-distance	256	heuristic	1614875664	123646510	4469429	35305039	2.75	80044	2.11	12420	0.77	4336	46.92	16212080	643390	610689	32701	0
hprcv2-25k	NA18967_hap1_hprc_r2_v1.0.1.merged	edit-distance	32	heuristic	1614875664	245396170	18082532	71744659	2.93	83080	3.67	12600	2.18	4628	23.65	10224972	643390	642325	1065	0
hprcv2-25k	NA18967_hap1_hprc_r2_v1.0.1.merged	edit-distance	64	heuristic	1614875664	181406754	10770857	52497966	2.95	80996	2.86	12456	1.45	4368	25.99	14039816	643390	638975	4415	0
hprcv2-25k	NA18967_hap2_hprc_r2_v1.0.1.merged	diagonal-distance	16	heuristic	1873155615	196860095	14042207	61401190	3.01	82592	3.22	11252	1.54	4708	62.69	34151520	731501	730168	1333	0
hprcv2-25k	NA18967_hap2_hprc_r2_v1.0.1.merged	diagonal-distance	32	heuristic	1873155615	162423318	9273516	49065539	3.22	81012	2.71	11420	1.13	4376	72.71	35817660	731501	727442	4059	0
hprcv2-25k	NA18967_hap2_hprc_r2_v1.0.1.merged	diagonal-distance	64	heuristic	1873155615	142037456	6469230	41684427	3.28	79988	2.41	11252	0.89	4468	99.69	40239212	731501	715670	15831	0
hprcv2-25k	NA18967_hap2_hprc_r2_v1.0.1.merged	edit-distance	128	heuristic	1873155615	163985189	7930015	47989019	3.19	80488	2.73	11404	1.16	4472	34.68	16173100	731501	707759	23742	0
hprcv2-25k	NA18967_hap2_hprc_r2_v1.0.1.merged	edit-distance	16	heuristic	1873155615	403214766	36850200	121892647	3.78	89312	5.84	13420	4.05	4468	35.76	9662688	731501	731079	422	0
hprcv2-25k	NA18967_hap2_hprc_r2_v1.0.1.merged	edit-distance	256	heuristic	1873155615	139296556	5188957	40337468	3.43	80708	2.4	11292	0.89	4460	54.16	14715780	731501	692961	38540	0
hprcv2-25k	NA18967_hap2_hprc_r2_v1.0.1.merged	edit-distance	32	heuristic	1873155615	280531540	21273632	82805251	3.27	84532	4.27	11388	2.5	4720	26.68	11309516	731501	730371	1130	0
hprcv2-25k	NA18967_hap2_hprc_r2_v1.0.1.merged	edit-distance	64	heuristic	1873155615	206707355	12682564	60513115	3.25	81928	3.31	11328	1.66	4724	29.25	15857308	731501	726649	4852	0
hprcv2-25k	NA18970_hap1_hprc_r2_v1.0.1.merged	diagonal-distance	16	heuristic	1298802823	140129112	9774243	43325603	2.37	81252	2.29	11548	1.08	4492	37.41	31926948	524931	523920	1011	0
hprcv2-25k	NA18970_hap1_hprc_r2_v1.0.1.merged	diagonal-distance	32	heuristic	1298802823	115674153	6403793	34576123	2.14	83172	1.93	9384	0.78	4332	45.29	35046128	524931	522025	2906	0
hprcv2-25k	NA18970_hap1_hprc_r2_v1.0.1.merged	diagonal-distance	64	heuristic	1298802823	101569553	4479314	29486472	2.26	76524	1.7	9372	0.61	4272	66.4	40387004	524931	513787	11144	0
hprcv2-25k	NA18970_hap1_hprc_r2_v1.0.1.merged	edit-distance	128	heuristic	1298802823	116869786	5487913	33955770	2.16	77496	1.97	9440	0.81	4168	24.92	17611828	524931	507821	17110	0
hprcv2-25k	NA18970_hap1_hprc_r2_v1.0.1.merged	edit-distance	16	heuristic	1298802823	283438651	25353275	85421594	2.67	83540	4.04	9612	2.78	4640	24.58	8525776	524931	524593	338	0
hprcv2-25k	NA18970_hap1_hprc_r2_v1.0.1.merged	edit-distance	256	heuristic	1298802823	99960225	3634176	28727689	2.15	76172	1.72	9492	0.63	4236	38.28	16750260	524931	497000	27931	0
hprcv2-25k	NA18970_hap1_hprc_r2_v1.0.1.merged	edit-distance	32	heuristic	1298802823	197825801	14622722	58107850	2.25	79908	2.98	9408	1.77	4548	19.23	10482336	524931	524091	840	0
hprcv2-25k	NA18970_hap1_hprc_r2_v1.0.1.merged	edit-distance	64	heuristic	1298802823	146420745	8722423	42600930	2.28	78512	2.31	9496	1.17	4444	20.88	14295200	524931	521362	3569	0
hprcv2-25k	NA18970_hap2_hprc_r2_v1.0.1.merged	diagonal-distance	16	heuristic	1877200350	206989562	14013203	63547664	3.21	81260	3.37	11952	1.57	4676	49.53	29773604	801222	799802	1420	0
hprcv2-25k	NA18970_hap2_hprc_r2_v1.0.1.merged	diagonal-distance	32	heuristic	1877200350	171701243	9155213	50924395	3.43	86180	2.84	17904	1.18	4588	54.96	31155728	801222	796997	4225	0
hprcv2-25k	NA18970_hap2_hprc_r2_v1.0.1.merged	diagonal-distance	64	heuristic	1877200350	151351585	6383185	43592777	3.5	81956	2.53	13944	0.91	4504	82.74	36793076	801222	784903	16319	0
hprcv2-25k	NA18970_hap2_hprc_r2_v1.0.1.merged	edit-distance	128	heuristic	1877200350	173311554	7828230	50059353	3.42	80248	2.88	11852	1.19	4464	35.63	18163744	801222	776472	24750	0
hprcv2-25k	NA18970_hap2_hprc_r2_v1.0.1.merged	edit-distance	16	heuristic	1877200350	413704261	36505840	124378808	3.64	86728	5.98	11980	4.08	4680	33.53	9278272	801222	800751	471	0
hprcv2-25k	NA18970_hap2_hprc_r2_v1.0.1.merged	edit-distance	256	heuristic	1877200350	149076692	5189077	42612411	3.22	79808	2.56	11808	0.93	4572	53.49	14545932	801222	761043	40179	0
hprcv2-25k	NA18970_hap2_hprc_r2_v1.0.1.merged	edit-distance	32	heuristic	1877200350	290292172	21013766	84945507	3.55	83920	4.39	13956	2.52	4844	27.32	10892588	801222	800000	1222	0
hprcv2-25k	NA18970_hap2_hprc_r2_v1.0.1.merged	edit-distance	64	heuristic	1877200350	216042657	12498304	62554738	3.43	81040	3.43	11756	1.68	4580	30.05	14639968	801222	796174	5048	0
hprcv2-25k	NA18971_hap1_hprc_r2_v1.0.1.merged	diagonal-distance	16	heuristic	1706591972	190270844	12484151	57684015	3.23	81528	3.04	13552	1.42	4604	42.99	27701560	756137	754842	1295	0
hprcv2-25k	NA18971_hap1_hprc_r2_v1.0.1.merged	diagonal-distance	32	heuristic	1706591972	159161332	8200876	46562146	3.04	80824	2.64	11444	1.05	4572	56.36	33783972	756137	752405	3732	0
hprcv2-25k	NA18971_hap1_hprc_r2_v1.0.1.merged	diagonal-distance	64	heuristic	1706591972	140914941	5710164	39973259	3.12	80336	2.36	13460	0.83	4564	99.36	50384896	756137	741981	14156	0
hprcv2-25k	NA18971_hap1_hprc_r2_v1.0.1.merged	edit-distance	128	heuristic	1706591972	161010440	7073457	45911978	3.07	80484	2.74	13460	1.08	4556	31.61	17414632	756137	734763	21374	0
hprcv2-25k	NA18971_hap1_hprc_r2_v1.0.1.merged	edit-distance	16	heuristic	1706591972	377798839	33053179	112886066	3.49	90836	5.48	17764	3.64	4540	28.68	8521124	756137	755700	437	0
hprcv2-25k	NA18971_hap1_hprc_r2_v1.0.1.merged	edit-distance	256	heuristic	1706591972	139055453	4655217	39122730	2.81	80012	2.39	13596	0.85	4580	48.16	16618764	756137	721364	34773	0
hprcv2-25k	NA18971_hap1_hprc_r2_v1.0.1.merged	edit-distance	32	heuristic	1706591972	266263696	18997007	77309471	3.07	83876	4	13580	2.32	4736	24	10074688	756137	755028	1109	0
hprcv2-25k	NA18971_hap1_hprc_r2_v1.0.1.merged	edit-distance	64	heuristic	1706591972	199444614	11295857	57144094	3.15	81176	3.18	13464	1.53	4496	26.38	13324524	756137	751654	4483	0
hprcv2-25k	NA18971_hap2_hprc_r2_v1.0.1.merged	diagonal-distance	16	heuristic	2104286972	217504854	15433370	67398832	3.56	83876	3.48	13968	1.71	4748	58.65	30318180	799554	798020	1534	0
hprcv2-25k	NA18971_hap2_hprc_r2_v1.0.1.merged	diagonal-distance	32	heuristic	2104286972	178726625	10087678	53527840	3.64	80576	2.96	11788	1.22	4572	86.31	38943604	799554	795071	4483	0
hprcv2-25k	NA18971_hap2_hprc_r2_v1.0.1.merged	diagonal-distance	64	heuristic	2104286972	156123926	6999433	45361806	3.57	82660	2.58	14044	0.95	4592	117.45	45425016	799554	782343	17211	0
hprcv2-25k	NA18971_hap2_hprc_r2_v1.0.1.merged	edit-distance	128	heuristic	2104286972	181401779	8706968	52609618	3.75	82476	3.02	14020	1.27	4456	39.04	19043336	799554	773825	25729	0
hprcv2-25k	NA18971_hap2_hprc_r2_v1.0.1.merged	edit-distance	16	heuristic	2104286972	450563536	41020716	135568619	4.1	88864	6.75	18176	4.45	4720	37.21	8823932	799554	799031	523	0
hprcv2-25k	NA18971_hap2_hprc_r2_v1.0.1.merged	edit-distance	256	heuristic	2104286972	153871213	5681837	44125384	3.58	81972	2.64	13836	0.97	4568	59.75	16157612	799554	757479	42075	0
hprcv2-25k	NA18971_hap2_hprc_r2_v1.0.1.merged	edit-distance	32	heuristic	2104286972	312542943	23590369	91635751	3.66	86336	4.71	14076	2.78	4712	29.68	11343684	799554	798317	1237	0
hprcv2-25k	NA18971_hap2_hprc_r2_v1.0.1.merged	edit-distance	64	heuristic	2104286972	229401170	13999965	66648472	3.6	84128	3.63	13984	1.82	4716	32.43	13024264	799554	794227	5327	0
hprcv2-25k	NA18974_hap1_hprc_r2_v1.0.1.merged	diagonal-distance	16	heuristic	2167401704	229843721	16146582	71135585	3.81	84312	3.72	12416	1.79	4736	69.04	32984616	852608	850893	1715	0
hprcv2-25k	NA18974_hap1_hprc_r2_v1.0.1.merged	diagonal-distance	32	heuristic	2167401704	188775591	10492777	56445853	3.71	84232	3.15	14364	1.29	4764	86.8	37836052	852608	847559	5049	0
hprcv2-25k	NA18974_hap1_hprc_r2_v1.0.1.merged	diagonal-distance	64	heuristic	2167401704	164980104	7250596	47860933	3.86	83972	2.8	14420	1.01	4584	114.13	43235548	852608	833634	18974	0
hprcv2-25k	NA18974_hap1_hprc_r2_v1.0.1.merged	edit-distance	128	heuristic	2167401704	191025305	8990889	55417713	3.84	85196	3.19	14404	1.33	4708	40.06	16397788	852608	824720	27888	0
hprcv2-25k	NA18974_hap1_hprc_r2_v1.0.1.merged	edit-distance	16	heuristic	2167401704	470430222	42223870	141636732	4.38	91304	6.75	14556	4.62	4692	37.86	8819832	852608	852132	476	0
hprcv2-25k	NA18974_hap1_hprc_r2_v1.0.1.merged	edit-distance	256	heuristic	2167401704	162766541	5906357	46706603	3.7	84732	2.81	16308	1	4460	61.56	17745620	852608	807495	45113	0
hprcv2-25k	NA18974_hap1_hprc_r2_v1.0.1.merged	edit-distance	32	heuristic	2167401704	326966531	24263787	95850289	4.02	88240	4.89	14452	2.92	4636	30.84	10459948	852608	851233	1375	0
hprcv2-25k	NA18974_hap1_hprc_r2_v1.0.1.merged	edit-distance	64	heuristic	2167401704	240776960	14406657	69904191	3.85	85456	3.76	14416	1.91	4756	33.52	13469500	852608	846696	5912	0
hprcv2-25k	NA18974_hap2_hprc_r2_v1.0.1.merged	diagonal-distance	16	heuristic	2534602898	266077094	18535940	81957609	4.23	85848	4.27	13608	2.06	4600	61.43	26710496	999406	997385	2021	0
hprcv2-25k	NA18974_hap2_hprc_r2_v1.0.1.merged	diagonal-distance	32	heuristic	2534602898	219216558	12062667	65184007	4.73	83284	3.66	13520	1.49	4700	70.74	28741268	999406	993514	5892	0
hprcv2-25k	NA18974_hap2_hprc_r2_v1.0.1.merged	diagonal-distance	64	heuristic	2534602898	191629242	8284895	55223117	4.53	83140	3.18	13560	1.15	4828	105.72	34866416	999406	977248	22158	0
hprcv2-25k	NA18974_hap2_hprc_r2_v1.0.1.merged	edit-distance	128	heuristic	2534602898	222311952	10392300	64098161	4.47	84088	3.67	13556	1.55	4844	46.58	17234716	999406	965902	33504	0
hprcv2-25k	NA18974_hap2_hprc_r2_v1.0.1.merged	edit-distance	16	heuristic	2534602898	546928671	49525025	164281964	5.22	90112	7.81	13572	5.47	5000	48.8	9557672	999406	998782	624	0
hprcv2-25k	NA18974_hap2_hprc_r2_v1.0.1.merged	edit-distance	256	heuristic	2534602898	189246972	6737927	53871629	4.48	83696	3.22	13504	1.18	4712	72.12	17500248	999406	945059	54347	0
hprcv2-25k	NA18974_hap2_hprc_r2_v1.0.1.merged	edit-distance	32	heuristic	2534602898	380444663	28418484	111250353	4.74	87068	5.76	13612	3.4	4568	35.81	11899204	999406	997774	1632	0
hprcv2-25k	NA18974_hap2_hprc_r2_v1.0.1.merged	edit-distance	64	heuristic	2534602898	280122186	16789477	81021351	4.6	83964	4.43	13512	2.19	4680	39.28	14091428	999406	992524	6882	0
hprcv2-25k	NA18976_hap1_hprc_r2_v1.0.1.merged	diagonal-distance	16	heuristic	2079374095	227197845	17023376	71273490	3.61	83208	3.68	14056	1.86	4544	62.37	31352420	799812	797801	2011	0
hprcv2-25k	NA18976_hap1_hprc_r2_v1.0.1.merged	diagonal-distance	32	heuristic	2079374095	186216009	11255258	56531044	3.54	87008	3.05	11924	1.33	4548	87.46	37248416	799812	794002	5810	0
hprcv2-25k	NA18976_hap1_hprc_r2_v1.0.1.merged	diagonal-distance	64	heuristic	2079374095	161239863	7749915	47411375	3.51	83728	2.68	17884	1.03	4520	118.72	42228020	799812	778169	21643	0
hprcv2-25k	NA18976_hap1_hprc_r2_v1.0.1.merged	edit-distance	128	heuristic	2079374095	184999816	9233327	53971466	3.7	79560	3.06	13968	1.32	4608	38.3	16420700	799812	768969	30843	0
hprcv2-25k	NA18976_hap1_hprc_r2_v1.0.1.merged	edit-distance	16	heuristic	2079374095	456958126	42680094	138424210	4.14	85944	6.52	11992	4.66	4624	36.31	8938820	799812	799147	665	0
hprcv2-25k	NA18976_hap1_hprc_r2_v1.0.1.merged	edit-distance	256	heuristic	2079374095	156071663	5953969	44923813	3.4	80408	2.69	14016	0.98	4560	59.46	16187704	799812	750152	49660	0
hprcv2-25k	NA18976_hap1_hprc_r2_v1.0.1.merged	edit-distance	32	heuristic	2079374095	318507623	24811416	94026966	3.57	84924	4.83	11896	2.9	4780	28.92	11170688	799812	798157	1655	0
hprcv2-25k	NA18976_hap1_hprc_r2_v1.0.1.merged	edit-distance	64	heuristic	2079374095	234439177	14865160	68549222	3.38	80728	3.74	11800	1.91	4656	31.8	15206676	799812	793110	6702	0
hprcv2-25k	NA18976_hap2_hprc_r2_v1.0.1.merged	diagonal-distance	16	heuristic	2123563137	225950903	15272000	68939896	3.65	87660	3.65	18648	1.74	4624	58.94	29882024	866079	864504	1575	0
hprcv2-25k	NA18976_hap2_hprc_r2_v1.0.1.merged	diagonal-distance	32	heuristic	2123563137	186841975	9902603	54964329	3.61	85032	3.13	18444	1.25	4436	90.16	42136844	866079	861592	4487	0
hprcv2-25k	NA18976_hap2_hprc_r2_v1.0.1.merged	diagonal-distance	64	heuristic	2123563137	164354414	6850271	46867186	3.79	85520	2.74	18580	0.97	4600	132.42	51770820	866079	848508	17571	0
hprcv2-25k	NA18976_hap2_hprc_r2_v1.0.1.merged	edit-distance	128	heuristic	2123563137	190141752	8627682	54458646	3.92	85796	3.15	18448	1.3	4564	39.39	16507948	866079	839782	26297	0
hprcv2-25k	NA18976_hap2_hprc_r2_v1.0.1.merged	edit-distance	16	heuristic	2123563137	460775847	40934240	137788998	4.15	91248	6.68	14596	4.49	4680	40.53	9062108	866079	865555	524	0
hprcv2-25k	NA18976_hap2_hprc_r2_v1.0.1.merged	edit-distance	256	heuristic	2123563137	163044745	5676167	46131909	3.72	84904	2.79	18524	1	4516	60.01	15917692	866079	823415	42664	0
hprcv2-25k	NA18976_hap2_hprc_r2_v1.0.1.merged	edit-distance	32	heuristic	2123563137	321770941	23465985	93577389	3.87	88700	4.87	16624	2.83	4584	30.8	11442020	866079	864833	1246	0
hprcv2-25k	NA18976_hap2_hprc_r2_v1.0.1.merged	edit-distance	64	heuristic	2123563137	238006429	13859898	68427076	3.71	87032	3.77	18576	1.85	4700	33.5	15768296	866079	860661	5418	0
hprcv2-25k	NA18982_hap1_hprc_r2_v1.0.1.merged	diagonal-distance	16	heuristic	2199021011	236199423	16719661	73206175	3.89	83712	3.79	14488	1.85	4644	128.96	50193516	862532	860831	1701	0
hprcv2-25k	NA18982_hap1_hprc_r2_v1.0.1.merged	diagonal-distance	32	heuristic	2199021011	194362117	10936559	58218337	3.88	82248	3.18	14508	1.33	4608	127.99	49696580	862532	857497	5035	0
hprcv2-25k	NA18982_hap1_hprc_r2_v1.0.1.merged	diagonal-distance	64	heuristic	2199021011	169969182	7597883	49398266	3.6	87744	2.83	20552	1.02	4412	142.44	52186260	862532	843195	19337	0
hprcv2-25k	NA18982_hap1_hprc_r2_v1.0.1.merged	edit-distance	128	heuristic	2199021011	196032934	9323650	56902716	3.87	86384	3.25	18556	1.35	4592	40.31	17475592	862532	834158	28374	0
hprcv2-25k	NA18982_hap1_hprc_r2_v1.0.1.merged	edit-distance	16	heuristic	2199021011	478955898	43220672	144338373	4.05	92388	6.85	18600	4.74	4672	41.16	9078624	862532	862012	520	0
hprcv2-25k	NA18982_hap1_hprc_r2_v1.0.1.merged	edit-distance	256	heuristic	2199021011	167099505	6138545	47956739	3.9	86200	2.85	14316	1.05	4568	61.91	15709656	862532	816936	45596	0
hprcv2-25k	NA18982_hap1_hprc_r2_v1.0.1.merged	edit-distance	32	heuristic	2199021011	333895008	24933152	97980503	3.92	90116	4.97	18588	3	4696	31	9460660	862532	861125	1407	0
hprcv2-25k	NA18982_hap1_hprc_r2_v1.0.1.merged	edit-distance	64	heuristic	2199021011	246601517	14866905	71636155	3.78	87900	3.93	18464	1.97	4688	33.62	13173692	862532	856503	6029	0
hprcv2-25k	NA18982_hap2_hprc_r2_v1.0.1.merged	diagonal-distance	16	heuristic	1741751228	183407527	13103616	56892003	2.83	85688	2.92	12604	1.42	4636	47.23	29742168	670367	669045	1322	0
hprcv2-25k	NA18982_hap2_hprc_r2_v1.0.1.merged	diagonal-distance	32	heuristic	1741751228	150706796	8565222	45164346	3.03	87732	2.48	16656	1.05	4336	62.51	36212004	670367	666504	3863	0
hprcv2-25k	NA18982_hap2_hprc_r2_v1.0.1.merged	diagonal-distance	64	heuristic	1741751228	131517316	5922298	38213060	3	86984	2.16	16676	0.81	4524	110.43	52964364	670367	655583	14784	0
hprcv2-25k	NA18982_hap2_hprc_r2_v1.0.1.merged	edit-distance	128	heuristic	1741751228	152250298	7313668	44133320	3.16	87732	2.51	10672	1.07	4280	32.24	17479880	670367	648243	22124	0
hprcv2-25k	NA18982_hap2_hprc_r2_v1.0.1.merged	edit-distance	16	heuristic	1741751228	376237704	34420980	113241238	3.2	94692	5.39	16804	3.75	4776	33.16	9027644	670367	669897	470	0
hprcv2-25k	NA18982_hap2_hprc_r2_v1.0.1.merged	edit-distance	256	heuristic	1741751228	129297193	4767557	37031971	2.99	81060	2.2	10720	0.83	4492	50.05	15711244	670367	634675	35692	0
hprcv2-25k	NA18982_hap2_hprc_r2_v1.0.1.merged	edit-distance	32	heuristic	1741751228	261605994	19837647	76725317	3.12	91464	3.9	16744	2.35	4620	24.29	10826756	670367	669238	1129	0
hprcv2-25k	NA18982_hap2_hprc_r2_v1.0.1.merged	edit-distance	64	heuristic	1741751228	192262646	11773194	55864411	2.76	92748	3.02	16824	1.51	4464	27.03	15875464	670367	665679	4688	0
hprcv2-25k	NA18983_hap1_hprc_r2_v1.0.1.merged	diagonal-distance	16	heuristic	1633330086	178478015	12296145	54985901	2.99	82512	2.86	12948	1.38	4584	45.53	30338224	682821	681507	1314	0
hprcv2-25k	NA18983_hap1_hprc_r2_v1.0.1.merged	diagonal-distance	32	heuristic	1633330086	148192893	8109588	44144052	2.93	84540	2.46	16976	1.01	4532	51.66	31006432	682821	678997	3824	0
hprcv2-25k	NA18983_hap1_hprc_r2_v1.0.1.merged	diagonal-distance	64	heuristic	1633330086	130309827	5655910	37671469	2.83	84360	2.2	18992	0.77	4668	75.95	37277676	682821	668181	14640	0
hprcv2-25k	NA18983_hap1_hprc_r2_v1.0.1.merged	edit-distance	128	heuristic	1633330086	149288425	6898163	43170373	2.9	79968	2.5	12920	1.04	4400	30.39	17872900	682821	661192	21629	0
hprcv2-25k	NA18983_hap1_hprc_r2_v1.0.1.merged	edit-distance	16	heuristic	1633330086	358112777	31969853	107724773	3.23	91284	5.18	17188	3.54	4676	29.58	8396300	682821	682371	450	0
hprcv2-25k	NA18983_hap1_hprc_r2_v1.0.1.merged	edit-distance	256	heuristic	1633330086	127853956	4530670	36519326	2.87	84620	2.2	16968	0.79	4496	47.13	15804416	682821	647837	34984	0
hprcv2-25k	NA18983_hap1_hprc_r2_v1.0.1.merged	edit-distance	32	heuristic	1633330086	250957320	18454746	73538785	2.93	87856	3.8	17084	2.22	4736	23.3	10621608	682821	681759	1062	0
hprcv2-25k	NA18983_hap1_hprc_r2_v1.0.1.merged	edit-distance	64	heuristic	1633330086	186616015	11015011	54096380	3.02	85864	2.99	10868	1.46	4556	25.77	15706608	682821	678305	4516	0
hprcv2-25k	NA18983_hap2_hprc_r2_v1.0.1.merged	diagonal-distance	16	heuristic	1895322747	199738409	13711355	61287823	3.35	86500	3.22	17804	1.54	4756	63.08	34408356	760447	758994	1453	0
hprcv2-25k	NA18983_hap2_hprc_r2_v1.0.1.merged	diagonal-distance	32	heuristic	1895322747	164636467	8879514	48732695	2.97	84560	2.76	17776	1.09	4380	77.13	37915992	760447	756309	4138	0
hprcv2-25k	NA18983_hap2_hprc_r2_v1.0.1.merged	diagonal-distance	64	heuristic	1895322747	144446635	6131309	41452479	3.16	84264	2.43	17712	0.87	4572	89.51	39575684	760447	745044	15403	0
hprcv2-25k	NA18983_hap2_hprc_r2_v1.0.1.merged	edit-distance	128	heuristic	1895322747	167568465	7722636	48160707	3.27	85592	2.79	17840	1.15	4508	35.13	17628912	760447	736885	23562	0
hprcv2-25k	NA18983_hap2_hprc_r2_v1.0.1.merged	edit-distance	16	heuristic	1895322747	410213222	36760135	122940275	3.71	90980	5.96	17796	4	4828	33.71	9730004	760447	759933	514	0
hprcv2-25k	NA18983_hap2_hprc_r2_v1.0.1.merged	edit-distance	256	heuristic	1895322747	143086776	5040814	40630211	3.27	84760	2.46	17712	0.88	4604	55.01	15714388	760447	722033	38414	0
hprcv2-25k	NA18983_hap2_hprc_r2_v1.0.1.merged	edit-distance	32	heuristic	1895322747	285563117	21067673	83282076	3.47	88492	4.29	11644	2.53	4588	27.62	11275140	760447	759269	1178	0
hprcv2-25k	NA18983_hap2_hprc_r2_v1.0.1.merged	edit-distance	64	heuristic	1895322747	210548306	12437835	60716670	3.24	86376	3.35	17732	1.66	4504	29.68	14292660	760447	755612	4835	0
hprcv2-25k	NA19036_hap1_hprc_r2_v1.0.1.merged	diagonal-distance	16	heuristic	2541931764	258679657	18225902	80270152	4.57	91188	4.11	19364	2.05	4588	62.17	32341384	963258	961430	1828	0
hprcv2-25k	NA19036_hap1_hprc_r2_v1.0.1.merged	diagonal-distance	32	heuristic	2541931764	211764913	11762256	63481561	4.56	83816	3.5	13272	1.44	4672	71.95	33644296	963258	958006	5252	0
hprcv2-25k	NA19036_hap1_hprc_r2_v1.0.1.merged	diagonal-distance	64	heuristic	2541931764	184864693	8103019	53774657	4.14	83660	3.12	13320	1.12	4616	116.16	41079096	963258	943381	19877	0
hprcv2-25k	NA19036_hap1_hprc_r2_v1.0.1.merged	edit-distance	128	heuristic	2541931764	216050191	10280140	62648024	4.53	83812	3.6	13064	1.51	4832	43.18	15547792	963258	933555	29703	0
hprcv2-25k	NA19036_hap1_hprc_r2_v1.0.1.merged	edit-distance	16	heuristic	2541931764	541366351	49059724	161993618	5	90716	7.78	13364	5.3	4832	41.18	10070172	963258	962633	625	0
hprcv2-25k	NA19036_hap1_hprc_r2_v1.0.1.merged	edit-distance	256	heuristic	2541931764	183184143	6680138	52542285	4.38	83380	3.14	13236	1.16	4384	70.19	16483724	963258	915246	48012	0
hprcv2-25k	NA19036_hap1_hprc_r2_v1.0.1.merged	edit-distance	32	heuristic	2541931764	374069054	28051778	109171896	4.51	87044	5.59	13376	3.33	4680	32.16	11973740	963258	961750	1508	0
hprcv2-25k	NA19036_hap1_hprc_r2_v1.0.1.merged	edit-distance	64	heuristic	2541931764	273629761	16541729	79235209	4.39	84592	4.34	13360	2.16	4716	35.75	12092892	963258	957036	6222	0
hprcv2-25k	NA19036_hap2_hprc_r2_v1.0.1.merged	diagonal-distance	16	heuristic	2310179949	232699257	16696037	72233233	3.79	86576	3.72	12148	1.84	4604	62.4	32863704	838156	836606	1550	0
hprcv2-25k	NA19036_hap2_hprc_r2_v1.0.1.merged	diagonal-distance	32	heuristic	2310179949	190636017	10903915	57173136	3.76	93108	3.15	18392	1.3	4616	63.81	31436396	838156	833530	4626	0
hprcv2-25k	NA19036_hap2_hprc_r2_v1.0.1.merged	diagonal-distance	64	heuristic	2310179949	166091826	7556648	48299325	3.92	85448	2.74	12300	1.03	4380	96.53	37634956	838156	820216	17940	0
hprcv2-25k	NA19036_hap2_hprc_r2_v1.0.1.merged	edit-distance	128	heuristic	2310179949	194284387	9511992	56291410	3.97	85208	3.2	12208	1.38	4572	39.2	14657032	838156	810829	27327	0
hprcv2-25k	NA19036_hap2_hprc_r2_v1.0.1.merged	edit-distance	16	heuristic	2310179949	489571010	44804972	146484283	4.33	92184	6.94	12380	4.92	4760	38.46	9615508	838156	837630	526	0
hprcv2-25k	NA19036_hap2_hprc_r2_v1.0.1.merged	edit-distance	256	heuristic	2310179949	164323216	6212122	47057944	3.66	84884	2.79	12236	1.04	4524	63.79	18082676	838156	793771	44385	0
hprcv2-25k	NA19036_hap2_hprc_r2_v1.0.1.merged	edit-distance	32	heuristic	2310179949	337765595	25720563	98628663	3.86	89900	5.02	18408	3.05	4756	29.68	11515196	838156	836898	1258	0
hprcv2-25k	NA19036_hap2_hprc_r2_v1.0.1.merged	edit-distance	64	heuristic	2310179949	246631480	15237754	71431390	3.63	86580	3.86	12200	1.96	4796	32.42	13460928	838156	832602	5554	0
hprcv2-25k	NA19043_hap1_hprc_r2_v1.0.1.merged	diagonal-distance	16	heuristic	1837950908	195016945	13550148	59999381	3.22	81444	3.16	11108	1.49	4404	42.35	30611424	728226	726850	1376	0
hprcv2-25k	NA19043_hap1_hprc_r2_v1.0.1.merged	diagonal-distance	32	heuristic	1837950908	160676936	8812796	47702801	3.07	80200	2.66	11060	1.1	4316	48.06	28872576	728226	724245	3981	0
hprcv2-25k	NA19043_hap1_hprc_r2_v1.0.1.merged	diagonal-distance	64	heuristic	1837950908	140887345	6112055	40548179	3.25	79496	2.33	11108	0.84	4452	79.21	37561556	728226	712927	15299	0
hprcv2-25k	NA19043_hap1_hprc_r2_v1.0.1.merged	edit-distance	128	heuristic	1837950908	162806906	7596614	46839369	3.24	80472	2.69	10852	1.14	4252	31.79	14848952	728226	705068	23158	0
hprcv2-25k	NA19043_hap1_hprc_r2_v1.0.1.merged	edit-distance	16	heuristic	1837950908	398527178	35644253	119006616	3.44	92680	5.65	11168	3.88	4684	31.64	8251132	728226	727771	455	0
hprcv2-25k	NA19043_hap1_hprc_r2_v1.0.1.merged	edit-distance	256	heuristic	1837950908	139150026	5004335	39547438	3.2	80060	2.42	11016	0.87	4200	51.61	16726088	728226	690337	37889	0
hprcv2-25k	NA19043_hap1_hprc_r2_v1.0.1.merged	edit-distance	32	heuristic	1837950908	277437519	20477235	80679626	3.25	83828	4.17	11088	2.42	4300	23.99	9665104	728226	727095	1131	0
hprcv2-25k	NA19043_hap1_hprc_r2_v1.0.1.merged	edit-distance	64	heuristic	1837950908	204723591	12154600	58942858	3.07	81096	3.23	11220	1.59	4400	26.43	10935156	728226	723509	4717	0
hprcv2-25k	NA19043_hap2_hprc_r2_v1.0.1.merged	diagonal-distance	16	heuristic	2245297574	217934789	16058439	68103471	3.77	88072	3.44	17712	1.78	4600	58.95	33183260	765809	764315	1494	0
hprcv2-25k	NA19043_hap2_hprc_r2_v1.0.1.merged	diagonal-distance	32	heuristic	2245297574	177276050	10443874	53543843	3.81	86956	2.9	17692	1.26	4632	64.23	33054372	765809	761266	4543	0
hprcv2-25k	NA19043_hap2_hprc_r2_v1.0.1.merged	diagonal-distance	64	heuristic	2245297574	153464496	7187425	44931259	3.82	86012	2.54	17628	0.96	4576	98.34	38778208	765809	748397	17412	0
hprcv2-25k	NA19043_hap2_hprc_r2_v1.0.1.merged	edit-distance	128	heuristic	2245297574	181049054	9105632	52623020	3.61	80468	2.99	11676	1.31	4588	37.74	14153644	765809	738942	26867	0
hprcv2-25k	NA19043_hap2_hprc_r2_v1.0.1.merged	edit-distance	16	heuristic	2245297574	469089803	43684659	140492593	4.32	87436	6.65	11764	4.7	4724	34.87	10025380	765809	765287	522	0
hprcv2-25k	NA19043_hap2_hprc_r2_v1.0.1.merged	edit-distance	256	heuristic	2245297574	151946802	5916124	43740762	3.79	80344	2.57	11660	1.02	4576	61.59	17143960	765809	721895	43914	0
hprcv2-25k	NA19043_hap2_hprc_r2_v1.0.1.merged	edit-distance	32	heuristic	2245297574	321039123	24995851	93878162	3.86	84124	4.76	11664	2.89	4596	28.26	11495724	765809	764526	1283	0
hprcv2-25k	NA19043_hap2_hprc_r2_v1.0.1.merged	edit-distance	64	heuristic	2245297574	232173314	14730882	67407168	3.68	81344	3.65	11656	1.86	4748	31.07	13142236	765809	760484	5325	0
hprcv2-25k	NA19087_hap1_hprc_r2_v1.0.1.merged	diagonal-distance	16	heuristic	1826248042	189898273	13140806	58266963	3.12	79928	3.05	11152	1.48	4656	48.94	30356608	712249	710912	1337	0
hprcv2-25k	NA19087_hap1_hprc_r2_v1.0.1.merged	diagonal-distance	32	heuristic	1826248042	156750500	8585655	46416216	3.07	84816	2.55	17300	1.08	4580	56	31019968	712249	708306	3943	0
hprcv2-25k	NA19087_hap1_hprc_r2_v1.0.1.merged	diagonal-distance	64	heuristic	1826248042	137247990	5930249	39381479	3.2	84020	2.27	17208	0.83	4508	80.09	37836044	712249	697099	15150	0
hprcv2-25k	NA19087_hap1_hprc_r2_v1.0.1.merged	edit-distance	128	heuristic	1826248042	159529580	7472266	45887014	3.28	78332	2.65	11008	1.14	4452	34.23	16553896	712249	688681	23568	0
hprcv2-25k	NA19087_hap1_hprc_r2_v1.0.1.merged	edit-distance	16	heuristic	1826248042	392344997	35324157	117550755	3.4	86520	5.58	13256	3.87	4752	35.08	9829192	712249	711814	435	0
hprcv2-25k	NA19087_hap1_hprc_r2_v1.0.1.merged	edit-distance	256	heuristic	1826248042	136005167	4898533	38644771	3.08	78300	2.33	11112	0.85	4468	52.3	16423844	712249	673574	38675	0
hprcv2-25k	NA19087_hap1_hprc_r2_v1.0.1.merged	edit-distance	32	heuristic	1826248042	272719156	20273057	79549727	3.24	87444	4.07	17404	2.44	4620	26	11136540	712249	711142	1107	0
hprcv2-25k	NA19087_hap1_hprc_r2_v1.0.1.merged	edit-distance	64	heuristic	1826248042	200799120	12001476	57948599	2.94	79240	3.19	11108	1.58	4448	28.31	13774796	712249	707689	4560	0
hprcv2-25k	NA19087_hap2_hprc_r2_v1.0.1.merged	diagonal-distance	16	heuristic	1787268226	181877971	13376595	56986950	2.94	87704	2.89	10564	1.44	4312	50.68	31330880	644648	643376	1272	0
hprcv2-25k	NA19087_hap2_hprc_r2_v1.0.1.merged	diagonal-distance	32	heuristic	1787268226	148355759	8738231	44973340	2.92	85668	2.46	16812	1.05	4584	87.53	46679820	644648	640875	3773	0
hprcv2-25k	NA19087_hap2_hprc_r2_v1.0.1.merged	diagonal-distance	64	heuristic	1787268226	128799079	6059498	37900506	3.01	84548	2.14	16788	0.82	4500	189.77	61781544	644648	630311	14337	0
hprcv2-25k	NA19087_hap2_hprc_r2_v1.0.1.merged	edit-distance	128	heuristic	1787268226	150265493	7508359	43990748	3.01	86240	2.48	16808	1.08	4616	32.84	16501284	644648	623506	21142	0
hprcv2-25k	NA19087_hap2_hprc_r2_v1.0.1.merged	edit-distance	16	heuristic	1787268226	379992909	35168766	114746616	3.38	93176	5.46	16912	3.81	4856	30.43	9350800	644648	644244	404	0
hprcv2-25k	NA19087_hap2_hprc_r2_v1.0.1.merged	edit-distance	256	heuristic	1787268226	126796590	4923158	36765925	3.06	83652	2.17	16796	0.81	4524	51.74	16219672	644648	609670	34978	0
hprcv2-25k	NA19087_hap2_hprc_r2_v1.0.1.merged	edit-distance	32	heuristic	1787268226	262290254	20257702	77291546	2.91	89332	3.9	16748	2.37	4676	25.15	11455176	644648	643604	1044	0
hprcv2-25k	NA19087_hap2_hprc_r2_v1.0.1.merged	edit-distance	64	heuristic	1787268226	191251042	12037330	55953368	2.88	86516	3.02	16688	1.52	4380	27.66	14665100	644648	640254	4394	0
hprcv2-25k	NA19159_hap1_hprc_r2_v1.0.1.merged	diagonal-distance	16	heuristic	2095298966	205765895	14915548	64494919	3.54	84240	3.29	11448	1.63	4632	61.24	34757028	744842	743282	1560	0
hprcv2-25k	NA19159_hap1_hprc_r2_v1.0.1.merged	diagonal-distance	32	heuristic	2095298966	167244355	9626474	50712745	3.54	86116	2.75	17560	1.17	4524	62.7	33106348	744842	740423	4419	0
hprcv2-25k	NA19159_hap1_hprc_r2_v1.0.1.merged	diagonal-distance	64	heuristic	2095298966	144898234	6592936	42650733	3.6	88452	2.43	19688	0.89	4500	87	37020988	744842	728101	16741	0
hprcv2-25k	NA19159_hap1_hprc_r2_v1.0.1.merged	edit-distance	128	heuristic	2095298966	171102927	8424805	50092581	3.47	88196	2.87	19672	1.22	4612	35.85	14929636	744842	719838	25004	0
hprcv2-25k	NA19159_hap1_hprc_r2_v1.0.1.merged	edit-distance	16	heuristic	2095298966	440563518	40400945	132282346	3.83	93540	6.2	17808	4.41	4544	36.71	9168616	744842	744342	500	0
hprcv2-25k	NA19159_hap1_hprc_r2_v1.0.1.merged	edit-distance	256	heuristic	2095298966	144059548	5486182	41829531	3.44	85868	2.5	11444	0.91	4492	57.57	16104360	744842	704593	40249	0
hprcv2-25k	NA19159_hap1_hprc_r2_v1.0.1.merged	edit-distance	32	heuristic	2095298966	301966406	23083821	88590159	3.52	91912	4.46	11464	2.76	4712	27.36	12049504	744842	743625	1217	0
hprcv2-25k	NA19159_hap1_hprc_r2_v1.0.1.merged	edit-distance	64	heuristic	2095298966	218827304	13595334	63833814	3.35	84072	3.46	17636	1.72	4600	30.3	12810544	744842	739654	5188	0
hprcv2-25k	NA19159_hap2_hprc_r2_v1.0.1.merged	diagonal-distance	16	heuristic	2263928563	230391817	17047040	72360151	4	85188	3.69	12072	1.88	4740	57.08	32409880	819568	817766	1802	0
hprcv2-25k	NA19159_hap2_hprc_r2_v1.0.1.merged	diagonal-distance	32	heuristic	2263928563	187923937	11136049	57121258	3.93	83604	3.07	13956	1.31	4540	60.59	29978332	819568	814475	5093	0
hprcv2-25k	NA19159_hap2_hprc_r2_v1.0.1.merged	diagonal-distance	64	heuristic	2263928563	162840777	7666052	48004647	3.92	82964	2.82	12016	1	4444	98.91	38689184	819568	800208	19360	0
hprcv2-25k	NA19159_hap2_hprc_r2_v1.0.1.merged	edit-distance	128	heuristic	2263928563	189769497	9460793	55455613	3.76	87916	3.16	18220	1.37	4588	38.03	14393716	819568	791016	28552	0
hprcv2-25k	NA19159_hap2_hprc_r2_v1.0.1.merged	edit-distance	16	heuristic	2263928563	482050015	44886772	145078681	4.19	94912	6.86	20392	4.81	4748	35.49	9524684	819568	818974	594	0
hprcv2-25k	NA19159_hap2_hprc_r2_v1.0.1.merged	edit-distance	256	heuristic	2263928563	159603004	6105778	46137329	3.64	87148	2.73	18164	1.02	4484	63.26	17420960	819568	773432	46136	0
hprcv2-25k	NA19159_hap2_hprc_r2_v1.0.1.merged	edit-distance	32	heuristic	2263928563	332597638	25837109	97716609	3.97	91340	4.94	18100	3.06	4776	28.29	10150344	819568	818093	1475	0
hprcv2-25k	NA19159_hap2_hprc_r2_v1.0.1.merged	edit-distance	64	heuristic	2263928563	242349423	15312632	70702402	3.88	88776	3.77	18180	1.95	4676	31.19	12595100	819568	813539	6029	0
hprcv2-25k	NA19185_hap1_hprc_r2_v1.0.1.merged	diagonal-distance	16	heuristic	1823772822	188435581	12732240	57893084	3.25	82600	3.06	13152	1.45	4404	113.07	57424252	735355	734090	1265	0
hprcv2-25k	NA19185_hap1_hprc_r2_v1.0.1.merged	diagonal-distance	32	heuristic	1823772822	155792518	8241672	46215046	3.25	85312	2.58	17320	1.04	4280	114.94	57854292	735355	731683	3672	0
hprcv2-25k	NA19185_hap1_hprc_r2_v1.0.1.merged	diagonal-distance	64	heuristic	1823772822	137173035	5708605	39484050	3.25	84536	2.3	17260	0.82	4116	128.81	60512772	735355	721849	13506	0
hprcv2-25k	NA19185_hap1_hprc_r2_v1.0.1.merged	edit-distance	128	heuristic	1823772822	159479996	7281329	45892738	3.25	81096	2.71	13108	1.09	4276	31	14308300	735355	714668	20687	0
hprcv2-25k	NA19185_hap1_hprc_r2_v1.0.1.merged	edit-distance	16	heuristic	1823772822	390898450	34907043	116496579	3.26	86548	5.69	13320	3.79	4684	28.26	9884440	735355	734949	406	0
hprcv2-25k	NA19185_hap1_hprc_r2_v1.0.1.merged	edit-distance	256	heuristic	1823772822	136456033	4767785	38845785	3.13	80032	2.35	13152	0.85	4336	51.07	17752416	735355	701673	33682	0
hprcv2-25k	NA19185_hap1_hprc_r2_v1.0.1.merged	edit-distance	32	heuristic	1823772822	271742392	19928794	78955379	3.18	87500	4.09	19396	2.36	4528	23.56	11031124	735355	734305	1050	0
hprcv2-25k	NA19185_hap1_hprc_r2_v1.0.1.merged	edit-distance	64	heuristic	1823772822	200290631	11735942	57688194	3.32	85872	3.18	13088	1.56	4312	25.95	12621380	735355	731044	4311	0
hprcv2-25k	NA19185_hap2_hprc_r2_v1.0.1.merged	diagonal-distance	16	heuristic	2231277917	221542407	16155897	69534763	3.36	86928	3.52	11876	1.78	4624	57.43	32664636	795796	794251	1545	0
hprcv2-25k	NA19185_hap2_hprc_r2_v1.0.1.merged	diagonal-distance	32	heuristic	2231277917	179824865	10412283	54592665	3.6	85580	2.96	13712	1.26	4456	61.43	32135352	795796	791322	4474	0
hprcv2-25k	NA19185_hap2_hprc_r2_v1.0.1.merged	diagonal-distance	64	heuristic	2231277917	155858237	7150603	45930994	3.73	85224	2.63	18032	0.97	4516	95.01	37377780	795796	778674	17122	0
hprcv2-25k	NA19185_hap2_hprc_r2_v1.0.1.merged	edit-distance	128	heuristic	2231277917	183398881	9045815	53677003	3.73	85668	3.03	13708	1.32	4612	38.11	13441152	795796	770572	25224	0
hprcv2-25k	NA19185_hap2_hprc_r2_v1.0.1.merged	edit-distance	16	heuristic	2231277917	470725494	43196948	141458655	4.01	96744	6.66	18120	4.73	4672	38.12	11528612	795796	795267	529	0
hprcv2-25k	NA19185_hap2_hprc_r2_v1.0.1.merged	edit-distance	256	heuristic	2231277917	154530958	5903419	44845898	3.73	84848	2.64	13836	1	4456	61.83	17220472	795796	754645	41151	0
hprcv2-25k	NA19185_hap2_hprc_r2_v1.0.1.merged	edit-distance	32	heuristic	2231277917	323302119	24731248	94839838	3.83	87488	4.88	11772	2.91	4620	28.86	12371612	795796	794481	1315	0
hprcv2-25k	NA19185_hap2_hprc_r2_v1.0.1.merged	edit-distance	64	heuristic	2231277917	234406047	14588553	68394665	3.79	87176	3.7	14000	1.89	4688	31.57	12343536	795796	790495	5301	0
hprcv2-25k	NA19240_mat_hprc_r2_v1.0.1.merged	diagonal-distance	16	heuristic	2363644750	239947459	17260680	74885011	4.11	90740	3.86	18700	1.92	4788	57.65	32476720	873642	871963	1679	0
hprcv2-25k	NA19240_mat_hprc_r2_v1.0.1.merged	diagonal-distance	32	heuristic	2363644750	196139014	11207467	59182610	3.87	88816	3.28	18724	1.36	4564	67.32	32613832	873642	868760	4882	0
hprcv2-25k	NA19240_mat_hprc_r2_v1.0.1.merged	diagonal-distance	64	heuristic	2363644750	170853747	7752708	50033328	3.85	88156	2.85	18588	1.05	4536	103.32	39935856	873642	854846	18796	0
hprcv2-25k	NA19240_mat_hprc_r2_v1.0.1.merged	edit-distance	128	heuristic	2363644750	199378575	9695750	58051696	3.97	89336	3.33	18672	1.42	4572	39.6	13915840	873642	845133	28509	0
hprcv2-25k	NA19240_mat_hprc_r2_v1.0.1.merged	edit-distance	16	heuristic	2363644750	502200812	45963001	150840152	4.38	95316	7.1	18648	5.06	4716	37.9	8370100	873642	873125	517	0
hprcv2-25k	NA19240_mat_hprc_r2_v1.0.1.merged	edit-distance	256	heuristic	2363644750	168647987	6328270	48623883	3.69	88332	2.87	18584	1.06	4536	63.88	16347576	873642	827418	46224	0
hprcv2-25k	NA19240_mat_hprc_r2_v1.0.1.merged	edit-distance	32	heuristic	2363644750	347087629	26376947	101624543	4.16	92584	5.19	18724	3.13	4648	30.5	11972360	873642	872303	1339	0
hprcv2-25k	NA19240_mat_hprc_r2_v1.0.1.merged	edit-distance	64	heuristic	2363644750	253444623	15616393	73695587	4.06	89672	4.01	18632	2.01	4676	33.43	13268532	873642	867950	5692	0
hprcv2-25k	NA19240_pat_hprc_r2_v1.0.1.merged	diagonal-distance	16	heuristic	2508781455	253779680	17610133	78399519	4.13	89936	4.08	19220	1.99	4712	63.14	33369608	956361	954721	1640	0
hprcv2-25k	NA19240_pat_hprc_r2_v1.0.1.merged	diagonal-distance	32	heuristic	2508781455	208626518	11402635	62246086	4.25	90880	3.42	19204	1.43	4668	74.76	33461968	956361	951639	4722	0
hprcv2-25k	NA19240_pat_hprc_r2_v1.0.1.merged	diagonal-distance	64	heuristic	2508781455	182688521	7877401	52883424	3.9	88276	3.02	19180	1.09	4724	114.31	39887324	956361	938863	17498	0
hprcv2-25k	NA19240_pat_hprc_r2_v1.0.1.merged	edit-distance	128	heuristic	2508781455	213294055	10015580	61579885	4.22	88276	3.52	19180	1.48	4592	42.28	13563392	956361	930392	25969	0
hprcv2-25k	NA19240_pat_hprc_r2_v1.0.1.merged	edit-distance	16	heuristic	2508781455	533127209	48126797	159027293	4.82	95644	7.54	19500	5.29	5004	39.58	9390520	956361	955820	541	0
hprcv2-25k	NA19240_pat_hprc_r2_v1.0.1.merged	edit-distance	256	heuristic	2508781455	181306005	6517590	51759341	4.36	84368	3.14	21476	1.12	4600	69.47	18785920	956361	914225	42136	0
hprcv2-25k	NA19240_pat_hprc_r2_v1.0.1.merged	edit-distance	32	heuristic	2508781455	368435705	27477313	107245444	4.26	91744	5.48	19432	3.33	4620	32.05	11116804	956361	955033	1328	0
hprcv2-25k	NA19240_pat_hprc_r2_v1.0.1.merged	edit-distance	64	heuristic	2508781455	269780861	16178770	77902601	4.45	89516	4.29	19332	2.15	4696	35.11	11210344	956361	950820	5541	0
hprcv2-25k	NA19338_hap1_hprc_r2_v1.0.1.merged	diagonal-distance	16	heuristic	2679911716	259133330	18739358	80941453	4.14	92356	4.12	19204	2.05	4688	86.19	39012448	928932	927169	1763	0
hprcv2-25k	NA19338_hap1_hprc_r2_v1.0.1.merged	diagonal-distance	32	heuristic	2679911716	210143185	12022258	63435816	4.34	90724	3.47	15056	1.45	4820	89.78	37674440	928932	923714	5218	0
hprcv2-25k	NA19338_hap1_hprc_r2_v1.0.1.merged	diagonal-distance	64	heuristic	2679911716	182254219	8245442	53388891	4.14	86212	3.01	19008	1.12	4752	122.8	41138440	928932	908909	20023	0
hprcv2-25k	NA19338_hap1_hprc_r2_v1.0.1.merged	edit-distance	128	heuristic	2679911716	215960045	10616005	62890152	4.17	84828	3.55	12868	1.55	4772	45.76	15556164	928932	898748	30184	0
hprcv2-25k	NA19338_hap1_hprc_r2_v1.0.1.merged	edit-distance	16	heuristic	2679911716	560225489	51555379	167918272	4.74	98476	7.84	19224	5.56	4904	43	8555552	928932	928335	597	0
hprcv2-25k	NA19338_hap1_hprc_r2_v1.0.1.merged	edit-distance	256	heuristic	2679911716	181474630	6864908	52330914	4.2	90640	3.06	19104	1.17	4796	73.94	17633096	928932	880014	48918	0
hprcv2-25k	NA19338_hap1_hprc_r2_v1.0.1.merged	edit-distance	32	heuristic	2679911716	383250120	29375892	112090211	4.51	94656	5.69	19224	3.48	4696	34.58	10879288	928932	927410	1522	0
hprcv2-25k	NA19338_hap1_hprc_r2_v1.0.1.merged	edit-distance	64	heuristic	2679911716	276939997	17233376	80469166	4.5	87092	4.29	15040	2.2	4600	38.2	12689764	928932	922704	6228	0
hprcv2-25k	NA19338_hap2_hprc_r2_v1.0.1.merged	diagonal-distance	16	heuristic	1777525636	179342277	12727602	55683021	3.07	83332	2.88	10556	1.41	4464	41.81	30896932	659522	658274	1248	0
hprcv2-25k	NA19338_hap2_hprc_r2_v1.0.1.merged	diagonal-distance	32	heuristic	1777525636	146707974	8235071	43998499	3.18	79780	2.45	10604	1.01	4428	49.93	30614132	659522	655835	3687	0
hprcv2-25k	NA19338_hap2_hprc_r2_v1.0.1.merged	diagonal-distance	64	heuristic	1777525636	127798197	5661510	37167217	3	79284	2.13	10568	0.79	4272	77.55	36770732	659522	645516	14006	0
hprcv2-25k	NA19338_hap2_hprc_r2_v1.0.1.merged	edit-distance	128	heuristic	1777525636	149686165	7181267	43373037	2.96	81400	2.47	10544	1.05	4316	30.63	12940356	659522	638796	20726	0
hprcv2-25k	NA19338_hap2_hprc_r2_v1.0.1.merged	edit-distance	16	heuristic	1777525636	377679399	34338317	112996190	3.43	94936	5.33	18820	3.74	4580	31.21	8913508	659522	659130	392	0
hprcv2-25k	NA19338_hap2_hprc_r2_v1.0.1.merged	edit-distance	256	heuristic	1777525636	126761305	4680284	36358547	3.07	81884	2.16	12452	0.79	4248	50.45	17831076	659522	626171	33351	0
hprcv2-25k	NA19338_hap2_hprc_r2_v1.0.1.merged	edit-distance	32	heuristic	1777525636	260364599	19633511	76000887	3	88980	3.87	18812	2.34	4636	22.97	10760332	659522	658526	996	0
hprcv2-25k	NA19338_hap2_hprc_r2_v1.0.1.merged	edit-distance	64	heuristic	1777525636	190077191	11578467	55033253	3.01	83488	3.03	16668	1.52	4420	25.36	11040404	659522	655075	4447	0
hprcv2-25k	NA19391_hap1_hprc_r2_v1.0.1.merged	diagonal-distance	16	heuristic	2344382894	243022761	16667097	74626293	3.93	85456	3.92	19044	1.88	4688	52.8	29516656	923982	922310	1672	0
hprcv2-25k	NA19391_hap1_hprc_r2_v1.0.1.merged	diagonal-distance	32	heuristic	2344382894	200475124	10816744	59408037	4.19	89916	3.36	13004	1.33	4480	64.83	32986948	923982	919174	4808	0
hprcv2-25k	NA19391_hap1_hprc_r2_v1.0.1.merged	diagonal-distance	64	heuristic	2344382894	175990452	7486613	50561487	4.2	82676	2.93	12976	1.06	4440	106.77	41929796	923982	906182	17800	0
hprcv2-25k	NA19391_hap1_hprc_r2_v1.0.1.merged	edit-distance	128	heuristic	2344382894	204333156	9448937	58682065	3.9	83584	3.38	12896	1.41	4520	39.43	14370948	923982	897278	26704	0
hprcv2-25k	NA19391_hap1_hprc_r2_v1.0.1.merged	edit-distance	16	heuristic	2344382894	502946177	44975426	149807520	4.56	90636	7.15	12868	4.91	4624	38.37	9881656	923982	923437	545	0
hprcv2-25k	NA19391_hap1_hprc_r2_v1.0.1.merged	edit-distance	256	heuristic	2344382894	174443418	6178173	49479506	4.17	88936	3	19080	1.09	4540	65.57	18047640	923982	880878	43104	0
hprcv2-25k	NA19391_hap1_hprc_r2_v1.0.1.merged	edit-distance	32	heuristic	2344382894	349426195	25736766	101391876	4.15	86928	5.26	13056	3.03	4688	30.2	10990000	923982	922647	1335	0
hprcv2-25k	NA19391_hap1_hprc_r2_v1.0.1.merged	edit-distance	64	heuristic	2344382894	257180049	15199011	73943348	4.22	84652	4.07	13000	2.03	4720	32.99	14132744	923982	918481	5501	0
hprcv2-25k	NA19391_hap2_hprc_r2_v1.0.1.merged	diagonal-distance	16	heuristic	2110366767	209837514	15313423	65680636	3.53	84664	3.42	11604	1.66	4740	60	35017000	748626	747189	1437	0
hprcv2-25k	NA19391_hap2_hprc_r2_v1.0.1.merged	diagonal-distance	32	heuristic	2110366767	170689071	9924685	51663895	3.4	89372	2.84	17664	1.19	4512	79.36	39095464	748626	744457	4169	0
hprcv2-25k	NA19391_hap2_hprc_r2_v1.0.1.merged	diagonal-distance	64	heuristic	2110366767	148143018	6854757	43511520	3.41	88768	2.49	17756	0.91	4500	111.74	48386476	748626	732285	16341	0
hprcv2-25k	NA19391_hap2_hprc_r2_v1.0.1.merged	edit-distance	128	heuristic	2110366767	173868246	8610154	50745540	3.48	88416	2.87	17612	1.25	4624	35.98	13261472	748626	724291	24335	0
hprcv2-25k	NA19391_hap2_hprc_r2_v1.0.1.merged	edit-distance	16	heuristic	2110366767	444911101	40851296	133613627	3.71	89228	6.27	11696	4.42	4620	37	10739628	748626	748159	467	0
hprcv2-25k	NA19391_hap2_hprc_r2_v1.0.1.merged	edit-distance	256	heuristic	2110366767	146462916	5615584	42323880	3.62	90956	2.49	17616	0.93	4492	59.65	17636616	748626	709133	39493	0
hprcv2-25k	NA19391_hap2_hprc_r2_v1.0.1.merged	edit-distance	32	heuristic	2110366767	305857233	23427697	89639132	3.52	92520	4.5	17752	2.79	4520	27.64	10787904	748626	747430	1196	0
hprcv2-25k	NA19391_hap2_hprc_r2_v1.0.1.merged	edit-distance	64	heuristic	2110366767	222156093	13858358	64675039	3.41	84192	3.53	11488	1.79	4552	30.11	11669560	748626	743586	5040	0
hprcv2-25k	NA19443_hap1_hprc_r2_v1.0.1.merged	diagonal-distance	16	heuristic	2192284550	235172430	16169403	72245003	3.98	84296	3.77	12504	1.81	4644	62.38	33131012	894506	892880	1626	0
hprcv2-25k	NA19443_hap1_hprc_r2_v1.0.1.merged	diagonal-distance	32	heuristic	2192284550	194441309	10533145	57657529	3.84	82380	3.25	12588	1.34	4540	91.12	40172672	894506	889711	4795	0
hprcv2-25k	NA19443_hap1_hprc_r2_v1.0.1.merged	diagonal-distance	64	heuristic	2192284550	170905889	7307527	49137560	3.88	82724	2.87	12464	1.03	4500	114.2	43565240	894506	876413	18093	0
hprcv2-25k	NA19443_hap1_hprc_r2_v1.0.1.merged	edit-distance	128	heuristic	2192284550	196967743	9090814	56631813	3.71	82368	3.26	12588	1.34	4580	37.12	14313640	894506	866777	27729	0
hprcv2-25k	NA19443_hap1_hprc_r2_v1.0.1.merged	edit-distance	16	heuristic	2192284550	477414067	42722169	142653230	4.49	89916	6.83	12816	4.62	4704	36.18	9743352	894506	894022	484	0
hprcv2-25k	NA19443_hap1_hprc_r2_v1.0.1.merged	edit-distance	256	heuristic	2192284550	168784726	5986093	47950648	3.79	83172	2.85	12656	1.05	4508	60.18	17646724	894506	849582	44924	0
hprcv2-25k	NA19443_hap1_hprc_r2_v1.0.1.merged	edit-distance	32	heuristic	2192284550	333460680	24527407	96943745	3.9	86752	4.95	12752	2.95	4808	28.25	11690556	894506	893205	1301	0
hprcv2-25k	NA19443_hap1_hprc_r2_v1.0.1.merged	edit-distance	64	heuristic	2192284550	246808609	14550209	71039204	3.78	83412	3.88	12684	1.94	4604	30.96	12660944	894506	888919	5587	0
hprcv2-25k	NA19443_hap2_hprc_r2_v1.0.1.merged	diagonal-distance	16	heuristic	2206642445	225170550	16009243	69756859	3.87	90124	3.59	18212	1.79	4712	57.55	33544372	822761	821239	1522	0
hprcv2-25k	NA19443_hap2_hprc_r2_v1.0.1.merged	diagonal-distance	32	heuristic	2206642445	185096514	10474661	55398486	3.87	89072	3.01	18144	1.29	4560	68.91	34464596	822761	818403	4358	0
hprcv2-25k	NA19443_hap2_hprc_r2_v1.0.1.merged	diagonal-distance	64	heuristic	2206642445	162103570	7331332	47076009	3.91	88884	2.72	18132	0.98	4576	113.85	45802468	822761	805898	16863	0
hprcv2-25k	NA19443_hap2_hprc_r2_v1.0.1.merged	edit-distance	128	heuristic	2206642445	188541747	9164615	54570675	3.84	88840	3.11	18260	1.33	4504	37.2	15649956	822761	796888	25873	0
hprcv2-25k	NA19443_hap2_hprc_r2_v1.0.1.merged	edit-distance	16	heuristic	2206642445	469241994	42817019	140279764	4.19	89888	6.72	18240	4.68	4748	36.89	8968472	822761	822250	511	0
hprcv2-25k	NA19443_hap2_hprc_r2_v1.0.1.merged	edit-distance	256	heuristic	2206642445	159897653	5983421	45694442	3.82	88432	2.77	18136	1	4496	61.78	17754360	822761	780465	42296	0
hprcv2-25k	NA19443_hap2_hprc_r2_v1.0.1.merged	edit-distance	32	heuristic	2206642445	324880254	24615032	94793881	3.88	87104	4.8	12100	2.9	4692	28.1	11103756	822761	821497	1264	0
hprcv2-25k	NA19443_hap2_hprc_r2_v1.0.1.merged	edit-distance	64	heuristic	2206642445	238226913	14623265	68963591	3.75	83204	3.76	18264	1.89	4672	30.66	12912088	822761	817598	5163	0
hprcv2-25k	NA19468_hap1_hprc_r2_v1.0.1.merged	diagonal-distance	16	heuristic	2099634898	211919578	15100589	65685804	3.81	82584	3.42	11668	1.65	4604	48.87	27908248	778666	777158	1508	0
hprcv2-25k	NA19468_hap1_hprc_r2_v1.0.1.merged	diagonal-distance	32	heuristic	2099634898	173772863	9834494	52035100	3.63	81556	2.87	11552	1.2	4448	55.11	29310648	778666	774243	4423	0
hprcv2-25k	NA19468_hap1_hprc_r2_v1.0.1.merged	diagonal-distance	64	heuristic	2099634898	151525935	6792159	43989035	3.7	81376	2.54	11664	0.93	4572	86.13	36159988	778666	761953	16713	0
hprcv2-25k	NA19468_hap1_hprc_r2_v1.0.1.merged	edit-distance	128	heuristic	2099634898	176792022	8529073	51146519	3.64	87768	3.19	17652	1.26	4468	35.52	13387000	778666	752977	25689	0
hprcv2-25k	NA19468_hap1_hprc_r2_v1.0.1.merged	edit-distance	16	heuristic	2099634898	444794600	40694754	133033138	3.71	93848	6.37	17956	4.4	4676	32.85	8620140	778666	778154	512	0
hprcv2-25k	NA19468_hap1_hprc_r2_v1.0.1.merged	edit-distance	256	heuristic	2099634898	149643768	5539646	42789882	3.63	81116	2.57	11672	0.95	4500	58.08	16379116	778666	736527	42139	0
hprcv2-25k	NA19468_hap1_hprc_r2_v1.0.1.merged	edit-distance	32	heuristic	2099634898	307369902	23335222	89660346	3.6	90784	4.65	17816	2.76	4584	26.65	10434204	778666	777444	1222	0
hprcv2-25k	NA19468_hap1_hprc_r2_v1.0.1.merged	edit-distance	64	heuristic	2099634898	224563325	13784119	64977641	3.55	88024	3.51	17808	1.78	4604	29.46	11907908	778666	773578	5088	0
hprcv2-25k	NA19468_hap2_hprc_r2_v1.0.1.merged	diagonal-distance	16	heuristic	1890793117	192966834	13378052	59479124	3.31	87292	3.08	17500	1.49	4576	44.58	30607872	728580	727360	1220	0
hprcv2-25k	NA19468_hap2_hprc_r2_v1.0.1.merged	diagonal-distance	32	heuristic	1890793117	158886517	8689624	47291744	3.36	85672	2.62	17572	1.07	4640	54.13	32212948	728580	725018	3562	0
hprcv2-25k	NA19468_hap2_hprc_r2_v1.0.1.merged	diagonal-distance	64	heuristic	1890793117	139316522	6027553	40224664	3.25	85012	2.3	17360	0.84	4628	88.16	40051600	728580	714669	13911	0
hprcv2-25k	NA19468_hap2_hprc_r2_v1.0.1.merged	edit-distance	128	heuristic	1890793117	162311300	7630645	46805009	3.37	80120	2.68	11340	1.13	4580	32.3	13801220	728580	707651	20929	0
hprcv2-25k	NA19468_hap2_hprc_r2_v1.0.1.merged	edit-distance	16	heuristic	1890793117	403120376	36349147	120219263	3.51	92444	5.85	19568	3.96	4672	32.03	9441464	728580	728188	392	0
hprcv2-25k	NA19468_hap2_hprc_r2_v1.0.1.merged	edit-distance	256	heuristic	1890793117	138256464	5004570	39436529	3.45	79592	2.37	11336	0.87	4668	55.12	16558136	728580	694384	34196	0
hprcv2-25k	NA19468_hap2_hprc_r2_v1.0.1.merged	edit-distance	32	heuristic	1890793117	279077382	20785240	81190054	3.49	89512	4.21	19356	2.46	4744	24.7	11846956	728580	727593	987	0
hprcv2-25k	NA19468_hap2_hprc_r2_v1.0.1.merged	edit-distance	64	heuristic	1890793117	204774168	12268833	59081186	3.26	88488	3.24	17352	1.6	4376	26.41	11960692	728580	724241	4339	0
hprcv2-25k	NA19682_hap1_hprc_r2_v1.0.1.merged	diagonal-distance	16	heuristic	1793213636	188430299	13040212	58059937	3.17	81116	3.02	11136	1.47	4712	95.7	48545480	710327	708922	1405	0
hprcv2-25k	NA19682_hap1_hprc_r2_v1.0.1.merged	diagonal-distance	32	heuristic	1793213636	155980570	8565930	46454858	3.1	85636	2.58	17308	1.06	4396	103.97	51839028	710327	706284	4043	0
hprcv2-25k	NA19682_hap1_hprc_r2_v1.0.1.merged	diagonal-distance	64	heuristic	1793213636	137197185	5999007	39669690	3.02	84608	2.27	17216	0.83	4568	117.29	55056448	710327	695198	15129	0
hprcv2-25k	NA19682_hap1_hprc_r2_v1.0.1.merged	edit-distance	128	heuristic	1793213636	158500171	7463022	45862833	3.24	85520	2.63	17208	1.1	4488	32.07	14624928	710327	687286	23041	0
hprcv2-25k	NA19682_hap1_hprc_r2_v1.0.1.merged	edit-distance	16	heuristic	1793213636	386084329	34788009	115934773	3.49	85976	5.6	11356	3.8	4812	31.09	9642660	710327	709852	475	0
hprcv2-25k	NA19682_hap1_hprc_r2_v1.0.1.merged	edit-distance	256	heuristic	1793213636	135418060	4911998	38719563	3.15	78984	2.32	17148	0.84	4488	51.46	17730236	710327	673046	37281	0
hprcv2-25k	NA19682_hap1_hprc_r2_v1.0.1.merged	edit-distance	32	heuristic	1793213636	269047699	19998768	78691981	3.21	90332	4.08	17428	2.39	4680	24.69	13459816	710327	709142	1185	0
hprcv2-25k	NA19682_hap1_hprc_r2_v1.0.1.merged	edit-distance	64	heuristic	1793213636	198857444	11896920	57594399	3.21	80032	3.14	11080	1.58	4580	26.85	13736184	710327	705403	4924	0
hprcv2-25k	NA19682_hap2_hprc_r2_v1.0.1.merged	diagonal-distance	16	heuristic	1913778638	207995298	14200661	63542164	3.32	87992	3.33	17908	1.6	4548	52.88	29408432	787755	786275	1480	0
hprcv2-25k	NA19682_hap2_hprc_r2_v1.0.1.merged	diagonal-distance	32	heuristic	1913778638	172672809	9329026	50898968	3.32	80528	2.91	11880	1.19	4524	66.12	33474524	787755	783371	4384	0
hprcv2-25k	NA19682_hap2_hprc_r2_v1.0.1.merged	diagonal-distance	64	heuristic	1913778638	152089401	6517387	43463099	3.19	88292	2.54	11692	0.9	4484	88.08	39862656	787755	771265	16490	0
hprcv2-25k	NA19682_hap2_hprc_r2_v1.0.1.merged	edit-distance	128	heuristic	1913778638	174749181	8048150	50118983	3.48	87100	2.92	17976	1.21	4456	35.54	16599688	787755	762537	25218	0
hprcv2-25k	NA19682_hap2_hprc_r2_v1.0.1.merged	edit-distance	16	heuristic	1913778638	418894819	37274907	125376538	3.85	87204	6.21	17932	4.07	4604	36.51	10115708	787755	787258	497	0
hprcv2-25k	NA19682_hap2_hprc_r2_v1.0.1.merged	edit-distance	256	heuristic	1913778638	150042898	5325473	42462313	3.39	87256	2.58	17900	0.93	4572	54.92	15598956	787755	746442	41313	0
hprcv2-25k	NA19682_hap2_hprc_r2_v1.0.1.merged	edit-distance	32	heuristic	1913778638	293352032	21472597	85427629	3.55	88280	4.48	18036	2.57	4764	27.57	13664892	787755	786462	1293	0
hprcv2-25k	NA19682_hap2_hprc_r2_v1.0.1.merged	edit-distance	64	heuristic	1913778638	217927324	12796825	62744130	3.38	87884	3.45	17840	1.69	4628	29.88	15376680	787755	782618	5137	0
hprcv2-25k	NA19700_hap1_hprc_r2_v1.0.1.merged	diagonal-distance	16	heuristic	2249400901	232641123	16758288	72697885	3.85	90372	3.73	18428	1.88	4648	63.71	33415584	851034	849293	1741	0
hprcv2-25k	NA19700_hap1_hprc_r2_v1.0.1.merged	diagonal-distance	32	heuristic	2249400901	190193147	10876881	57478760	3.73	88656	3.15	18384	1.34	4440	67.74	32968472	851034	845908	5126	0
hprcv2-25k	NA19700_hap1_hprc_r2_v1.0.1.merged	diagonal-distance	64	heuristic	2249400901	165553152	7496508	48556681	3.79	81844	2.82	12280	1.02	4472	101.88	39449428	851034	831804	19230	0
hprcv2-25k	NA19700_hap1_hprc_r2_v1.0.1.merged	edit-distance	128	heuristic	2249400901	192628070	9336240	56220392	3.98	88172	3.18	18236	1.39	4412	38.38	15098536	851034	822684	28350	0
hprcv2-25k	NA19700_hap1_hprc_r2_v1.0.1.merged	edit-distance	16	heuristic	2249400901	483054888	44169773	145317169	4.17	94272	6.9	18588	4.83	4552	36.54	9281380	851034	850452	582	0
hprcv2-25k	NA19700_hap1_hprc_r2_v1.0.1.merged	edit-distance	256	heuristic	2249400901	163214708	6095340	47163087	3.97	87680	2.81	18320	1.04	4376	61.02	13885216	851034	805216	45818	0
hprcv2-25k	NA19700_hap1_hprc_r2_v1.0.1.merged	edit-distance	32	heuristic	2249400901	334126272	25351227	98009299	3.85	91628	5.04	18540	3.01	4672	29.32	11729416	851034	849591	1443	0
hprcv2-25k	NA19700_hap1_hprc_r2_v1.0.1.merged	edit-distance	64	heuristic	2249400901	244486378	15020298	71197796	3.89	89624	3.83	18360	1.96	4680	32.32	15010416	851034	845164	5870	0
hprcv2-25k	NA19700_hap2_hprc_r2_v1.0.1.merged	diagonal-distance	16	heuristic	2453785806	250022640	17847020	77580514	4.3	83556	4.05	12904	2	4736	56.26	27505800	913490	911852	1638	0
hprcv2-25k	NA19700_hap2_hprc_r2_v1.0.1.merged	diagonal-distance	32	heuristic	2453785806	205361333	11670697	61573644	3.94	82252	3.39	19000	1.4	4544	64.93	28702800	913490	908728	4762	0
hprcv2-25k	NA19700_hap2_hprc_r2_v1.0.1.merged	diagonal-distance	64	heuristic	2453785806	179857449	8181446	52340930	4.13	87288	3.03	18780	1.12	4592	100.76	36077324	913490	895437	18053	0
hprcv2-25k	NA19700_hap2_hprc_r2_v1.0.1.merged	edit-distance	128	heuristic	2453785806	209225471	10225942	60762680	4.12	82276	3.46	12856	1.45	4600	41.94	16354000	913490	886327	27163	0
hprcv2-25k	NA19700_hap2_hprc_r2_v1.0.1.merged	edit-distance	16	heuristic	2453785806	521336184	47704902	156188677	4.61	88200	7.48	19212	5.12	4960	38.5	9941288	913490	912995	495	0
hprcv2-25k	NA19700_hap2_hprc_r2_v1.0.1.merged	edit-distance	256	heuristic	2453785806	177892080	6769756	51123699	4.31	82012	3.05	12880	1.13	4504	67.56	17243688	913490	869158	44332	0
hprcv2-25k	NA19700_hap2_hprc_r2_v1.0.1.merged	edit-distance	32	heuristic	2453785806	361095495	27430186	105500430	4.32	86048	5.39	12920	3.21	4612	31.4	11559940	913490	912171	1319	0
hprcv2-25k	NA19700_hap2_hprc_r2_v1.0.1.merged	edit-distance	64	heuristic	2453785806	264469289	16291584	76736422	4.26	83496	4.2	12604	2.1	4584	34.8	12722096	913490	908030	5460	0
hprcv2-25k	NA19776_hap1_hprc_r2_v1.0.1.merged	diagonal-distance	16	heuristic	2042174365	212219405	14513165	65402524	3.26	90172	3.44	18176	1.65	4704	55.14	30601900	810495	809030	1465	0
hprcv2-25k	NA19776_hap1_hprc_r2_v1.0.1.merged	diagonal-distance	32	heuristic	2042174365	175127675	9427749	52153319	3.63	88504	2.93	18240	1.19	4540	84.11	40643188	810495	806289	4206	0
hprcv2-25k	NA19776_hap1_hprc_r2_v1.0.1.merged	diagonal-distance	64	heuristic	2042174365	153630900	6507154	44401364	3.46	87892	2.59	18068	0.93	4528	118.24	48099208	810495	794215	16280	0
hprcv2-25k	NA19776_hap1_hprc_r2_v1.0.1.merged	edit-distance	128	heuristic	2042174365	178609193	8241542	51675917	3.74	81924	2.94	11972	1.23	4456	37.42	16148016	810495	785939	24556	0
hprcv2-25k	NA19776_hap1_hprc_r2_v1.0.1.merged	edit-distance	16	heuristic	2042174365	438893554	39329393	131674101	3.95	96876	6.25	18308	4.3	4624	36.19	8929140	810495	810040	455	0
hprcv2-25k	NA19776_hap1_hprc_r2_v1.0.1.merged	edit-distance	256	heuristic	2042174365	152471237	5388053	43640483	3.65	88292	2.62	18124	0.94	4356	58.39	14508252	810495	771365	39130	0
hprcv2-25k	NA19776_hap1_hprc_r2_v1.0.1.merged	edit-distance	32	heuristic	2042174365	305012995	22514486	89240818	3.61	85984	4.63	12080	2.7	4596	28.92	13439460	810495	809265	1230	0
hprcv2-25k	NA19776_hap1_hprc_r2_v1.0.1.merged	edit-distance	64	heuristic	2042174365	224646434	13286479	65116366	3.62	83348	3.54	11760	1.75	4700	31.69	14416640	810495	805338	5157	0
hprcv2-25k	NA19776_hap2_hprc_r2_v1.0.1.merged	diagonal-distance	16	heuristic	2346922431	242836490	16710689	74895201	4.14	93028	3.89	17144	1.87	4616	112.13	42351716	926747	925072	1675	0
hprcv2-25k	NA19776_hap2_hprc_r2_v1.0.1.merged	diagonal-distance	32	heuristic	2346922431	200661912	10916249	59806432	4.39	91604	3.37	19116	1.37	4708	158.4	53133648	926747	921785	4962	0
hprcv2-25k	NA19776_hap2_hprc_r2_v1.0.1.merged	diagonal-distance	64	heuristic	2346922431	176297621	7604406	51017881	4.11	91728	2.94	19024	1.06	4728	224.54	60473736	926747	907761	18986	0
hprcv2-25k	NA19776_hap2_hprc_r2_v1.0.1.merged	edit-distance	128	heuristic	2346922431	204900458	9608008	59389657	4.29	90856	3.41	19040	1.43	4776	41.97	15662940	926747	898125	28622	0
hprcv2-25k	NA19776_hap2_hprc_r2_v1.0.1.merged	edit-distance	16	heuristic	2346922431	503265428	45246212	150941497	4.66	91752	7.2	13084	4.9	4944	41.62	10465392	926747	926183	564	0
hprcv2-25k	NA19776_hap2_hprc_r2_v1.0.1.merged	edit-distance	256	heuristic	2346922431	174953368	6328419	50164893	4.04	93180	3	19152	1.09	4724	65.31	15711092	926747	880069	46678	0
hprcv2-25k	NA19776_hap2_hprc_r2_v1.0.1.merged	edit-distance	32	heuristic	2346922431	349419398	25919379	102234302	4.21	95100	5.49	18940	3.08	4584	32.7	12939788	926747	925375	1372	0
hprcv2-25k	NA19776_hap2_hprc_r2_v1.0.1.merged	edit-distance	64	heuristic	2346922431	257386977	15354828	74683456	3.97	92444	4.12	19140	2.03	4852	35.24	14895868	926747	920828	5919	0
hprcv2-25k	NA19835_hap1_hprc_r2_v1.0.1.merged	diagonal-distance	16	heuristic	2103345088	214053044	15109515	66166727	3.67	88548	3.45	18008	1.66	4780	61.06	34112404	789160	787706	1454	0
hprcv2-25k	NA19835_hap1_hprc_r2_v1.0.1.merged	diagonal-distance	32	heuristic	2103345088	175554031	9797707	52379091	3.55	87048	2.88	17960	1.2	4588	88.83	43801472	789160	784747	4413	0
hprcv2-25k	NA19835_hap1_hprc_r2_v1.0.1.merged	diagonal-distance	64	heuristic	2103345088	153457606	6786343	44397106	3.37	86648	2.56	17756	0.94	4520	120.5	50148100	789160	772771	16389	0
hprcv2-25k	NA19835_hap1_hprc_r2_v1.0.1.merged	edit-distance	128	heuristic	2103345088	178994212	8570831	51686880	3.76	87136	2.97	17912	1.26	4572	36.21	16174328	789160	763943	25217	0
hprcv2-25k	NA19835_hap1_hprc_r2_v1.0.1.merged	edit-distance	16	heuristic	2103345088	447080423	40662649	133604949	3.84	96084	6.32	18016	4.44	4676	33.61	9723296	789160	788657	503	0
hprcv2-25k	NA19835_hap1_hprc_r2_v1.0.1.merged	edit-distance	256	heuristic	2103345088	152083975	5614579	43412589	3.64	86148	2.61	17896	0.96	4504	58.74	16586416	789160	747783	41377	0
hprcv2-25k	NA19835_hap1_hprc_r2_v1.0.1.merged	edit-distance	32	heuristic	2103345088	309459696	23302919	90112603	3.7	90272	4.62	17728	2.77	4684	26.93	12008676	789160	787940	1220	0
hprcv2-25k	NA19835_hap1_hprc_r2_v1.0.1.merged	edit-distance	64	heuristic	2103345088	226535368	13769284	65418379	3.74	88220	3.57	17988	1.81	4684	29.78	14580936	789160	784138	5022	0
hprcv2-25k	NA19835_hap2_hprc_r2_v1.0.1.merged	diagonal-distance	16	heuristic	2124707062	221697397	15489566	68518473	3.64	89416	3.57	18176	1.72	4616	53.7	30058648	830353	828799	1554	0
hprcv2-25k	NA19835_hap2_hprc_r2_v1.0.1.merged	diagonal-distance	32	heuristic	2124707062	182453553	10076493	54462408	3.6	88704	3.04	18112	1.25	4596	66.82	32692540	830353	825901	4452	0
hprcv2-25k	NA19835_hap2_hprc_r2_v1.0.1.merged	diagonal-distance	64	heuristic	2124707062	159799393	6983802	46267402	3.66	87700	2.62	18260	0.96	4552	100.71	40502012	830353	813708	16645	0
hprcv2-25k	NA19835_hap2_hprc_r2_v1.0.1.merged	edit-distance	128	heuristic	2124707062	185376889	8730487	53562491	3.71	87508	3.07	14132	1.31	4500	36.66	14389404	830353	805222	25131	0
hprcv2-25k	NA19835_hap2_hprc_r2_v1.0.1.merged	edit-distance	16	heuristic	2124707062	457067234	41189108	136765630	4.19	95112	6.52	18368	4.5	4668	36.13	9669488	830353	829835	518	0
hprcv2-25k	NA19835_hap2_hprc_r2_v1.0.1.merged	edit-distance	256	heuristic	2124707062	157881440	5712091	45093079	3.81	88856	2.71	18176	0.99	4572	58.44	14404760	830353	789474	40879	0
hprcv2-25k	NA19835_hap2_hprc_r2_v1.0.1.merged	edit-distance	32	heuristic	2124707062	317443106	23649424	92637123	3.83	91360	4.77	20288	2.82	4640	28.14	11272796	830353	829078	1275	0
hprcv2-25k	NA19835_hap2_hprc_r2_v1.0.1.merged	edit-distance	64	heuristic	2124707062	233581733	14014097	67559490	3.7	89704	3.74	18104	1.81	4684	30.89	12252144	830353	825050	5303	0
hprcv2-25k	NA19909_hap1_hprc_r2_v1.0.1.merged	diagonal-distance	16	heuristic	1780990024	178406089	12729160	55263810	3.07	88360	2.86	16600	1.39	4424	44.71	31101612	640517	639337	1180	0
hprcv2-25k	NA19909_hap1_hprc_r2_v1.0.1.merged	diagonal-distance	32	heuristic	1780990024	145711608	8238917	43569221	2.97	86484	2.35	16396	0.99	4448	61.36	36806772	640517	637050	3467	0
hprcv2-25k	NA19909_hap1_hprc_r2_v1.0.1.merged	diagonal-distance	64	heuristic	1780990024	126945673	5693440	36797033	3.12	81984	2.11	10452	0.78	4284	99.09	50019224	640517	627407	13110	0
hprcv2-25k	NA19909_hap1_hprc_r2_v1.0.1.merged	edit-distance	128	heuristic	1780990024	148839026	7214088	43039399	2.99	83768	2.43	12204	1.05	4384	31.23	15164072	640517	620699	19818	0
hprcv2-25k	NA19909_hap1_hprc_r2_v1.0.1.merged	edit-distance	16	heuristic	1780990024	376677524	34233956	112575033	3.43	94548	5.32	18572	3.72	4656	29.74	9851944	640517	640162	355	0
hprcv2-25k	NA19909_hap1_hprc_r2_v1.0.1.merged	edit-distance	256	heuristic	1780990024	126050390	4734066	36058145	2.99	86896	2.13	16588	0.79	4284	49.52	16549124	640517	608693	31824	0
hprcv2-25k	NA19909_hap1_hprc_r2_v1.0.1.merged	edit-distance	32	heuristic	1780990024	259556314	19599255	75606923	3.12	93084	3.87	16612	2.32	4584	23.7	11152828	640517	639497	1020	0
hprcv2-25k	NA19909_hap1_hprc_r2_v1.0.1.merged	edit-distance	64	heuristic	1780990024	189194559	11580653	54660050	2.92	89040	2.94	16620	1.48	4340	25.83	13962116	640517	636421	4096	0
hprcv2-25k	NA19909_hap2_hprc_r2_v1.0.1.merged	diagonal-distance	16	heuristic	2065164170	206886904	14897370	64560205	3.42	90424	3.3	17596	1.63	4648	50.95	30793040	746602	745152	1450	0
hprcv2-25k	NA19909_hap2_hprc_r2_v1.0.1.merged	diagonal-distance	32	heuristic	2065164170	168990329	9684354	51000074	3.61	83492	2.76	11448	1.18	4484	56.64	28908532	746602	742473	4129	0
hprcv2-25k	NA19909_hap2_hprc_r2_v1.0.1.merged	diagonal-distance	64	heuristic	2065164170	147104839	6706638	43095356	3.32	89068	2.49	17536	0.91	4440	85.93	36571264	746602	730662	15940	0
hprcv2-25k	NA19909_hap2_hprc_r2_v1.0.1.merged	edit-distance	128	heuristic	2065164170	172447297	8450023	50278550	3.56	89928	2.87	19656	1.23	4452	36.11	14709404	746602	721763	24839	0
hprcv2-25k	NA19909_hap2_hprc_r2_v1.0.1.merged	edit-distance	16	heuristic	2065164170	436921234	39933850	131134544	3.82	95868	6.17	13588	4.38	4800	33.52	9489656	746602	746098	504	0
hprcv2-25k	NA19909_hap2_hprc_r2_v1.0.1.merged	edit-distance	256	heuristic	2065164170	145635505	5519961	42050695	3.53	89452	2.48	17592	0.93	4496	58.38	16462800	746602	705881	40721	0
hprcv2-25k	NA19909_hap2_hprc_r2_v1.0.1.merged	edit-distance	32	heuristic	2065164170	301121851	22906896	88215732	3.68	89000	4.46	11568	3	4620	27.12	11053888	746602	745422	1180	0
hprcv2-25k	NA19909_hap2_hprc_r2_v1.0.1.merged	edit-distance	64	heuristic	2065164170	219347752	13564952	63863245	3.3	90840	3.42	17588	1.76	4600	30.12	12804056	746602	741782	4820	0
hprcv2-25k	NA20129_mat_hprc_r2_v1.0.1.merged	diagonal-distance	16	heuristic	2179057549	224881762	15408724	69235740	3.92	90520	3.67	18476	1.74	4548	67.31	33053180	858693	857122	1571	0
hprcv2-25k	NA20129_mat_hprc_r2_v1.0.1.merged	diagonal-distance	32	heuristic	2179057549	185302307	9973335	55081847	3.93	81572	3.11	12436	1.28	4628	71.94	34678984	858693	854052	4641	0
hprcv2-25k	NA20129_mat_hprc_r2_v1.0.1.merged	diagonal-distance	64	heuristic	2179057549	162417854	6863539	46825673	3.71	81556	2.72	12388	0.98	4600	94.91	38571212	858693	840939	17754	0
hprcv2-25k	NA20129_mat_hprc_r2_v1.0.1.merged	edit-distance	128	heuristic	2179057549	189214444	8729484	54559204	3.65	87480	3.16	18408	1.3	4504	38.67	16903052	858693	831656	27037	0
hprcv2-25k	NA20129_mat_hprc_r2_v1.0.1.merged	edit-distance	16	heuristic	2179057549	467416825	41816320	139687435	4.22	94320	6.69	18668	4.58	4668	39.22	9238228	858693	858172	521	0
hprcv2-25k	NA20129_mat_hprc_r2_v1.0.1.merged	edit-distance	256	heuristic	2179057549	161328562	5685812	45989826	3.73	87652	2.77	18448	1	4544	60	15214844	858693	815220	43473	0
hprcv2-25k	NA20129_mat_hprc_r2_v1.0.1.merged	edit-distance	32	heuristic	2179057549	324262611	23889229	94425037	3.71	91288	4.91	18684	2.84	4672	29.52	13162612	858693	857392	1301	0
hprcv2-25k	NA20129_mat_hprc_r2_v1.0.1.merged	edit-distance	64	heuristic	2179057549	238373128	14077591	68797547	3.91	89012	3.76	18628	1.87	4760	31.96	13458656	858693	853105	5588	0
hprcv2-25k	NA20129_pat_hprc_r2_v1.0.1.merged	diagonal-distance	16	heuristic	2630129931	262394388	18496276	81300301	4.5	83064	4.27	13324	2.07	4668	79.86	34729300	974403	972645	1758	0
hprcv2-25k	NA20129_pat_hprc_r2_v1.0.1.merged	diagonal-distance	32	heuristic	2630129931	215273867	12009589	64441136	4.73	88848	3.53	19392	1.48	4672	89.79	36264404	974403	969265	5138	0
hprcv2-25k	NA20129_pat_hprc_r2_v1.0.1.merged	diagonal-distance	64	heuristic	2630129931	188024830	8297299	54591504	4.48	82912	3.19	13276	1.14	4696	135.35	44959244	974403	954820	19583	0
hprcv2-25k	NA20129_pat_hprc_r2_v1.0.1.merged	edit-distance	128	heuristic	2630129931	220299083	10567286	63756995	4.68	82956	3.65	13312	1.56	4604	44.62	15245444	974403	944898	29505	0
hprcv2-25k	NA20129_pat_hprc_r2_v1.0.1.merged	edit-distance	16	heuristic	2630129931	555869387	50629239	166037617	5.03	90876	7.86	13392	5.5	4588	40.74	8685700	974403	973807	596	0
hprcv2-25k	NA20129_pat_hprc_r2_v1.0.1.merged	edit-distance	256	heuristic	2630129931	186769527	6896837	53481747	4.41	82540	3.2	13428	1.18	4736	71.64	16413108	974403	926077	48326	0
hprcv2-25k	NA20129_pat_hprc_r2_v1.0.1.merged	edit-distance	32	heuristic	2630129931	383083929	28938823	111717180	4.72	92216	5.7	19528	3.46	4652	33.5	11127412	974403	972966	1437	0
hprcv2-25k	NA20129_pat_hprc_r2_v1.0.1.merged	edit-distance	64	heuristic	2630129931	279528983	17044186	80881410	4.77	89856	4.44	19388	2.22	4772	37.38	13893204	974403	968320	6083	0
hprcv2-25k	NA20282_hap1_hprc_r2_v1.0.1.merged	diagonal-distance	16	heuristic	2288576532	230620149	16285103	70868248	3.9	83896	3.69	12316	1.79	4788	59.84	31462068	835941	834325	1616	0
hprcv2-25k	NA20282_hap1_hprc_r2_v1.0.1.merged	diagonal-distance	32	heuristic	2288576532	188603367	10500768	55839135	3.66	82508	3.09	12236	1.28	4444	90.55	40554548	835941	831319	4622	0
hprcv2-25k	NA20282_hap1_hprc_r2_v1.0.1.merged	diagonal-distance	64	heuristic	2288576532	164470919	7219126	47139966	3.8	88236	2.69	18384	0.98	4456	169.57	62184528	835941	818268	17673	0
hprcv2-25k	NA20282_hap1_hprc_r2_v1.0.1.merged	edit-distance	128	heuristic	2288576532	192840564	9212044	55217755	3.9	88660	3.16	18428	1.34	4500	39.98	15926416	835941	809311	26630	0
hprcv2-25k	NA20282_hap1_hprc_r2_v1.0.1.merged	edit-distance	16	heuristic	2288576532	486227635	44306379	144908398	4.37	95708	6.92	12324	4.77	4804	39.3	8035892	835941	835412	529	0
hprcv2-25k	NA20282_hap1_hprc_r2_v1.0.1.merged	edit-distance	256	heuristic	2288576532	163568706	6024693	46287421	3.58	89092	2.75	18332	1.02	4476	63.65	16524372	835941	792703	43238	0
hprcv2-25k	NA20282_hap1_hprc_r2_v1.0.1.merged	edit-distance	32	heuristic	2288576532	335226676	25292785	97241863	3.97	90464	4.98	18424	2.99	4744	29.94	10623012	835941	834616	1325	0
hprcv2-25k	NA20282_hap1_hprc_r2_v1.0.1.merged	edit-distance	64	heuristic	2288576532	244558423	14870105	70197833	3.8	89900	3.83	18224	1.97	4764	32.97	13044896	835941	830401	5540	0
hprcv2-25k	NA20282_hap2_hprc_r2_v1.0.1.merged	diagonal-distance	16	heuristic	1963376775	197694115	14087925	61054670	3.37	88924	3.15	10896	1.56	4364	57.05	29755668	718267	716897	1370	0
hprcv2-25k	NA20282_hap2_hprc_r2_v1.0.1.merged	diagonal-distance	32	heuristic	1963376775	161014647	9009860	47894647	3.26	81512	2.78	11048	1.1	4304	70.07	31636024	718267	714372	3895	0
hprcv2-25k	NA20282_hap2_hprc_r2_v1.0.1.merged	diagonal-distance	64	heuristic	1963376775	140481978	6205094	40472472	3.31	85996	2.31	17248	0.85	4200	101.76	39137884	718267	703554	14713	0
hprcv2-25k	NA20282_hap2_hprc_r2_v1.0.1.merged	edit-distance	128	heuristic	1963376775	164687168	7912396	47296895	3.3	80992	2.72	11020	1.14	4272	33.73	16071444	718267	696091	22176	0
hprcv2-25k	NA20282_hap2_hprc_r2_v1.0.1.merged	edit-distance	16	heuristic	1963376775	415580218	38139672	124079446	3.77	94232	5.94	16980	4.14	4724	32.93	8458740	718267	717816	451	0
hprcv2-25k	NA20282_hap2_hprc_r2_v1.0.1.merged	edit-distance	256	heuristic	1963376775	139471039	5137941	39565348	3.24	80456	2.39	10952	0.88	4340	57.27	16672548	718267	682546	35721	0
hprcv2-25k	NA20282_hap2_hprc_r2_v1.0.1.merged	edit-distance	32	heuristic	1963376775	287025824	21834555	83450831	3.41	90532	4.27	17216	2.58	4508	25.48	10715176	718267	717146	1121	0
hprcv2-25k	NA20282_hap2_hprc_r2_v1.0.1.merged	edit-distance	64	heuristic	1963376775	209333141	12838685	60257770	3.17	88512	3.27	17028	1.65	4464	28.17	13113500	718267	713624	4643	0
hprcv2-25k	NA20346_hap1_hprc_r2_v1.0.1.merged	diagonal-distance	16	heuristic	2122265254	219654676	15526172	67763706	3.45	90088	3.52	18012	1.72	4556	47.46	29321772	796474	794933	1541	0
hprcv2-25k	NA20346_hap1_hprc_r2_v1.0.1.merged	diagonal-distance	32	heuristic	2122265254	180182635	10094285	53640836	3.66	88276	2.92	15900	1.24	4588	54.65	28794708	796474	791977	4497	0
hprcv2-25k	NA20346_hap1_hprc_r2_v1.0.1.merged	diagonal-distance	64	heuristic	2122265254	157784584	7051134	45559618	3.7	84072	2.58	19936	0.95	4564	92.44	37203904	796474	780015	16459	0
hprcv2-25k	NA20346_hap1_hprc_r2_v1.0.1.merged	edit-distance	128	heuristic	2122265254	183304729	8808986	52872614	3.61	89300	2.99	17848	1.29	4508	36.46	15232972	796474	772157	24317	0
hprcv2-25k	NA20346_hap1_hprc_r2_v1.0.1.merged	edit-distance	16	heuristic	2122265254	454651483	41079959	135925583	4.24	95332	6.41	17888	4.49	4712	37.44	9938084	796474	795974	500	0
hprcv2-25k	NA20346_hap1_hprc_r2_v1.0.1.merged	edit-distance	256	heuristic	2122265254	156094682	5832642	44503919	3.51	84252	2.65	17856	1.03	4516	57.66	15969276	796474	757926	38548	0
hprcv2-25k	NA20346_hap1_hprc_r2_v1.0.1.merged	edit-distance	32	heuristic	2122265254	315119200	23582601	91700991	3.33	93216	4.7	18120	2.81	4764	27.74	12264560	796474	795198	1276	0
hprcv2-25k	NA20346_hap1_hprc_r2_v1.0.1.merged	edit-distance	64	heuristic	2122265254	231308982	14010871	66703570	3.67	91644	3.59	17964	1.82	4832	30.31	13262616	796474	791086	5388	0
hprcv2-25k	NA20346_hap2_hprc_r2_v1.0.1.merged	diagonal-distance	16	heuristic	1903611869	192036001	13897036	59794472	3.23	85208	3.12	10956	1.53	4612	52.96	32222344	691214	689797	1417	0
hprcv2-25k	NA20346_hap2_hprc_r2_v1.0.1.merged	diagonal-distance	32	heuristic	1903611869	155996223	8924868	46885748	3.1	90792	2.58	16980	1.08	4488	63.8	35086588	691214	687099	4115	0
hprcv2-25k	NA20346_hap2_hprc_r2_v1.0.1.merged	diagonal-distance	64	heuristic	1903611869	135259613	6096359	39387321	3.13	88984	2.3	17176	0.83	4616	95.44	42487256	691214	675723	15491	0
hprcv2-25k	NA20346_hap2_hprc_r2_v1.0.1.merged	edit-distance	128	heuristic	1903611869	158766061	7701110	45994139	3.15	84372	2.64	10996	1.13	4564	33.69	14964876	691214	667985	23229	0
hprcv2-25k	NA20346_hap2_hprc_r2_v1.0.1.merged	edit-distance	16	heuristic	1903611869	404875944	37085048	121451168	3.51	99488	5.74	17300	4.03	4764	30.08	9750384	691214	690753	461	0
hprcv2-25k	NA20346_hap2_hprc_r2_v1.0.1.merged	edit-distance	256	heuristic	1903611869	133769429	4963162	38303844	3.17	84500	2.32	10988	0.85	4576	53.36	15025432	691214	653539	37675	0
hprcv2-25k	NA20346_hap2_hprc_r2_v1.0.1.merged	edit-distance	32	heuristic	1903611869	278702788	21227277	81463138	3.33	87648	4.13	11032	2.51	4784	25.68	12154264	691214	690030	1184	0
hprcv2-25k	NA20346_hap2_hprc_r2_v1.0.1.merged	edit-distance	64	heuristic	1903611869	202721936	12507065	58736977	3.29	85628	3.18	10948	1.62	4840	28.04	12269376	691214	686383	4831	0
hprcv2-25k	NA20503_hap1_hprc_r2_v1.0.1.merged	diagonal-distance	16	heuristic	2054454129	216139232	14889131	66778564	3.62	87584	3.52	12028	1.69	4768	148.94	57661424	827448	826044	1404	0
hprcv2-25k	NA20503_hap1_hprc_r2_v1.0.1.merged	diagonal-distance	32	heuristic	2054454129	178317680	9679882	53243182	3.8	79948	2.99	12100	1.19	4608	138.17	58463408	827448	823241	4207	0
hprcv2-25k	NA20503_hap1_hprc_r2_v1.0.1.merged	diagonal-distance	64	heuristic	2054454129	156654254	6728056	45421819	3.77	79756	2.64	12184	0.95	4516	142.78	57962088	827448	810596	16852	0
hprcv2-25k	NA20503_hap1_hprc_r2_v1.0.1.merged	edit-distance	128	heuristic	2054454129	181304856	8415719	52594635	3.46	85920	3.05	18160	1.27	4464	37.72	17676100	827448	801868	25580	0
hprcv2-25k	NA20503_hap1_hprc_r2_v1.0.1.merged	edit-distance	16	heuristic	2054454129	442925595	39733273	133088550	4.04	92152	6.32	18412	4.34	4720	36.72	8918152	827448	826962	486	0
hprcv2-25k	NA20503_hap1_hprc_r2_v1.0.1.merged	edit-distance	256	heuristic	2054454129	154898274	5524125	44474198	3.74	79484	2.66	12104	0.97	4540	58.96	16073724	827448	785133	42315	0
hprcv2-25k	NA20503_hap1_hprc_r2_v1.0.1.merged	edit-distance	32	heuristic	2054454129	308438089	22813574	90423832	3.56	89372	4.69	14336	2.76	4772	28.88	11081584	827448	826243	1205	0
hprcv2-25k	NA20503_hap1_hprc_r2_v1.0.1.merged	edit-distance	64	heuristic	2054454129	227687837	13506974	66137906	3.54	80904	3.65	18236	1.78	4684	31.63	16201452	827448	822308	5140	0
hprcv2-25k	NA20503_hap2_hprc_r2_v1.0.1.merged	diagonal-distance	16	heuristic	2082274135	227640775	15350331	70043174	3.85	88900	3.71	18888	1.74	4588	49.65	26968668	896494	894924	1570	0
hprcv2-25k	NA20503_hap2_hprc_r2_v1.0.1.merged	diagonal-distance	32	heuristic	2082274135	189114013	10037324	56241029	3.67	80680	3.17	12744	1.26	4532	56.54	28234016	896494	892076	4418	0
hprcv2-25k	NA20503_hap2_hprc_r2_v1.0.1.merged	diagonal-distance	64	heuristic	2082274135	166732384	6981032	48159118	3.96	81156	2.81	12692	1	4476	95.52	38932036	896494	879539	16955	0
hprcv2-25k	NA20503_hap2_hprc_r2_v1.0.1.merged	edit-distance	128	heuristic	2082274135	191511547	8671960	55450451	3.9	87476	3.19	18788	1.31	4680	38.38	15403916	896494	870685	25809	0
hprcv2-25k	NA20503_hap2_hprc_r2_v1.0.1.merged	edit-distance	16	heuristic	2082274135	457263015	40524912	137328235	4.06	87408	6.58	12776	4.47	4672	35.94	8521776	896494	896001	493	0
hprcv2-25k	NA20503_hap2_hprc_r2_v1.0.1.merged	edit-distance	256	heuristic	2082274135	164687897	5726827	47194647	3.98	86468	2.85	18804	1.03	4512	59.3	15935500	896494	854747	41747	0
hprcv2-25k	NA20503_hap2_hprc_r2_v1.0.1.merged	edit-distance	32	heuristic	2082274135	320355476	23284206	93840698	3.43	83856	4.86	12604	2.76	4664	29.6	11323120	896494	895169	1325	0
hprcv2-25k	NA20503_hap2_hprc_r2_v1.0.1.merged	edit-distance	64	heuristic	2082274135	238382774	13824493	69151146	3.96	88596	3.81	18900	1.86	4628	32.21	13591108	896494	891195	5299	0
hprcv2-25k	NA20752_hap1_hprc_r2_v1.0.1.merged	diagonal-distance	16	heuristic	1956180247	216159296	14927875	66440138	3.61	89108	3.49	13948	1.69	4676	62.13	32167008	819732	818122	1610	0
hprcv2-25k	NA20752_hap1_hprc_r2_v1.0.1.merged	diagonal-distance	32	heuristic	1956180247	179506659	9844085	53306535	3.63	83752	2.97	14232	1.21	4380	82.13	37936972	819732	815124	4608	0
hprcv2-25k	NA20752_hap1_hprc_r2_v1.0.1.merged	diagonal-distance	64	heuristic	1956180247	157915982	6870325	45485062	3.5	82880	2.63	14176	0.95	4504	105.7	42156544	819732	801816	17916	0
hprcv2-25k	NA20752_hap1_hprc_r2_v1.0.1.merged	edit-distance	128	heuristic	1956180247	180462993	8350336	52008496	3.3	87664	3.03	18184	1.24	4500	35.7	15831064	819732	793161	26571	0
hprcv2-25k	NA20752_hap1_hprc_r2_v1.0.1.merged	edit-distance	16	heuristic	1956180247	430860459	38591332	129444755	4.08	93380	6.31	12232	4.39	4760	35.1	8467204	819732	819176	556	0
hprcv2-25k	NA20752_hap1_hprc_r2_v1.0.1.merged	edit-distance	256	heuristic	1956180247	154896166	5521617	44100052	3.67	87852	2.64	18336	0.97	4540	55.61	16677036	819732	776779	42953	0
hprcv2-25k	NA20752_hap1_hprc_r2_v1.0.1.merged	edit-distance	32	heuristic	1956180247	302578384	22313507	88495241	3.59	85276	4.61	12196	2.68	4756	27.33	11039692	819732	818384	1348	0
hprcv2-25k	NA20752_hap1_hprc_r2_v1.0.1.merged	edit-distance	64	heuristic	1956180247	225222364	13318351	65124630	3.6	89048	3.59	18276	1.79	4764	29.69	12869472	819732	814172	5560	0
hprcv2-25k	NA20752_hap2_hprc_r2_v1.0.1.merged	diagonal-distance	16	heuristic	2372272085	253048067	17202798	77670528	4.31	84596	4.04	15456	1.92	4700	201.72	59869772	969952	968178	1774	0
hprcv2-25k	NA20752_hap2_hprc_r2_v1.0.1.merged	diagonal-distance	32	heuristic	2372272085	209730406	11248274	62173170	4.22	85348	3.52	15216	1.41	4592	170.73	60717528	969952	964688	5264	0
hprcv2-25k	NA20752_hap2_hprc_r2_v1.0.1.merged	diagonal-distance	64	heuristic	2372272085	184780291	7855735	53173354	4.13	84568	3.04	15412	1.09	4576	166.16	59431804	969952	950377	19575	0
hprcv2-25k	NA20752_hap2_hprc_r2_v1.0.1.merged	edit-distance	128	heuristic	2372272085	213141868	9805505	61494939	4.31	89908	3.54	19508	1.49	4616	43.02	15415756	969952	940227	29725	0
hprcv2-25k	NA20752_hap2_hprc_r2_v1.0.1.merged	edit-distance	16	heuristic	2372272085	514956963	45787144	154251990	4.67	91068	7.36	15628	5.01	5056	42.66	9405020	969952	969387	565	0
hprcv2-25k	NA20752_hap2_hprc_r2_v1.0.1.merged	edit-distance	256	heuristic	2372272085	182768008	6469593	52107141	4.2	89184	3.13	21376	1.15	4596	66.99	15583992	969952	921350	48602	0
hprcv2-25k	NA20752_hap2_hprc_r2_v1.0.1.merged	edit-distance	32	heuristic	2372272085	359526268	26283755	104899149	4.26	93060	5.47	19592	3.16	4760	33.48	12610116	969952	968484	1468	0
hprcv2-25k	NA20752_hap2_hprc_r2_v1.0.1.merged	edit-distance	64	heuristic	2372272085	266398873	15615757	76981003	4.2	90596	4.25	19600	2.07	4712	36.47	14773096	969952	963914	6038	0
hprcv2-25k	NA20762_hap1_hprc_r2_v1.0.1.merged	diagonal-distance	16	heuristic	1968268517	207828610	14625861	64538321	3.53	88196	3.39	15816	1.6	4604	160.61	60331220	777865	776334	1531	0
hprcv2-25k	NA20762_hap1_hprc_r2_v1.0.1.merged	diagonal-distance	32	heuristic	1968268517	171838849	9642266	51643886	3.57	86932	2.87	17844	1.22	4620	134.21	60580048	777865	773417	4448	0
hprcv2-25k	NA20762_hap1_hprc_r2_v1.0.1.merged	diagonal-distance	64	heuristic	1968268517	150832854	6757597	44040129	3.25	86664	2.53	17984	0.93	4496	130.49	58474580	777865	761028	16837	0
hprcv2-25k	NA20762_hap1_hprc_r2_v1.0.1.merged	edit-distance	128	heuristic	1968268517	173718982	8282741	50566433	3.51	87256	2.9	17876	1.23	4412	35.4	16764548	777865	752531	25334	0
hprcv2-25k	NA20762_hap1_hprc_r2_v1.0.1.merged	edit-distance	16	heuristic	1968268517	424400719	38517729	127770434	3.77	88668	6.13	13828	4.24	4768	32.81	8184388	777865	777372	493	0
hprcv2-25k	NA20762_hap1_hprc_r2_v1.0.1.merged	edit-distance	256	heuristic	1968268517	148012731	5429461	42600743	3.33	87124	2.56	17736	0.93	4508	54.66	16033024	777865	737090	40775	0
hprcv2-25k	NA20762_hap1_hprc_r2_v1.0.1.merged	edit-distance	32	heuristic	1968268517	295516876	22194442	86835583	3.55	84436	4.46	18008	2.64	4840	26.72	10056684	777865	776632	1233	0
hprcv2-25k	NA20762_hap1_hprc_r2_v1.0.1.merged	edit-distance	64	heuristic	1968268517	218411475	13234348	63619698	3.57	88260	3.48	15936	1.73	4684	29.43	14317528	777865	772668	5197	0
hprcv2-25k	NA20762_hap2_hprc_r2_v1.0.1.merged	diagonal-distance	16	heuristic	1907763738	197931821	14041810	61499205	3.31	88880	3.2	19480	1.59	4696	73.29	34405524	732687	731237	1450	0
hprcv2-25k	NA20762_hap2_hprc_r2_v1.0.1.merged	diagonal-distance	32	heuristic	1907763738	162791324	9182255	48907676	3.42	87100	2.67	13200	1.12	4436	127.66	49398608	732687	728686	4001	0
hprcv2-25k	NA20762_hap2_hprc_r2_v1.0.1.merged	diagonal-distance	64	heuristic	1907763738	142261938	6368059	41479929	3.11	87084	2.36	17500	0.87	4524	201.21	60753736	732687	717627	15060	0
hprcv2-25k	NA20762_hap2_hprc_r2_v1.0.1.merged	edit-distance	128	heuristic	1907763738	165081082	7913588	47989143	3.41	82208	2.74	11404	1.16	4608	35.32	15313424	732687	710492	22195	0
hprcv2-25k	NA20762_hap2_hprc_r2_v1.0.1.merged	edit-distance	16	heuristic	1907763738	409222431	37327149	123143342	3.54	94092	5.85	17428	4.06	4680	32.8	8308084	732687	732247	440	0
hprcv2-25k	NA20762_hap2_hprc_r2_v1.0.1.merged	edit-distance	256	heuristic	1907763738	140180477	5165716	40320356	3.34	80492	2.39	13348	0.88	4496	57.06	16387376	732687	696479	36208	0
hprcv2-25k	NA20762_hap2_hprc_r2_v1.0.1.merged	edit-distance	32	heuristic	1907763738	283808021	21458842	83344854	3.39	91504	4.33	17464	2.54	4588	26.79	9758828	732687	731513	1174	0
hprcv2-25k	NA20762_hap2_hprc_r2_v1.0.1.merged	edit-distance	64	heuristic	1907763738	208504921	12724472	60689220	3.25	88888	3.3	17484	1.66	4760	29.19	14722148	732687	728069	4618	0
hprcv2-25k	NA20799_hap1_hprc_r2_v1.0.1.merged	diagonal-distance	16	heuristic	1909153738	203903526	14335107	63117660	3.2	88132	3.32	17560	1.6	4452	57.32	27581060	765275	763997	1278	0
hprcv2-25k	NA20799_hap1_hprc_r2_v1.0.1.merged	diagonal-distance	32	heuristic	1909153738	168550081	9435643	50448543	5.92	80896	3.27	11488	1.16	4388	59	28555576	765275	761448	3827	0
hprcv2-25k	NA20799_hap1_hprc_r2_v1.0.1.merged	diagonal-distance	64	heuristic	1909153738	147568593	6543816	42832145	3.37	79952	2.49	17724	0.9	4588	100.18	35343084	765275	750511	14764	0
hprcv2-25k	NA20799_hap1_hprc_r2_v1.0.1.merged	edit-distance	128	heuristic	1909153738	169843399	8019393	49188954	3.42	86132	2.82	17672	1.18	4520	34.69	16191240	765275	743330	21945	0
hprcv2-25k	NA20799_hap1_hprc_r2_v1.0.1.merged	edit-distance	16	heuristic	1909153738	414450911	37488303	124479734	3.71	93148	5.95	17828	4.08	4864	33.5	7932624	765275	764866	409	0
hprcv2-25k	NA20799_hap1_hprc_r2_v1.0.1.merged	edit-distance	256	heuristic	1909153738	144680685	5216028	41367294	3.54	86268	2.55	17728	0.9	4528	56.02	15512356	765275	729318	35957	0
hprcv2-25k	NA20799_hap1_hprc_r2_v1.0.1.merged	edit-distance	32	heuristic	1909153738	289222132	21619299	84645344	3.4	89952	4.39	17676	2.57	4680	26.18	10491388	765275	764239	1036	0
hprcv2-25k	NA20799_hap1_hprc_r2_v1.0.1.merged	edit-distance	64	heuristic	1909153738	213574778	12864878	61934910	3.36	87764	3.4	17624	1.68	4528	28.83	13785404	765275	760795	4480	0
hprcv2-25k	NA20799_hap2_hprc_r2_v1.0.1.merged	diagonal-distance	16	heuristic	2011808451	215568439	14596738	66144507	3.73	82836	3.51	12304	1.65	4664	56.3	27849424	836964	835556	1408	0
hprcv2-25k	NA20799_hap2_hprc_r2_v1.0.1.merged	diagonal-distance	32	heuristic	2011808451	178950012	9551162	53039680	3.44	87148	3.01	18352	1.2	4464	66.35	30261992	836964	832804	4160	0
hprcv2-25k	NA20799_hap2_hprc_r2_v1.0.1.merged	diagonal-distance	64	heuristic	2011808451	157725201	6654787	45375436	3.6	87088	2.68	18296	0.94	4544	128.34	39587368	836964	820991	15973	0
hprcv2-25k	NA20799_hap2_hprc_r2_v1.0.1.merged	edit-distance	128	heuristic	2011808451	181662600	8292076	52363181	3.76	87496	3.02	18420	1.24	4456	36.59	15761500	836964	812396	24568	0
hprcv2-25k	NA20799_hap2_hprc_r2_v1.0.1.merged	edit-distance	16	heuristic	2011808451	437711119	39001820	131040967	4.14	91584	6.38	12292	4.31	4752	36.66	9277420	836964	836507	457	0
hprcv2-25k	NA20799_hap2_hprc_r2_v1.0.1.merged	edit-distance	256	heuristic	2011808451	155876159	5451858	44386164	3.55	86996	2.68	12304	0.97	4504	59.51	16142600	836964	797197	39767	0
hprcv2-25k	NA20799_hap2_hprc_r2_v1.0.1.merged	edit-distance	32	heuristic	2011808451	305965701	22387650	89283458	3.72	90640	4.66	18284	2.71	4704	27.92	10580948	836964	835820	1144	0
hprcv2-25k	NA20799_hap2_hprc_r2_v1.0.1.merged	edit-distance	64	heuristic	2011808451	226881210	13275643	65577399	3.65	88096	3.6	14212	1.77	4744	30.54	13160824	836964	832030	4934	0
hprcv2-25k	NA20805_hap1_hprc_r2_v1.0.1.merged	diagonal-distance	16	heuristic	1676474485	183257919	12573803	56307706	2.88	86228	2.96	17164	1.42	4772	53.21	29287772	699234	698004	1230	0
hprcv2-25k	NA20805_hap1_hprc_r2_v1.0.1.merged	diagonal-distance	32	heuristic	1676474485	151742635	8229073	45034839	3.05	79680	2.51	16976	1.03	4592	75.16	34293252	699234	695522	3712	0
hprcv2-25k	NA20805_hap1_hprc_r2_v1.0.1.merged	diagonal-distance	64	heuristic	1676474485	133533137	5740965	38458548	2.91	84888	2.22	17080	0.81	4560	113.84	42796716	699234	684921	14313	0
hprcv2-25k	NA20805_hap1_hprc_r2_v1.0.1.merged	edit-distance	128	heuristic	1676474485	153222318	7048203	44198900	2.96	85488	2.57	17148	1.06	4488	30.83	15637364	699234	677659	21575	0
hprcv2-25k	NA20805_hap1_hprc_r2_v1.0.1.merged	edit-distance	16	heuristic	1676474485	367651851	32643197	110337023	3.47	89360	5.25	17340	3.6	4644	28.65	9424396	699234	698829	405	0
hprcv2-25k	NA20805_hap1_hprc_r2_v1.0.1.merged	edit-distance	256	heuristic	1676474485	131423811	4647133	37438446	2.94	84628	2.25	17208	0.82	4452	48.78	14921024	699234	664087	35147	0
hprcv2-25k	NA20805_hap1_hprc_r2_v1.0.1.merged	edit-distance	32	heuristic	1676474485	257617232	18819052	75245595	2.99	81972	3.91	11132	2.27	4640	23.48	10298132	699234	698234	1000	0
hprcv2-25k	NA20805_hap1_hprc_r2_v1.0.1.merged	edit-distance	64	heuristic	1676474485	191316759	11214174	55306615	3.07	80592	3.04	17236	1.5	4596	25.97	13950068	699234	694838	4396	0
hprcv2-25k	NA20805_hap2_hprc_r2_v1.0.1.merged	diagonal-distance	16	heuristic	2468837364	264855838	17793443	80785705	4.44	91720	4.26	19960	2	4744	152.86	50356304	1026314	1024467	1847	0
hprcv2-25k	NA20805_hap2_hprc_r2_v1.0.1.merged	diagonal-distance	32	heuristic	2468837364	220289794	11657135	64843444	4.25	90800	3.62	19812	1.49	4580	145.66	53360052	1026314	1020985	5329	0
hprcv2-25k	NA20805_hap2_hprc_r2_v1.0.1.merged	diagonal-distance	64	heuristic	2468837364	194047496	8077878	55368986	4.15	90040	3.26	13796	1.16	4616	149.42	52273212	1026314	1006119	20195	0
hprcv2-25k	NA20805_hap2_hprc_r2_v1.0.1.merged	edit-distance	128	heuristic	2468837364	223261171	10049517	63840953	4.51	84292	3.7	13824	1.53	4728	45.08	15700880	1026314	995663	30651	0
hprcv2-25k	NA20805_hap2_hprc_r2_v1.0.1.merged	edit-distance	16	heuristic	2468837364	536988761	47679002	160345809	5	96236	7.77	19804	5.24	5016	45.7	8800260	1026314	1025682	632	0
hprcv2-25k	NA20805_hap2_hprc_r2_v1.0.1.merged	edit-distance	256	heuristic	2468837364	191568546	6574889	54091217	4.51	84764	3.29	13792	1.18	4584	71.95	16166684	1026314	976625	49689	0
hprcv2-25k	NA20805_hap2_hprc_r2_v1.0.1.merged	edit-distance	32	heuristic	2468837364	375750063	27362533	109231743	4.19	94240	5.69	19996	3.3	4692	34.23	11311192	1026314	1024782	1532	0
hprcv2-25k	NA20805_hap2_hprc_r2_v1.0.1.merged	edit-distance	64	heuristic	2468837364	279167458	16217164	80202792	4.49	84860	4.48	13788	2.13	4712	37.46	12939500	1026314	1020032	6282	0
hprcv2-25k	NA20806_hap1_hprc_r2_v1.0.1.merged	diagonal-distance	16	heuristic	2216769461	244655986	16675612	75429919	4.08	83800	4.02	13036	1.88	4588	55.11	29321872	954409	952746	1663	0
hprcv2-25k	NA20806_hap1_hprc_r2_v1.0.1.merged	diagonal-distance	32	heuristic	2216769461	203643164	10982721	60729542	4.03	81728	3.4	13148	1.36	4576	65.85	31832180	954409	949428	4981	0
hprcv2-25k	NA20806_hap1_hprc_r2_v1.0.1.merged	diagonal-distance	64	heuristic	2216769461	179826385	7702052	52094365	4.05	87220	3.03	17164	1.09	4520	103.5	40461108	954409	935234	19175	0
hprcv2-25k	NA20806_hap1_hprc_r2_v1.0.1.merged	edit-distance	128	heuristic	2216769461	205404447	9431758	59593724	4.06	81776	3.46	13204	1.41	4460	39.5	16807124	954409	925402	29007	0
hprcv2-25k	NA20806_hap1_hprc_r2_v1.0.1.merged	edit-distance	16	heuristic	2216769461	487647991	43533291	146582502	4.44	94068	7.08	19464	4.82	4700	40.92	8671828	954409	953888	521	0
hprcv2-25k	NA20806_hap1_hprc_r2_v1.0.1.merged	edit-distance	256	heuristic	2216769461	176834474	6248017	50721618	4.21	82448	3.04	13100	1.1	4500	61.08	14196724	954409	906985	47424	0
hprcv2-25k	NA20806_hap1_hprc_r2_v1.0.1.merged	edit-distance	32	heuristic	2216769461	342853089	25100868	100381713	4.12	85680	5.23	13244	3.07	4672	29.94	9447756	954409	953047	1362	0
hprcv2-25k	NA20806_hap1_hprc_r2_v1.0.1.merged	edit-distance	64	heuristic	2216769461	255452152	14976103	74161037	3.84	82596	4.13	13008	2.01	4636	32.95	14203464	954409	948469	5940	0
hprcv2-25k	NA20806_hap2_hprc_r2_v1.0.1.merged	diagonal-distance	16	heuristic	1581590368	166096766	11509129	51396018	2.64	83164	2.66	10328	1.29	4432	41.97	27958992	630302	629164	1138	0
hprcv2-25k	NA20806_hap2_hprc_r2_v1.0.1.merged	diagonal-distance	32	heuristic	1581590368	136871631	7493980	40945692	2.73	88124	2.29	16464	0.93	4432	51.24	30375056	630302	627068	3234	0
hprcv2-25k	NA20806_hap2_hprc_r2_v1.0.1.merged	diagonal-distance	64	heuristic	1581590368	119938830	5190923	34842761	2.71	85060	2.02	14276	0.72	4124	73.65	36143180	630302	617753	12549	0
hprcv2-25k	NA20806_hap2_hprc_r2_v1.0.1.merged	edit-distance	128	heuristic	1581590368	139219745	6521648	40480438	2.79	81356	2.3	12476	0.97	4452	30	15657580	630302	611860	18442	0
hprcv2-25k	NA20806_hap2_hprc_r2_v1.0.1.merged	edit-distance	16	heuristic	1581590368	341690141	30681049	102820519	3.02	88240	4.91	12380	3.38	4552	29.02	8850652	630302	629922	380	0
hprcv2-25k	NA20806_hap2_hprc_r2_v1.0.1.merged	edit-distance	256	heuristic	1581590368	118860535	4298428	34221844	2.81	81880	2.05	12412	0.73	4240	46.64	15768384	630302	600643	29659	0
hprcv2-25k	NA20806_hap2_hprc_r2_v1.0.1.merged	edit-distance	32	heuristic	1581590368	237499509	17597865	69683530	2.9	85016	3.57	12376	2.1	4488	23.02	10894660	630302	629389	913	0
hprcv2-25k	NA20806_hap2_hprc_r2_v1.0.1.merged	edit-distance	64	heuristic	1581590368	174959522	10420776	50889623	2.92	83696	2.78	12472	1.38	4396	25.44	13659960	630302	626323	3979	0
hprcv2-25k	NA20809_hap1_hprc_r2_v1.0.1.merged	diagonal-distance	16	heuristic	1850842977	200756080	13724686	61525563	3.37	88704	3.24	17716	1.53	4756	49.32	29321404	757515	756067	1448	0
hprcv2-25k	NA20809_hap1_hprc_r2_v1.0.1.merged	diagonal-distance	32	heuristic	1850842977	166356361	8988761	49224106	3.29	88128	2.7	17824	1.1	4612	81.06	45455952	757515	753261	4254	0
hprcv2-25k	NA20809_hap1_hprc_r2_v1.0.1.merged	diagonal-distance	64	heuristic	1850842977	146473082	6277217	42055875	3.37	81652	2.44	11588	0.86	4448	117.94	54241320	757515	741182	16333	0
hprcv2-25k	NA20809_hap1_hprc_r2_v1.0.1.merged	edit-distance	128	heuristic	1850842977	168352745	7759109	48487316	3.1	88808	2.76	17792	1.16	4480	33.68	15247408	757515	733115	24400	0
hprcv2-25k	NA20809_hap1_hprc_r2_v1.0.1.merged	edit-distance	16	heuristic	1850842977	404873709	35988240	121386869	3.67	94280	5.91	19832	3.97	4716	32.49	8906488	757515	757033	482	0
hprcv2-25k	NA20809_hap1_hprc_r2_v1.0.1.merged	edit-distance	256	heuristic	1850842977	144546402	5146318	41131354	3.35	81556	2.48	11420	0.9	4616	51.88	15075520	757515	717716	39799	0
hprcv2-25k	NA20809_hap1_hprc_r2_v1.0.1.merged	edit-distance	32	heuristic	1850842977	283190781	20723355	82678199	3.4	84784	4.24	13680	2.5	4640	26.04	12821392	757515	756335	1180	0
hprcv2-25k	NA20809_hap1_hprc_r2_v1.0.1.merged	edit-distance	64	heuristic	1850842977	210218029	12327941	60681266	3.3	84480	3.37	13668	1.66	4688	28.31	13564680	757515	752348	5167	0
hprcv2-25k	NA20809_hap2_hprc_r2_v1.0.1.merged	diagonal-distance	16	heuristic	1907207686	207266824	15271585	64553805	3.39	87844	3.32	13520	1.67	4664	51.87	29760548	738434	736760	1674	0
hprcv2-25k	NA20809_hap2_hprc_r2_v1.0.1.merged	diagonal-distance	32	heuristic	1907207686	170406906	10095177	51300592	3.42	86368	2.77	17468	1.22	4540	72.7	37159548	738434	733494	4940	0
hprcv2-25k	NA20809_hap2_hprc_r2_v1.0.1.merged	diagonal-distance	64	heuristic	1907207686	148280356	6998235	43221535	3.34	85744	2.49	17484	0.94	4508	102.13	42593108	738434	719750	18684	0
hprcv2-25k	NA20809_hap2_hprc_r2_v1.0.1.merged	edit-distance	128	heuristic	1907207686	169969722	8377801	49262588	3.27	85868	2.8	17496	1.2	4524	34.76	16417592	738434	710952	27482	0
hprcv2-25k	NA20809_hap2_hprc_r2_v1.0.1.merged	edit-distance	16	heuristic	1907207686	417137666	38705849	125826419	3.79	86352	5.95	11508	4.18	4656	34.56	9212776	738434	737913	521	0
hprcv2-25k	NA20809_hap2_hprc_r2_v1.0.1.merged	edit-distance	256	heuristic	1907207686	143863452	5418042	41092785	3.41	85372	2.46	17364	0.91	4616	54.56	16132916	738434	694049	44385	0
hprcv2-25k	NA20809_hap2_hprc_r2_v1.0.1.merged	edit-distance	32	heuristic	1907207686	291266644	22481159	85539996	3.37	83076	4.36	11408	2.66	4764	26.33	12415668	738434	737002	1432	0
hprcv2-25k	NA20809_hap2_hprc_r2_v1.0.1.merged	edit-distance	64	heuristic	1907207686	214706539	13452648	62424995	3.26	87180	3.38	17496	1.73	4740	29.13	14910556	738434	732583	5851	0
hprcv2-25k	NA20827_hap1_hprc_r2_v1.0.1.merged	diagonal-distance	16	heuristic	1995663659	218864515	14910491	67769516	3.76	81440	3.53	12308	1.68	4724	76.74	36036524	858342	856779	1563	0
hprcv2-25k	NA20827_hap1_hprc_r2_v1.0.1.merged	diagonal-distance	32	heuristic	1995663659	181919560	9812215	54541283	3.75	79684	3.01	12468	1.22	4600	75.24	35603932	858342	853784	4558	0
hprcv2-25k	NA20827_hap1_hprc_r2_v1.0.1.merged	diagonal-distance	64	heuristic	1995663659	160432949	6872856	46771978	3.64	85076	2.75	18516	0.96	4512	91.01	37518904	858342	841180	17162	0
hprcv2-25k	NA20827_hap1_hprc_r2_v1.0.1.merged	edit-distance	128	heuristic	1995663659	183527239	8399616	53535313	3.53	85752	3.1	18572	1.26	4476	36.53	14993052	858342	832527	25815	0
hprcv2-25k	NA20827_hap1_hprc_r2_v1.0.1.merged	edit-distance	16	heuristic	1995663659	437758192	38814463	131890852	3.94	87816	6.35	14528	4.17	4632	35.24	9152348	858342	857807	535	0
hprcv2-25k	NA20827_hap1_hprc_r2_v1.0.1.merged	edit-distance	256	heuristic	1995663659	157645298	5546103	45515817	3.58	79304	2.74	12276	1	4408	56.47	16272636	858342	816731	41611	0
hprcv2-25k	NA20827_hap1_hprc_r2_v1.0.1.merged	edit-distance	32	heuristic	1995663659	307072733	22383139	90316353	3.72	84772	4.68	12524	2.71	4756	27.85	10361792	858342	857065	1277	0
hprcv2-25k	NA20827_hap1_hprc_r2_v1.0.1.merged	edit-distance	64	heuristic	1995663659	228629408	13355183	66720273	3.59	87284	3.67	18284	1.8	4680	30.51	14301464	858342	852950	5392	0
hprcv2-25k	NA20827_hap2_hprc_r2_v1.0.1.merged	diagonal-distance	16	heuristic	2003109782	206499269	14461895	64427732	3.6	88744	3.39	20016	1.63	4736	105.55	49417828	786379	784880	1499	0
hprcv2-25k	NA20827_hap2_hprc_r2_v1.0.1.merged	diagonal-distance	32	heuristic	2003109782	170099841	9444874	51392298	3.41	89176	2.87	17888	1.16	4564	111.6	49931152	786379	782014	4365	0
hprcv2-25k	NA20827_hap2_hprc_r2_v1.0.1.merged	diagonal-distance	64	heuristic	2003109782	149130971	6588069	43825457	3.49	85008	2.53	17760	0.91	4484	125.83	51808444	786379	769584	16795	0
hprcv2-25k	NA20827_hap2_hprc_r2_v1.0.1.merged	edit-distance	128	heuristic	2003109782	173150960	8249710	50801895	3.4	87768	2.91	17908	1.22	4384	35.64	15488612	786379	761191	25188	0
hprcv2-25k	NA20827_hap2_hprc_r2_v1.0.1.merged	edit-distance	16	heuristic	2003109782	427816224	38782733	128944057	3.96	87508	6.14	11972	4.26	4708	32.54	8465876	786379	785888	491	0
hprcv2-25k	NA20827_hap2_hprc_r2_v1.0.1.merged	edit-distance	256	heuristic	2003109782	147430014	5423749	42880739	3.11	83348	2.55	13888	0.95	4468	56	14354428	786379	745742	40637	0
hprcv2-25k	NA20827_hap2_hprc_r2_v1.0.1.merged	edit-distance	32	heuristic	2003109782	296646459	22249559	87449953	3.62	84308	4.51	11896	2.65	4668	27.22	10946216	786379	785156	1223	0
hprcv2-25k	NA20827_hap2_hprc_r2_v1.0.1.merged	edit-distance	64	heuristic	2003109782	218176713	13193839	63910924	3.46	82004	3.51	11720	1.74	4812	30	15033208	786379	781259	5120	0
hprcv2-25k	NA20850_hap1_hprc_r2_v1.0.1.merged	diagonal-distance	16	heuristic	1682081699	187112665	12342321	56903465	3.14	86624	3.01	17608	1.4	4496	117.84	55930108	741497	740177	1320	0
hprcv2-25k	NA20850_hap1_hprc_r2_v1.0.1.merged	diagonal-distance	32	heuristic	1682081699	156590779	8124199	45978345	3.04	86056	2.58	17428	1.04	4440	107.19	56510580	741497	737744	3753	0
hprcv2-25k	NA20850_hap1_hprc_r2_v1.0.1.merged	diagonal-distance	64	heuristic	1682081699	138898155	5701270	39582704	3.14	84616	2.3	17524	0.82	4484	106.05	54563112	741497	727499	13998	0
hprcv2-25k	NA20850_hap1_hprc_r2_v1.0.1.merged	edit-distance	128	heuristic	1682081699	158486809	7033218	45355277	2.95	85424	2.64	17372	1.08	4588	30.81	15382180	741497	720263	21234	0
hprcv2-25k	NA20850_hap1_hprc_r2_v1.0.1.merged	edit-distance	16	heuristic	1682081699	371529007	32700416	111114022	3.65	91076	5.35	15644	3.64	4804	28.27	9098232	741497	741044	453	0
hprcv2-25k	NA20850_hap1_hprc_r2_v1.0.1.merged	edit-distance	256	heuristic	1682081699	137000284	4658395	38713501	3.17	81572	2.34	13508	0.84	4540	48.17	16111308	741497	707177	34320	0
hprcv2-25k	NA20850_hap1_hprc_r2_v1.0.1.merged	edit-distance	32	heuristic	1682081699	262108244	18812830	76180735	2.95	87920	3.99	17428	2.28	4752	23.86	11558328	741497	740363	1134	0
hprcv2-25k	NA20850_hap1_hprc_r2_v1.0.1.merged	edit-distance	64	heuristic	1682081699	196222798	11201172	56374408	3.05	86724	3.14	17440	1.5	4316	25.87	14082752	741497	737008	4489	0
hprcv2-25k	NA20850_hap2_hprc_r2_v1.0.1.merged	diagonal-distance	16	heuristic	1775461966	184994490	12678796	57064330	3.06	79476	2.99	11144	1.43	4584	73.59	37942356	705699	704361	1338	0
hprcv2-25k	NA20850_hap2_hprc_r2_v1.0.1.merged	diagonal-distance	32	heuristic	1775461966	152956559	8279573	45617686	3.08	84072	2.55	17252	1.04	4668	81.04	41439064	705699	701845	3854	0
hprcv2-25k	NA20850_hap2_hprc_r2_v1.0.1.merged	diagonal-distance	64	heuristic	1775461966	134556434	5780611	38986214	3.17	83544	2.24	13204	0.81	4460	113.87	53609500	705699	691745	13954	0
hprcv2-25k	NA20850_hap2_hprc_r2_v1.0.1.merged	edit-distance	128	heuristic	1775461966	155818299	7232898	45175308	3.15	78096	2.59	11072	1.1	4520	32.59	16617724	705699	684143	21556	0
hprcv2-25k	NA20850_hap2_hprc_r2_v1.0.1.merged	edit-distance	16	heuristic	1775461966	381529335	34137032	114436212	3.43	87068	5.39	13000	3.74	4668	32.09	7928288	705699	705230	469	0
hprcv2-25k	NA20850_hap2_hprc_r2_v1.0.1.merged	edit-distance	256	heuristic	1775461966	133242693	4768044	38267791	3.14	77296	2.28	11168	0.82	4588	51.87	16762540	705699	670735	34964	0
hprcv2-25k	NA20850_hap2_hprc_r2_v1.0.1.merged	edit-distance	32	heuristic	1775461966	265314574	19579371	77671697	3.18	81664	3.98	11204	2.35	4748	24.91	9421732	705699	704567	1132	0
hprcv2-25k	NA20850_hap2_hprc_r2_v1.0.1.merged	edit-distance	64	heuristic	1775461966	195672193	11598089	56813748	3.1	78516	3.13	11016	1.51	4572	27.52	13376832	705699	701284	4415	0
hprcv2-25k	NA20870_hap1_hprc_r2_v1.0.1.merged	diagonal-distance	16	heuristic	2050955015	228951493	15229081	69749837	3.48	83740	3.71	12728	1.71	4624	47.45	24985792	900068	898446	1622	0
hprcv2-25k	NA20870_hap1_hprc_r2_v1.0.1.merged	diagonal-distance	32	heuristic	2050955015	190341893	9911167	55944717	3.89	86180	3.15	18936	1.26	4672	56.56	28095596	900068	895149	4919	0
hprcv2-25k	NA20870_hap1_hprc_r2_v1.0.1.merged	diagonal-distance	64	heuristic	2050955015	167861544	6843550	47829293	3.7	83912	2.81	18716	0.99	4412	89.52	36960572	900068	881901	18167	0
hprcv2-25k	NA20870_hap1_hprc_r2_v1.0.1.merged	edit-distance	128	heuristic	2050955015	192334458	8492318	55030906	3.85	88244	3.19	12728	1.31	4628	38.09	15570460	900068	873152	26916	0
hprcv2-25k	NA20870_hap1_hprc_r2_v1.0.1.merged	edit-distance	16	heuristic	2050955015	455746047	39943310	136415401	4.4	95012	6.56	18972	4.36	4892	38.88	8156408	900068	899541	527	0
hprcv2-25k	NA20870_hap1_hprc_r2_v1.0.1.merged	edit-distance	256	heuristic	2050955015	165785234	5580197	46823577	3.74	80980	2.86	12768	1.01	4472	57.61	15858060	900068	856836	43232	0
hprcv2-25k	NA20870_hap1_hprc_r2_v1.0.1.merged	edit-distance	32	heuristic	2050955015	320417450	22932663	93189711	3.75	91096	4.85	20936	2.79	4508	29.33	11808996	900068	898664	1404	0
hprcv2-25k	NA20870_hap1_hprc_r2_v1.0.1.merged	edit-distance	64	heuristic	2050955015	239055191	13597181	68657437	3.9	88972	3.92	18908	1.82	4692	31.93	14132728	900068	894388	5680	0
hprcv2-25k	NA20870_hap2_hprc_r2_v1.0.1.merged	diagonal-distance	16	heuristic	1962752878	209588985	14453239	64597130	3.65	87900	3.37	18036	1.62	4676	47.8	27057576	794719	793285	1434	0
hprcv2-25k	NA20870_hap2_hprc_r2_v1.0.1.merged	diagonal-distance	32	heuristic	1962752878	173191022	9445492	51580181	3.43	86560	2.87	18008	1.19	4436	53.85	26389788	794719	790413	4306	0
hprcv2-25k	NA20870_hap2_hprc_r2_v1.0.1.merged	diagonal-distance	64	heuristic	1962752878	152021975	6559027	43937191	3.48	85932	2.58	17920	0.95	4492	85.96	35242916	794719	778499	16220	0
hprcv2-25k	NA20870_hap2_hprc_r2_v1.0.1.merged	edit-distance	128	heuristic	1962752878	175467237	8144466	50751337	3.27	88368	2.93	17872	1.22	4428	36.41	16108012	794719	770523	24196	0
hprcv2-25k	NA20870_hap2_hprc_r2_v1.0.1.merged	edit-distance	16	heuristic	1962752878	426269677	38145935	128032833	3.88	91068	6.14	11984	4.25	4552	36.79	8550136	794719	794241	478	0
hprcv2-25k	NA20870_hap2_hprc_r2_v1.0.1.merged	edit-distance	256	heuristic	1962752878	150103896	5366976	42934860	3.54	85804	2.55	18072	0.93	4580	56.54	15925092	794719	756065	38654	0
hprcv2-25k	NA20870_hap2_hprc_r2_v1.0.1.merged	edit-distance	32	heuristic	1962752878	297519206	21940722	87045884	3.64	90316	4.45	17864	2.61	4572	27.68	10744852	794719	793488	1231	0
hprcv2-25k	NA20870_hap2_hprc_r2_v1.0.1.merged	edit-distance	64	heuristic	1962752878	220057294	13027597	63745905	3.65	85484	3.5	18132	1.71	4676	30.25	14748584	794719	789584	5135	0
hprcv2-25k	NA20905_hap1_hprc_r2_v1.0.1.merged	diagonal-distance	16	heuristic	1788074679	192651307	13646033	59594400	3.01	85896	3.06	16988	1.5	4540	49.83	29885776	709070	707705	1365	0
hprcv2-25k	NA20905_hap1_hprc_r2_v1.0.1.merged	diagonal-distance	32	heuristic	1788074679	158374331	8899248	47311876	3.04	85284	2.59	10936	1.09	4512	56.22	31874960	709070	705151	3919	0
hprcv2-25k	NA20905_hap1_hprc_r2_v1.0.1.merged	diagonal-distance	64	heuristic	1788074679	138659327	6195994	40181941	3.06	84464	2.3	17112	0.84	4500	80.89	38527508	709070	694150	14920	0
hprcv2-25k	NA20905_hap1_hprc_r2_v1.0.1.merged	edit-distance	128	heuristic	1788074679	159667971	7576062	46190410	3.11	85024	2.62	17124	1.11	4248	32.9	16498588	709070	686377	22693	0
hprcv2-25k	NA20905_hap1_hprc_r2_v1.0.1.merged	edit-distance	16	heuristic	1788074679	389548159	35209021	117374532	3.4	91068	5.58	19272	3.87	4784	30.59	8275992	709070	708610	460	0
hprcv2-25k	NA20905_hap1_hprc_r2_v1.0.1.merged	edit-distance	256	heuristic	1788074679	136056051	4966200	38868914	3.06	83972	2.31	17160	0.85	4412	50.96	15594128	709070	671932	37138	0
hprcv2-25k	NA20905_hap1_hprc_r2_v1.0.1.merged	edit-distance	32	heuristic	1788074679	271922313	20311137	79650567	3.01	83468	4.06	11012	2.43	4620	25.13	9545384	709070	707955	1115	0
hprcv2-25k	NA20905_hap1_hprc_r2_v1.0.1.merged	edit-distance	64	heuristic	1788074679	200807114	12103990	58201611	2.99	85500	3.16	17188	1.6	4496	27.76	13812428	709070	704426	4644	0
hprcv2-25k	NA20905_hap2_hprc_r2_v1.0.1.merged	diagonal-distance	16	heuristic	2732609256	281148788	20095213	87438842	4.62	83992	4.53	13756	2.27	4720	75.81	31239248	1024643	1022535	2108	0
hprcv2-25k	NA20905_hap2_hprc_r2_v1.0.1.merged	diagonal-distance	32	heuristic	2732609256	231753655	13276909	69754741	4.87	82720	3.85	13772	1.63	4668	104.93	36901592	1024643	1018646	5997	0
hprcv2-25k	NA20905_hap2_hprc_r2_v1.0.1.merged	diagonal-distance	64	heuristic	2732609256	202730516	9306854	59271981	4.81	88028	3.4	15800	1.25	4692	154.57	45255460	1024643	1001206	23437	0
hprcv2-25k	NA20905_hap2_hprc_r2_v1.0.1.merged	edit-distance	128	heuristic	2732609256	235092230	11532211	68613124	4.85	88588	3.88	19800	1.69	4692	49.1	16181376	1024643	989238	35405	0
hprcv2-25k	NA20905_hap2_hprc_r2_v1.0.1.merged	edit-distance	16	heuristic	2732609256	581957060	53245713	175262921	5.49	95360	8.35	20088	5.77	5104	48.62	9749600	1024643	1023934	709	0
hprcv2-25k	NA20905_hap2_hprc_r2_v1.0.1.merged	edit-distance	256	heuristic	2732609256	199802286	7625682	57710150	4.68	88224	3.42	13656	1.29	4584	76.46	15910324	1024643	966886	57757	0
hprcv2-25k	NA20905_hap2_hprc_r2_v1.0.1.merged	edit-distance	32	heuristic	2732609256	403569932	30705617	118698900	4.96	92340	6.08	13764	3.61	4976	37.38	10787076	1024643	1022887	1756	0
hprcv2-25k	NA20905_hap2_hprc_r2_v1.0.1.merged	edit-distance	64	heuristic	2732609256	296542376	18309388	86533053	4.66	83556	4.67	13920	2.36	4676	40.85	15281244	1024643	1017366	7277	0
hprcv2-25k	NA21093_hap1_hprc_r2_v1.0.1.merged	diagonal-distance	16	heuristic	2314685272	238573586	17236745	74278281	3.85	84128	3.8	12368	1.89	4620	75.63	33896220	855614	853910	1704	0
hprcv2-25k	NA21093_hap1_hprc_r2_v1.0.1.merged	diagonal-distance	32	heuristic	2314685272	195763405	11331616	58955941	3.82	82776	3.15	12368	1.37	4792	92.48	38643340	855614	850607	5007	0
hprcv2-25k	NA21093_hap1_hprc_r2_v1.0.1.merged	diagonal-distance	64	heuristic	2314685272	170929034	7938305	49987902	3.85	88736	2.84	18464	1.06	4828	127.82	45236040	855614	837084	18530	0
hprcv2-25k	NA21093_hap1_hprc_r2_v1.0.1.merged	edit-distance	128	heuristic	2314685272	198401529	9786242	57841490	3.83	87244	3.35	14476	1.43	4660	41.43	16079232	855614	828288	27326	0
hprcv2-25k	NA21093_hap1_hprc_r2_v1.0.1.merged	edit-distance	16	heuristic	2314685272	495000710	45278703	149153312	4.27	92136	7.04	14340	4.9	4936	45.55	10152540	855614	855060	554	0
hprcv2-25k	NA21093_hap1_hprc_r2_v1.0.1.merged	edit-distance	256	heuristic	2314685272	168245747	6467449	48540569	3.86	82688	2.89	12380	1.07	4656	65	16566692	855614	811603	44011	0
hprcv2-25k	NA21093_hap1_hprc_r2_v1.0.1.merged	edit-distance	32	heuristic	2314685272	342505670	26087627	100648556	3.9	87212	5.09	12352	3.11	4644	32.2	12134688	855614	854174	1440	0
hprcv2-25k	NA21093_hap1_hprc_r2_v1.0.1.merged	edit-distance	64	heuristic	2314685272	251081570	15556796	73161164	3.83	90372	3.96	18648	2	4676	35.05	14611576	855614	849636	5978	0
hprcv2-25k	NA21093_hap2_hprc_r2_v1.0.1.merged	diagonal-distance	16	heuristic	2113955669	222514334	15607678	68620186	3.54	87808	3.59	18232	1.73	4772	63.42	32664132	825728	824185	1543	0
hprcv2-25k	NA21093_hap2_hprc_r2_v1.0.1.merged	diagonal-distance	32	heuristic	2113955669	183735394	10253309	54728171	3.66	86752	3.02	18352	1.26	4460	70.93	33952144	825728	821188	4540	0
hprcv2-25k	NA21093_hap2_hprc_r2_v1.0.1.merged	diagonal-distance	64	heuristic	2113955669	161205024	7172193	46584064	3.77	85748	2.69	18152	0.96	4500	95.74	37985400	825728	808798	16930	0
hprcv2-25k	NA21093_hap2_hprc_r2_v1.0.1.merged	edit-distance	128	heuristic	2113955669	186494705	8912879	53929572	3.7	86168	3.08	18276	1.3	4444	38.38	17088220	825728	800197	25531	0
hprcv2-25k	NA21093_hap2_hprc_r2_v1.0.1.merged	edit-distance	16	heuristic	2113955669	455911754	41321427	136869263	4.07	93028	6.51	20484	4.5	4656	39.39	9365664	825728	825252	476	0
hprcv2-25k	NA21093_hap2_hprc_r2_v1.0.1.merged	edit-distance	256	heuristic	2113955669	159150074	5892793	45484703	3.77	83712	2.7	18276	1	4432	59.89	16499720	825728	784907	40821	0
hprcv2-25k	NA21093_hap2_hprc_r2_v1.0.1.merged	edit-distance	32	heuristic	2113955669	317512866	23795896	92853232	3.88	89388	4.79	18104	2.81	4472	29.72	9957376	825728	824433	1295	0
hprcv2-25k	NA21093_hap2_hprc_r2_v1.0.1.merged	edit-distance	64	heuristic	2113955669	234136888	14165661	67835132	3.99	87668	3.71	18352	1.88	4760	32.4	14604448	825728	820271	5457	0
hprcv2-25k	NA21102_hap1_hprc_r2_v1.0.1.merged	diagonal-distance	16	heuristic	1918301645	203740815	13743756	62278822	3.47	80860	3.26	11836	1.56	4584	49.38	29080912	783749	782460	1289	0
hprcv2-25k	NA21102_hap1_hprc_r2_v1.0.1.merged	diagonal-distance	32	heuristic	1918301645	169281585	9017444	49966386	3.45	85772	2.82	17788	1.14	4468	56.89	29797396	783749	779948	3801	0
hprcv2-25k	NA21102_hap1_hprc_r2_v1.0.1.merged	diagonal-distance	64	heuristic	1918301645	149270284	6300879	42753009	3.27	85308	2.48	11676	0.9	4480	85	36387956	783749	769236	14513	0
hprcv2-25k	NA21102_hap1_hprc_r2_v1.0.1.merged	edit-distance	128	heuristic	1918301645	172114247	7854032	49435818	3.42	79920	2.85	11724	1.19	4660	35.13	16444864	783749	761568	22181	0
hprcv2-25k	NA21102_hap1_hprc_r2_v1.0.1.merged	edit-distance	16	heuristic	1918301645	415207658	36849567	124188764	3.64	92324	5.94	11868	4.07	4664	35.19	8170820	783749	783305	444	0
hprcv2-25k	NA21102_hap1_hprc_r2_v1.0.1.merged	edit-distance	256	heuristic	1918301645	147601101	5173866	41881533	3.32	79692	2.52	11644	0.91	4556	54.01	15291740	783749	747749	36000	0
hprcv2-25k	NA21102_hap1_hprc_r2_v1.0.1.merged	edit-distance	32	heuristic	1918301645	290123658	21165029	84517892	3.49	89296	4.34	11796	2.55	4592	27.16	8724236	783749	782647	1102	0
hprcv2-25k	NA21102_hap1_hprc_r2_v1.0.1.merged	edit-distance	64	heuristic	1918301645	215138058	12567731	62010327	3.56	80608	3.44	11760	1.67	4624	29.67	12801752	783749	779206	4543	0
hprcv2-25k	NA21102_hap2_hprc_r2_v1.0.1.merged	diagonal-distance	16	heuristic	2104112151	216711368	15009753	66560132	3.82	85492	3.48	14056	1.67	4796	76	35445848	810001	808572	1429	0
hprcv2-25k	NA21102_hap2_hprc_r2_v1.0.1.merged	diagonal-distance	32	heuristic	2104112151	178544402	9768177	52915626	3.7	84372	2.95	11940	1.21	4520	77.43	35671504	810001	805804	4197	0
hprcv2-25k	NA21102_hap2_hprc_r2_v1.0.1.merged	diagonal-distance	64	heuristic	2104112151	156617458	6792338	45021968	3.65	84132	2.65	14060	0.94	4412	103.77	39639708	810001	793714	16287	0
hprcv2-25k	NA21102_hap2_hprc_r2_v1.0.1.merged	edit-distance	128	heuristic	2104112151	182390592	8599914	52502578	3.79	84316	3.02	14136	1.27	4452	38.31	16444052	810001	785215	24786	0
hprcv2-25k	NA21102_hap2_hprc_r2_v1.0.1.merged	edit-distance	16	heuristic	2104112151	450086145	40636751	134794695	4.13	90900	6.37	12008	4.45	4744	38.42	9838244	810001	809510	491	0
hprcv2-25k	NA21102_hap2_hprc_r2_v1.0.1.merged	edit-distance	256	heuristic	2104112151	155097691	5594246	44077867	3.71	84340	2.66	14160	0.97	4536	58.74	16589888	810001	769443	40558	0
hprcv2-25k	NA21102_hap2_hprc_r2_v1.0.1.merged	edit-distance	32	heuristic	2104112151	312279261	23280455	91067512	3.82	84920	4.66	11916	2.78	4692	29.35	11249872	810001	808793	1208	0
hprcv2-25k	NA21102_hap2_hprc_r2_v1.0.1.merged	edit-distance	64	heuristic	2104112151	229596269	13766928	66257072	3.68	85488	3.62	14020	1.79	4680	32.14	13404720	810001	804941	5060	0
hprcv2-25k	NA21106_hap1_hprc_r2_v1.0.1.merged	diagonal-distance	16	heuristic	2559713165	267302427	19287308	83381173	4.4	87652	4.41	13376	2.17	4756	91.55	35427804	975466	973393	2073	0
hprcv2-25k	NA21106_hap1_hprc_r2_v1.0.1.merged	diagonal-distance	32	heuristic	2559713165	219474174	12665066	66245613	4.47	86072	3.62	13288	1.51	4704	104.56	39981592	975466	969574	5892	0
hprcv2-25k	NA21106_hap1_hprc_r2_v1.0.1.merged	diagonal-distance	64	heuristic	2559713165	191319435	8791833	56040524	4.29	84432	3.2	13460	1.19	4660	129.23	43485424	975466	953427	22039	0
hprcv2-25k	NA21106_hap1_hprc_r2_v1.0.1.merged	edit-distance	128	heuristic	2559713165	221613510	10807050	64660182	4.47	87908	3.68	15412	1.59	4556	46.67	18149468	975466	943074	32392	0
hprcv2-25k	NA21106_hap1_hprc_r2_v1.0.1.merged	edit-distance	16	heuristic	2559713165	551086027	50537600	166291649	5.29	94364	7.79	15456	5.53	4868	46.94	8442092	975466	974805	661	0
hprcv2-25k	NA21106_hap1_hprc_r2_v1.0.1.merged	edit-distance	256	heuristic	2559713165	187688966	7043448	54138868	4.46	84844	3.22	13324	1.18	4696	71.91	16116008	975466	922779	52687	0
hprcv2-25k	NA21106_hap1_hprc_r2_v1.0.1.merged	edit-distance	32	heuristic	2559713165	382341893	29135459	112506891	4.54	89692	5.68	13408	3.48	4568	36.17	10928616	975466	973782	1684	0
hprcv2-25k	NA21106_hap1_hprc_r2_v1.0.1.merged	edit-distance	64	heuristic	2559713165	280481747	17337039	81884735	4.3	89176	4.54	13520	2.23	4676	38.95	13857540	975466	968538	6928	0
hprcv2-25k	NA21106_hap2_hprc_r2_v1.0.1.merged	diagonal-distance	16	heuristic	2352071823	255257400	17287488	78166632	4.29	86552	4.13	19556	1.96	4644	56.39	26119116	983491	981819	1672	0
hprcv2-25k	NA21106_hap2_hprc_r2_v1.0.1.merged	diagonal-distance	32	heuristic	2352071823	212060576	11346863	62714707	4.12	89176	3.5	19496	1.43	4608	63.73	28396816	983491	978612	4879	0
hprcv2-25k	NA21106_hap2_hprc_r2_v1.0.1.merged	diagonal-distance	64	heuristic	2352071823	187324168	7982824	53789831	4.33	89660	3.14	21428	1.11	4612	105.29	39878088	983491	964908	18583	0
hprcv2-25k	NA21106_hap2_hprc_r2_v1.0.1.merged	edit-distance	128	heuristic	2352071823	214946854	9846927	61931911	4.21	89412	3.58	19472	1.47	4780	42.52	17538084	983491	955179	28312	0
hprcv2-25k	NA21106_hap2_hprc_r2_v1.0.1.merged	edit-distance	16	heuristic	2352071823	513722165	45509495	153964732	4.88	94796	7.43	19676	4.98	5044	44.33	9819300	983491	982930	561	0
hprcv2-25k	NA21106_hap2_hprc_r2_v1.0.1.merged	edit-distance	256	heuristic	2352071823	184943292	6562169	52671590	4.29	89580	3.15	19480	1.15	4660	65.64	14908660	983491	936842	46649	0
hprcv2-25k	NA21106_hap2_hprc_r2_v1.0.1.merged	edit-distance	32	heuristic	2352071823	360117224	26207107	105067432	4.45	88152	5.4	15596	3.16	4752	33.31	12481652	983491	982117	1374	0
hprcv2-25k	NA21106_hap2_hprc_r2_v1.0.1.merged	edit-distance	64	heuristic	2352071823	267692711	15613637	77318949	4.28	86520	4.27	15492	2.06	4604	36.05	13877848	983491	977598	5893	0
hprcv2-25k	NA21110_hap1_hprc_r2_v1.0.1.merged	diagonal-distance	16	heuristic	2188353217	232551072	17184504	72750675	3.85	89504	3.75	18260	1.84	4740	57.26	27693820	830916	829067	1849	0
hprcv2-25k	NA21110_hap1_hprc_r2_v1.0.1.merged	diagonal-distance	32	heuristic	2188353217	190655119	11320035	57698408	3.76	87536	3.15	16332	1.33	4564	68.69	32194740	830916	825543	5373	0
hprcv2-25k	NA21110_hap1_hprc_r2_v1.0.1.merged	diagonal-distance	64	heuristic	2188353217	165316507	7785248	48465839	3.71	87620	2.78	18292	1.04	4432	102.72	37815908	830916	810079	20837	0
hprcv2-25k	NA21110_hap1_hprc_r2_v1.0.1.merged	edit-distance	128	heuristic	2188353217	190893925	9450918	55590615	3.71	88068	3.17	18344	1.34	4444	40.41	16737788	830916	800438	30478	0
hprcv2-25k	NA21110_hap1_hprc_r2_v1.0.1.merged	edit-distance	16	heuristic	2188353217	475166055	44230172	143532415	4.21	94064	6.8	18516	4.85	4788	42.22	8510944	830916	830311	605	0
hprcv2-25k	NA21110_hap1_hprc_r2_v1.0.1.merged	edit-distance	256	heuristic	2188353217	161035897	6082951	46277922	3.72	85604	2.75	18348	1.01	4452	62.62	15617096	830916	781481	49435	0
hprcv2-25k	NA21110_hap1_hprc_r2_v1.0.1.merged	edit-distance	32	heuristic	2188353217	330045756	25597760	97234767	3.89	87116	4.95	14120	2.97	4712	30.28	10552964	830916	829302	1614	0
hprcv2-25k	NA21110_hap1_hprc_r2_v1.0.1.merged	edit-distance	64	heuristic	2188353217	242215828	15263726	70715376	3.56	88824	3.84	18220	1.94	4672	33.29	14446960	830916	824420	6496	0
hprcv2-25k	NA21110_hap2_hprc_r2_v1.0.1.merged	diagonal-distance	16	heuristic	1866220142	195729094	13338120	60312967	3.4	87252	3.17	17712	1.51	4780	49.58	28836480	753761	752266	1495	0
hprcv2-25k	NA21110_hap2_hprc_r2_v1.0.1.merged	diagonal-distance	32	heuristic	1866220142	161676566	8666020	48140343	3.21	85328	2.67	17652	1.09	4440	56.26	30839460	753761	749621	4140	0
hprcv2-25k	NA21110_hap2_hprc_r2_v1.0.1.merged	diagonal-distance	64	heuristic	1866220142	142057681	6004276	41073741	3.45	84740	2.38	17592	0.84	4556	83.37	38468444	753761	738195	15566	0
hprcv2-25k	NA21110_hap2_hprc_r2_v1.0.1.merged	edit-distance	128	heuristic	1866220142	164866237	7586618	47756221	3.34	85884	2.75	17480	1.15	4520	34.6	15622628	753761	730133	23628	0
hprcv2-25k	NA21110_hap2_hprc_r2_v1.0.1.merged	edit-distance	16	heuristic	1866220142	402846082	35897595	120870521	3.74	91868	5.78	17800	3.95	4752	36.92	9305992	753761	753236	525	0
hprcv2-25k	NA21110_hap2_hprc_r2_v1.0.1.merged	edit-distance	256	heuristic	1866220142	140919765	4973399	40388518	3.34	85372	2.46	17532	0.88	4452	54.41	15149588	753761	715706	38055	0
hprcv2-25k	NA21110_hap2_hprc_r2_v1.0.1.merged	edit-distance	32	heuristic	1866220142	280388040	20562516	82010931	3.47	89056	4.22	11520	2.45	4700	26.63	10425452	753761	752583	1178	0
hprcv2-25k	NA21110_hap2_hprc_r2_v1.0.1.merged	edit-distance	64	heuristic	1866220142	206844770	12165745	60001922	3.35	82924	3.28	13476	1.62	4768	29.22	14820512	753761	748704	5057	0
hprcv2-25k	NA21144_hap1_hprc_r2_v1.0.1.merged	diagonal-distance	16	heuristic	2171935005	238066619	15585523	72582911	4.12	85452	3.87	15332	1.77	4744	64.74	31749576	958029	956390	1639	0
hprcv2-25k	NA21144_hap1_hprc_r2_v1.0.1.merged	diagonal-distance	32	heuristic	2171935005	198177256	10106356	58325246	4.04	88396	3.32	19320	1.29	4628	81.74	38791328	958029	953415	4614	0
hprcv2-25k	NA21144_hap1_hprc_r2_v1.0.1.merged	diagonal-distance	64	heuristic	2171935005	175228751	6985794	50051941	4.01	87564	2.97	19364	1.03	4452	111.23	44246496	958029	940162	17867	0
hprcv2-25k	NA21144_hap1_hprc_r2_v1.0.1.merged	edit-distance	128	heuristic	2171935005	201479151	8803512	57825461	3.95	84052	3.43	15280	1.35	4496	39.95	16489160	958029	930598	27431	0
hprcv2-25k	NA21144_hap1_hprc_r2_v1.0.1.merged	edit-distance	16	heuristic	2171935005	477562266	41799290	142933773	4.62	94580	6.93	19280	4.6	4796	37.58	9667896	958029	957462	567	0
hprcv2-25k	NA21144_hap1_hprc_r2_v1.0.1.merged	edit-distance	256	heuristic	2171935005	173841187	5780087	49304432	3.9	83356	3.07	15268	1.07	4516	62.15	15932940	958029	913795	44234	0
hprcv2-25k	NA21144_hap1_hprc_r2_v1.0.1.merged	edit-distance	32	heuristic	2171935005	335623437	23939394	97735657	4.14	91620	5.09	19360	2.88	4624	30.83	11603264	958029	956678	1351	0
hprcv2-25k	NA21144_hap1_hprc_r2_v1.0.1.merged	edit-distance	64	heuristic	2171935005	250237277	14135708	72054740	4.03	86168	4.01	15124	1.91	4700	33.53	15527968	958029	952452	5577	0
hprcv2-25k	NA21144_hap2_hprc_r2_v1.0.1.merged	diagonal-distance	16	heuristic	2327307719	242503569	16947816	75024975	4.06	86152	3.87	14920	1.88	4688	61.89	30435060	908589	906906	1683	0
hprcv2-25k	NA21144_hap2_hprc_r2_v1.0.1.merged	diagonal-distance	32	heuristic	2327307719	199956007	11089979	59809730	4.02	88088	3.31	18960	1.38	4768	80.39	34892480	908589	903492	5097	0
hprcv2-25k	NA21144_hap2_hprc_r2_v1.0.1.merged	diagonal-distance	64	heuristic	2327307719	175179051	7707252	50858740	3.86	81432	2.96	12832	1.06	4684	111.21	39954324	908589	889788	18801	0
hprcv2-25k	NA21144_hap2_hprc_r2_v1.0.1.merged	edit-distance	128	heuristic	2327307719	203103208	9620968	58964872	3.83	82652	3.36	12760	1.44	4712	42.54	17709936	908589	880401	28188	0
hprcv2-25k	NA21144_hap2_hprc_r2_v1.0.1.merged	edit-distance	16	heuristic	2327307719	499936576	45185844	150267202	4.69	89052	7.2	16900	5	4920	41.05	9023644	908589	908043	546	0
hprcv2-25k	NA21144_hap2_hprc_r2_v1.0.1.merged	edit-distance	256	heuristic	2327307719	172840676	6279357	49589484	4.05	83840	2.98	14988	1.08	4568	65.01	15466708	908589	863218	45371	0
hprcv2-25k	NA21144_hap2_hprc_r2_v1.0.1.merged	edit-distance	32	heuristic	2327307719	347506734	25968267	101829775	4.19	84812	5.21	12880	3.1	4780	32.15	10637036	908589	907187	1402	0
hprcv2-25k	NA21144_hap2_hprc_r2_v1.0.1.merged	edit-distance	64	heuristic	2327307719	255750693	15411256	74329061	4.22	83008	4.05	12784	1.98	4676	35.51	14701528	908589	902675	5914	0
hprcv2-25k	NA21309_mat_hprc_r2_v1.0.1.merged	diagonal-distance	16	heuristic	1851056671	192966118	13258617	59289267	3.26	85412	3.1	13220	1.47	4688	42.46	29603688	726846	725548	1298	0
hprcv2-25k	NA21309_mat_hprc_r2_v1.0.1.merged	diagonal-distance	32	heuristic	1851056671	159197326	8612098	47199957	3.3	83892	2.62	13316	1.07	4588	49.44	29246884	726846	722979	3867	0
hprcv2-25k	NA21309_mat_hprc_r2_v1.0.1.merged	diagonal-distance	64	heuristic	1851056671	139893691	5988040	40230761	3.23	86720	2.31	17372	0.83	4672	77.48	36431640	726846	711790	15056	0
hprcv2-25k	NA21309_mat_hprc_r2_v1.0.1.merged	edit-distance	128	heuristic	1851056671	162316902	7551290	46707497	3.38	83444	2.72	13152	1.12	4468	32.14	14728584	726846	704320	22526	0
hprcv2-25k	NA21309_mat_hprc_r2_v1.0.1.merged	edit-distance	16	heuristic	1851056671	397893120	35639750	118690501	3.86	88276	5.62	11200	3.87	4872	32.42	7361416	726846	726438	408	0
hprcv2-25k	NA21309_mat_hprc_r2_v1.0.1.merged	edit-distance	256	heuristic	1851056671	138834114	4984037	39494925	3.23	87084	2.34	15336	0.86	4500	51.86	16481276	726846	690715	36131	0
hprcv2-25k	NA21309_mat_hprc_r2_v1.0.1.merged	edit-distance	32	heuristic	1851056671	276778907	20423900	80424448	3.33	84992	4.12	11344	2.41	4612	24.32	8754352	726846	725809	1037	0
hprcv2-25k	NA21309_mat_hprc_r2_v1.0.1.merged	edit-distance	64	heuristic	1851056671	203947677	12088753	58740572	3.36	82176	3.23	11332	1.59	4584	26.45	11244328	726846	722272	4574	0
hprcv2-25k	NA21309_pat_hprc_r2_v1.0.1.merged	diagonal-distance	16	heuristic	2306586682	235091115	16590513	72932731	4.03	84148	3.78	12212	1.85	4596	75.2	38838392	868550	866906	1644	0
hprcv2-25k	NA21309_pat_hprc_r2_v1.0.1.merged	diagonal-distance	32	heuristic	2306586682	193044182	10788556	57875557	3.98	83712	3.17	14424	1.34	4448	78.03	38269512	868550	863679	4871	0
hprcv2-25k	NA21309_pat_hprc_r2_v1.0.1.merged	diagonal-distance	64	heuristic	2306586682	168747394	7471282	49090563	3.66	84304	2.79	14440	1.03	4508	105.13	42220196	868550	850304	18246	0
hprcv2-25k	NA21309_pat_hprc_r2_v1.0.1.merged	edit-distance	128	heuristic	2306586682	196782329	9418102	57086344	4.02	84888	3.23	12472	1.38	4500	39.65	16889928	868550	841009	27541	0
hprcv2-25k	NA21309_pat_hprc_r2_v1.0.1.merged	edit-distance	16	heuristic	2306586682	491652717	44663258	147175396	4.51	89140	6.91	12468	4.88	4672	41.13	8226380	868550	868015	535	0
hprcv2-25k	NA21309_pat_hprc_r2_v1.0.1.merged	edit-distance	256	heuristic	2306586682	167206616	6168111	47979712	3.91	82140	2.86	12400	1.04	4504	63.15	16065856	868550	823693	44857	0
hprcv2-25k	NA21309_pat_hprc_r2_v1.0.1.merged	edit-distance	32	heuristic	2306586682	339935793	25581426	99295514	4.07	86428	5.19	12412	3.03	4760	30.46	9433992	868550	867144	1406	0
hprcv2-25k	NA21309_pat_hprc_r2_v1.0.1.merged	edit-distance	64	heuristic	2306586682	248979340	15135309	72190949	4.08	85136	3.88	14484	1.94	4664	32.81	12848496	868550	862826	5724	0
hprcv2-25k	chm13v2.0_maskedY_rCRS.fa.PanSN.merged	diagonal-distance	16	heuristic	16965318656	1792870776	126992089	577941628	30.84	106272	29.53	73396	14.37	10612	548.65	31150396	7149766	7136093	13673	0
hprcv2-25k	chm13v2.0_maskedY_rCRS.fa.PanSN.merged	diagonal-distance	32	heuristic	16965318656	1470762228	82657531	462719076	29.58	103632	25.23	73360	10.43	10252	655.83	37534484	7149766	7110841	38925	0
hprcv2-25k	chm13v2.0_maskedY_rCRS.fa.PanSN.merged	diagonal-distance	64	heuristic	16965318656	1285318242	57420301	395849044	30.57	96948	22.28	67276	8.07	10480	981.4	48958756	7149766	7001742	148024	0
hprcv2-25k	chm13v2.0_maskedY_rCRS.fa.PanSN.merged	edit-distance	128	heuristic	16965318656	1487934477	70960186	455391474	30.43	101532	25.86	73216	10.61	10396	400.23	15133624	7149766	6930310	219456	0
hprcv2-25k	chm13v2.0_maskedY_rCRS.fa.PanSN.merged	edit-distance	16	heuristic	16965318656	3674521848	331014395	1130514503	34.73	106360	52.88	73652	35.86	10684	372.36	15278896	7149766	7145378	4388	0
hprcv2-25k	chm13v2.0_maskedY_rCRS.fa.PanSN.merged	edit-distance	256	heuristic	16965318656	1268807661	47089469	387897866	29.4	103632	22.67	73512	8.29	10360	511.79	17438920	7149766	6797890	351876	0
hprcv2-25k	chm13v2.0_maskedY_rCRS.fa.PanSN.merged	edit-distance	32	heuristic	16965318656	2551486416	190379230	771801947	31.84	105532	39.31	73436	22.96	10760	382.03	13515532	7149766	7138671	11095	0
hprcv2-25k	chm13v2.0_maskedY_rCRS.fa.PanSN.merged	edit-distance	64	heuristic	16965318656	1875525533	113124784	568322869	30.25	98100	30.88	67324	15	10328	377.18	14001068	7149766	7103940	45826	0
hprcv2-25k	hg002v1.1.mat_MT.PanSN.merged	diagonal-distance	16	heuristic	1892725473	191794232	13476287	61212146	3.45	89164	3.21	17784	1.53	4672	139.7	57641708	767068	765780	1288	0
hprcv2-25k	hg002v1.1.mat_MT.PanSN.merged	diagonal-distance	32	heuristic	1892725473	157686546	8802236	49024117	3.53	90104	2.73	15580	1.11	4576	117.41	56906252	767068	763203	3865	0
hprcv2-25k	hg002v1.1.mat_MT.PanSN.merged	diagonal-distance	64	heuristic	1892725473	138083864	6149003	41969233	3.5	87364	2.42	17764	0.86	4420	118.88	55537488	767068	752296	14772	0
hprcv2-25k	hg002v1.1.mat_MT.PanSN.merged	edit-distance	128	heuristic	1892725473	161242198	7772100	48811624	3.3	82088	2.8	17596	1.16	4484	34.9	17122812	767068	744848	22220	0
hprcv2-25k	hg002v1.1.mat_MT.PanSN.merged	edit-distance	16	heuristic	1892725473	402382710	36479720	122912660	3.56	87768	5.86	11636	4	4772	37.16	9604540	767068	766656	412	0
hprcv2-25k	hg002v1.1.mat_MT.PanSN.merged	edit-distance	256	heuristic	1892725473	137252587	5163992	41460085	3.36	87712	2.49	17664	0.9	4612	53.86	16295744	767068	731364	35704	0
hprcv2-25k	hg002v1.1.mat_MT.PanSN.merged	edit-distance	32	heuristic	1892725473	277975608	20900737	83476369	3.43	84976	4.26	11552	2.51	4580	27.28	12443608	767068	765978	1090	0
hprcv2-25k	hg002v1.1.mat_MT.PanSN.merged	edit-distance	64	heuristic	1892725473	203548603	12381926	61146738	3.55	82740	3.33	11616	1.62	4624	29.61	15624388	767068	762450	4618	0
hprcv2-25k	hg002v1.1.pat.PanSN.merged	diagonal-distance	16	heuristic	1668152672	179431293	12944869	57563167	3.22	85884	3.05	17072	1.44	4476	45.52	27343312	705249	703921	1328	0
hprcv2-25k	hg002v1.1.pat.PanSN.merged	diagonal-distance	32	heuristic	1668152672	147377752	8509809	46088189	3.09	84892	2.54	17108	1.04	4344	54.89	28380308	705249	701284	3965	0
hprcv2-25k	hg002v1.1.pat.PanSN.merged	diagonal-distance	64	heuristic	1668152672	128733694	5950749	39344908	3.01	82324	2.26	17044	0.84	4528	102.02	35255540	705249	690183	15066	0
hprcv2-25k	hg002v1.1.pat.PanSN.merged	edit-distance	128	heuristic	1668152672	148006002	7201764	44971167	3.17	85144	2.59	17116	1.08	4480	31.05	15214452	705249	682061	23188	0
hprcv2-25k	hg002v1.1.pat.PanSN.merged	edit-distance	16	heuristic	1668152672	363671815	33062805	111689301	3.42	85796	5.29	17044	3.63	4604	27.79	9413312	705249	704802	447	0
hprcv2-25k	hg002v1.1.pat.PanSN.merged	edit-distance	256	heuristic	1668152672	125909032	4753064	38095537	3.03	85004	2.28	17036	0.82	4364	48.52	15352664	705249	667677	37572	0
hprcv2-25k	hg002v1.1.pat.PanSN.merged	edit-distance	32	heuristic	1668152672	253080022	19118393	76330588	2.86	82268	3.93	10840	2.3	4580	23.7	9706516	705249	704109	1140	0
hprcv2-25k	hg002v1.1.pat.PanSN.merged	edit-distance	64	heuristic	1668152672	186421901	11430108	56210385	2.93	80124	3.14	10920	1.52	4424	26.25	15556336	705249	700503	4746	0
